一,one  এক,,1,1,Jōyō Kanji
二,two  দুই,,2,2,Jōyō Kanji
三,three  তিন,,3,3,Jōyō Kanji
四,four  চার,,5,4,Jōyō Kanji
五,five  পাঁচ,,4,5,Jōyō Kanji
六,six  ছয়,,4,6,Jōyō Kanji
七,seven  সাত,,2,7,Jōyō Kanji
八,eight  আট,,2,8,Jōyō Kanji
九,nine  নয়,,2,9,Jōyō Kanji
十,ten  দশ,,2,10,Jōyō Kanji
口,mouth  মুখ,,3,11,Jōyō Kanji
日,sun/day  সূর্য/দিন,,4,12,Jōyō Kanji
月,moon/month  চাঁদ/মাস,,4,13,Jōyō Kanji
田,rice field  ধানক্ষেত,,5,14,Jōyō Kanji
目,eye  চোখ,,5,15,Jōyō Kanji
古,old  পুরোনো,,5,16,Jōyō Kanji
吾,I/me  আমি,,7,17,Jinmeiyō Kanji
冒,risk  ঝুঁকি নেওয়া,,9,18,Jōyō Kanji
朋,friend  বন্ধু,,8,19,Jinmeiyō Kanji
明,bright  উজ্জ্বল,,8,20,Jōyō Kanji
唱,sing/chant  গান গাওয়া,,11,21,Jōyō Kanji
晶,crystal  স্ফটিক,,12,22,Jōyō Kanji
品,goods/product  পণ্য,,9,23,Jōyō Kanji
呂,spine  মেরুদণ্ড,,7,24,Jōyō Kanji
昌,prosperous  সমৃদ্ধ,,8,25,Jinmeiyō Kanji
早,early  তাড়াতাড়ি,,6,26,Jōyō Kanji
旭,morning sun  সকালের সূর্য,,6,27,Jinmeiyō Kanji
世,world/generation  পৃথিবী/প্রজন্ম,,5,28,Jōyō Kanji
胃,stomach  পাকস্থলী,,9,29,Jōyō Kanji
旦,dawn  ভোর,,5,30,Jōyō Kanji
胆,gallbladder/courage  পিত্তথলি/সাহস,,9,31,Jōyō Kanji
亘,span across  জুড়ে বিস্তৃত হওয়া,,6,32,Jinmeiyō Kanji
凹,concave  অবতল,,5,33,Jōyō Kanji
凸,convex  উত্তল,,5,34,Jōyō Kanji
旧,old/former  পুরোনো/সাবেক,,5,35,Jōyō Kanji
自,self  নিজে,,6,36,Jōyō Kanji
白,white  সাদা,,5,37,Jōyō Kanji
百,hundred  একশ,,6,38,Jōyō Kanji
中,inside/middle  ভিতর/মাঝ,,4,39,Jōyō Kanji
千,thousand  এক হাজার,,3,40,Jōyō Kanji
舌,tongue  জিহ্বা,,6,41,Jōyō Kanji
升,rise/measure  ওঠা/পরিমাপের পাত্র,,4,42,Jōyō Kanji
昇,rise/ascend  ওঠা/আরোহণ করা,,8,43,Jōyō Kanji
丸,round/circle  গোল,,3,44,Jōyō Kanji
寸,sun/inch  ইঞ্চি/প্রাচীন দৈর্ঘ্যের একক,,3,45,Jōyō Kanji
専,specialize  বিশেষায়িত হওয়া,,9,46,Jōyō Kanji
博,wide/broad  বিস্তৃত,,12,47,Jōyō Kanji
占,occupy/divine  দখল করা/ভবিষ্যৎ গণনা করা,,5,48,Jōyō Kanji
上,up/above  উপরে,,3,49,Jōyō Kanji
下,down/below  নিচে,,3,50,Jōyō Kanji
卓,table  টেবিল,,8,51,Jōyō Kanji
朝,morning  সকাল,,12,52,Jōyō Kanji
只,only  শুধু,,5,53,Jinmeiyō Kanji
貝,shell  ঝিনুকের খোলস,,7,54,Jōyō Kanji
貞,upright/chaste  সৎ/সতী,,9,55,Jōyō Kanji
員,member  সদস্য,,10,56,Jōyō Kanji
見,see  দেখা,,7,57,Jōyō Kanji
児,child  শিশু,,7,58,Jōyō Kanji
元,origin/former  মূল/সাবেক,,4,59,Jōyō Kanji
頁,page  পৃষ্ঠা,,9,60,Jinmeiyō Kanji
頑,stubborn  একগুঁয়ে,,13,61,Jōyō Kanji
凡,ordinary  সাধারণ,,3,62,Jōyō Kanji
負,lose/bear  হারা/বহন করা,,9,63,Jōyō Kanji
万,ten thousand  দশ হাজার,,3,64,Jōyō Kanji
句,phrase/sentence  বাক্যাংশ/বাক্য,,5,65,Jōyō Kanji
肌,skin  ত্বক,,6,66,Jōyō Kanji
旬,ten-day period  দশ দিনের সময়কাল,,6,67,Jōyō Kanji
勺,ladle/unit  হাতা/প্রাচীন পরিমাপের একক,,3,68,Jinmeiyō Kanji
的,target  লক্ষ্য,,8,69,Jōyō Kanji
首,neck/head  ঘাড়/মাথা,,9,70,Jōyō Kanji
乙,second/latter  দ্বিতীয়/পরের,,1,71,Jōyō Kanji
乱,disorder  বিশৃঙ্খলা,,7,72,Jōyō Kanji
直,straight/fix  সোজা/সংশোধন করা,,8,73,Jōyō Kanji
具,tool/means  সরঞ্জাম/উপায়,,8,74,Jōyō Kanji
真,true  সত্য,,10,75,Jōyō Kanji
工,craft/work  কাজ/কারুশিল্প,,3,76,Jōyō Kanji
左,left  বাম,,5,77,Jōyō Kanji
右,right  ডান,,5,78,Jōyō Kanji
有,have/exist  থাকা/অস্তিত্ব থাকা,,6,79,Jōyō Kanji
賄,bribe/provide  ঘুষ দেওয়া/ব্যবস্থা করা,,13,80,Jōyō Kanji
貢,tribute/contribute  কর/উপহার দেওয়া/অবদান রাখা,,10,81,Jōyō Kanji
項,item/neck  বিষয়/ঘাড়,,12,82,Jōyō Kanji
刀,sword  তলোয়ার,,2,83,Jōyō Kanji
刃,blade  ধারালো ফলক,,3,84,Jōyō Kanji
切,cut  কাটা,,4,85,Jōyō Kanji
召,call/summon  ডাকা,,5,86,Jōyō Kanji
昭,bright/illuminate  উজ্জ্বল/আলোকিত করা,,9,87,Jōyō Kanji
則,rule  নিয়ম,,9,88,Jōyō Kanji
副,vice/assistant  সহকারী/উপ,,11,89,Jōyō Kanji
別,separate/different  আলাদা/ভিন্ন,,7,90,Jōyō Kanji
丁,ward/block  ব্লক/পাড়া,,2,91,Jōyō Kanji
町,town  শহর/পৌর এলাকা,,7,92,Jōyō Kanji
可,possible/acceptable  সম্ভব/গ্রহণযোগ্য,,5,93,Jōyō Kanji
頂,top/receive  চূড়া/গ্রহণ করা,,11,94,Jōyō Kanji
子,child  শিশু,,3,95,Jōyō Kanji
孔,hole  গর্ত,,4,96,Jōyō Kanji
了,finish/complete  শেষ করা/সম্পন্ন,,2,97,Jōyō Kanji
女,woman  নারী,,3,98,Jōyō Kanji
好,like/good  পছন্দ করা/ভালো,,6,99,Jōyō Kanji
如,like/as  মতো/যেমন,,6,100,Jōyō Kanji
母,mother  মা,,5,101,Jōyō Kanji
貫,pierce/penetrate  ভেদ করা,,11,102,Jōyō Kanji
兄,older brother  বড় ভাই,,5,103,Jōyō Kanji
克,overcome  পরাজিত করা/জয় করা,,7,104,Jōyō Kanji
小,small  ছোট,,3,105,Jōyō Kanji
少,few/little  অল্প/কম,,4,106,Jōyō Kanji
大,big  বড়,,3,107,Jōyō Kanji
多,many/much  অনেক/বেশি,,6,108,Jōyō Kanji
夕,evening  সন্ধ্যা,,3,109,Jōyō Kanji
汐,evening tide  সন্ধ্যার জোয়ার,,6,110,Jinmeiyō Kanji
外,outside  বাইরে,,5,111,Jōyō Kanji
名,name  নাম,,6,112,Jōyō Kanji
石,stone  পাথর,,5,113,Jōyō Kanji
肖,resemblance  সাদৃশ্য,,7,114,Jōyō Kanji
硝,nitrate  নাইট্রেট,,12,115,Jōyō Kanji
砕,crush  চূর্ণ করা,,9,116,Jōyō Kanji
砂,sand  বালি,,9,117,Jōyō Kanji
削,shave/cut down  কেটে কমানো,,9,118,Jōyō Kanji
光,light  আলো,,6,119,Jōyō Kanji
太,fat/thick  মোটা,,4,120,Jōyō Kanji
器,container/utensil  পাত্র/সরঞ্জাম,,15,121,Jōyō Kanji
臭,smell/stink  গন্ধ/দুর্গন্ধ,,9,122,Jōyō Kanji
妙,strange/exquisite  অদ্ভুত/চমৎকার,,7,123,Jōyō Kanji
省,save/omit  সাশ্রয় করা/বাদ দেওয়া,,9,124,Jōyō Kanji
厚,thick  পুরু,,9,125,Jōyō Kanji
奇,strange/odd  অদ্ভুত/বিজোড়,,8,126,Jōyō Kanji
川,river  নদী,,3,127,Jōyō Kanji
州,state/province  রাজ্য/প্রদেশ,,6,128,Jōyō Kanji
順,order/obey  ক্রম/অনুসরণ করা,,12,129,Jōyō Kanji
水,water  পানি,,4,130,Jōyō Kanji
氷,ice  বরফ,,5,131,Jōyō Kanji
永,eternal  চিরস্থায়ী,,5,132,Jōyō Kanji
泉,spring/fountain  ঝরনা/উৎস,,9,133,Jōyō Kanji
原,plain/original  সমভূমি/মূল,,10,134,Jōyō Kanji
願,wish/request  ইচ্ছা/অনুরোধ,,19,135,Jōyō Kanji
泳,swim  সাঁতার কাটা,,8,136,Jōyō Kanji
沼,swamp/pond  জলাভূমি/পুকুর,,8,137,Jōyō Kanji
沖,open sea  গভীর সমুদ্র,,7,138,Jōyō Kanji
江,inlet/bay  উপসাগর/খাঁড়ি,,6,139,Jōyō Kanji
汁,juice/soup  রস/ঝোল,,5,140,Jōyō Kanji
潮,tide  জোয়ার,,15,141,Jōyō Kanji
源,source/origin  উৎস/মূল,,13,142,Jōyō Kanji
活,live/active  জীবিত/সক্রিয়,,9,143,Jōyō Kanji
消,erase/extinguish  মুছে ফেলা/নেভানো,,10,144,Jōyō Kanji
況,condition  অবস্থা,,8,145,Jōyō Kanji
河,river  নদী,,8,146,Jōyō Kanji
泊,stay overnight  রাতযাপন করা,,8,147,Jōyō Kanji
湖,lake  হ্রদ,,12,148,Jōyō Kanji
測,measure  পরিমাপ করা,,12,149,Jōyō Kanji
土,soil/earth  মাটি,,3,150,Jōyō Kanji
吐,vomit/spit  বমি করা/থুতু ফেলা,,6,151,Jōyō Kanji
圧,pressure  চাপ,,5,152,Jōyō Kanji
埼,cape/peninsula  অন্তরীপ,,11,153,Jōyō Kanji
垣,fence  বেড়া,,9,154,Jōyō Kanji
圭,jade tablet  জেড পাথরের ফলক,,6,155,Jinmeiyō Kanji
封,seal  সিল করা,,9,156,Jōyō Kanji
涯,shore/limit  তীর/সীমা,,11,157,Jōyō Kanji
寺,temple  মন্দির,,6,158,Jōyō Kanji
時,time  সময়,,10,159,Jōyō Kanji
均,equal/average  সমান/গড়,,7,160,Jōyō Kanji
火,fire  আগুন,,4,161,Jōyō Kanji
炎,flame  শিখা,,8,162,Jōyō Kanji
煩,annoy/troublesome  বিরক্ত করা/ঝামেলাপূর্ণ,,13,163,Jōyō Kanji
淡,light/pale  হালকা/ফ্যাকাশে,,11,164,Jōyō Kanji
灯,lamp/light  বাতি/আলো,,6,165,Jōyō Kanji
畑,farm/field  খেত/জমি,,9,166,Jōyō Kanji
災,disaster  দুর্যোগ,,7,167,Jōyō Kanji
灰,ashes  ছাই,,6,168,Jōyō Kanji
点,point/dot  বিন্দু/পয়েন্ট,,9,169,Jōyō Kanji
照,shine/illuminate  আলো দেওয়া/আলোকিত করা,,13,170,Jōyō Kanji
魚,fish  মাছ,,11,171,Jōyō Kanji
漁,fishing  মাছ ধরা,,14,172,Jōyō Kanji
里,village/ri  গ্রাম/প্রাচীন দূরত্বের একক,,7,173,Jōyō Kanji
黒,black  কালো,,11,174,Jōyō Kanji
墨,ink  কালি,,14,175,Jōyō Kanji
鯉,carp  কই মাছ,,18,176,Jinmeiyō Kanji
量,quantity/measure  পরিমাণ/মাপ,,12,177,Jōyō Kanji
厘,tiny unit  ক্ষুদ্র পরিমাপের একক,,9,178,Jōyō Kanji
埋,bury/fill  পুঁতে ফেলা/ভরাট করা,,10,179,Jōyō Kanji
同,same  একই,,6,180,Jōyō Kanji
洞,cave  গুহা,,9,181,Jōyō Kanji
胴,trunk/torso  ধড়,,10,182,Jōyō Kanji
向,direction/facing  দিক/মুখ করা,,6,183,Jōyō Kanji
尚,still/furthermore  এখনও/তদুপরি,,8,184,Jōyō Kanji
字,character/letter  অক্ষর,,6,185,Jōyō Kanji
守,protect/guard  রক্ষা করা,,6,186,Jōyō Kanji
完,complete  সম্পূর্ণ,,7,187,Jōyō Kanji
宣,proclaim/announce  ঘোষণা করা,,9,188,Jōyō Kanji
宵,evening/night  সন্ধ্যা/রাত,,10,189,Jōyō Kanji
安,cheap/safe  সস্তা/নিরাপদ,,6,190,Jōyō Kanji
宴,banquet/feast  ভোজ,,10,191,Jōyō Kanji
寄,approach/stop by  কাছে আসা/ঘুরে আসা,,11,192,Jōyō Kanji
富,rich/wealth  ধনী/সম্পদ,,12,193,Jōyō Kanji
貯,save/store  সঞ্চয় করা/জমা রাখা,,12,194,Jōyō Kanji
木,tree/wood  গাছ/কাঠ,,4,195,Jōyō Kanji
林,grove/woods  বন/বৃক্ষসমষ্টি,,8,196,Jōyō Kanji
森,forest  বন,,12,197,Jōyō Kanji
桂,catsia tree  দারুচিনি-জাতীয় গাছ,,10,198,Jinmeiyō Kanji
柏,oak/cypress  ওক/চিরসবুজ গাছ,,9,199,Jinmeiyō Kanji
枠,frame  ফ্রেম/কাঠামো,,8,200,Jōyō Kanji
梢,tree top  গাছের ডগা,,11,201,Jinmeiyō Kanji
棚,shelf  তাক,,12,202,Jōyō Kanji
杏,apricot  এপ্রিকট,,7,203,Jinmeiyō Kanji
桐,paulownia tree  পলোনিয়া গাছ,,10,204,Jinmeiyō Kanji
植,plant  রোপণ করা,,12,205,Jōyō Kanji
枯,wither  শুকিয়ে যাওয়া,,9,206,Jōyō Kanji
朴,plain/simple  সরল/সাদাসিধা,,6,207,Jōyō Kanji
村,village  গ্রাম,,7,208,Jōyō Kanji
相,mutual/appearance  পারস্পরিক/চেহারা,,9,209,Jōyō Kanji
机,desk  ডেস্ক,,6,210,Jōyō Kanji
本,book/origin  বই/মূল,,5,211,Jōyō Kanji
札,tag/label  ট্যাগ/লেবেল,,5,212,Jōyō Kanji
暦,calendar  ক্যালেন্ডার,,14,213,Jōyō Kanji
案,plan/proposal  পরিকল্পনা/প্রস্তাব,,10,214,Jōyō Kanji
燥,dry  শুকনো করা,,17,215,Jōyō Kanji
未,not yet  এখনও নয়,,5,216,Jōyō Kanji
末,end  শেষ,,5,217,Jōyō Kanji
沫,foam/bubbles  ফেনা,,8,218,Jinmeiyō Kanji
味,taste  স্বাদ,,8,219,Jōyō Kanji
妹,younger sister  ছোট বোন,,8,220,Jōyō Kanji
朱,vermilion/red  সিঁদুরে লাল,,6,221,Jōyō Kanji
株,stock/stump  শেয়ার/গাছের গোড়া,,10,222,Jōyō Kanji
若,young  তরুণ,,8,223,Jōyō Kanji
草,grass  ঘাস,,9,224,Jōyō Kanji
苦,suffer/bitter  কষ্ট পাওয়া/তিক্ত,,8,225,Jōyō Kanji
寛,tolerant/lenient  সহনশীল/উদার,,13,226,Jōyō Kanji
薄,thin/light  পাতলা/হালকা,,16,227,Jōyō Kanji
葉,leaf  পাতা,,12,228,Jōyō Kanji
模,model/pattern  মডেল/নকশা,,14,229,Jōyō Kanji
漠,vague/desert  অস্পষ্ট/মরুভূমি,,13,230,Jōyō Kanji
墓,grave  কবর,,13,231,Jōyō Kanji
暮,live/spend time  জীবনযাপন করা/সময় কাটানো,,14,232,Jōyō Kanji
膜,membrane  ঝিল্লি,,14,233,Jōyō Kanji
苗,seedling  চারা,,8,234,Jōyō Kanji
兆,sign/trillion  লক্ষণ/ট্রিলিয়ন,,6,235,Jōyō Kanji
桃,peach  পীচ,,10,236,Jōyō Kanji
眺,gaze/view  তাকিয়ে দেখা,,11,237,Jōyō Kanji
犬,dog  কুকুর,,4,238,Jōyō Kanji
状,condition/form  অবস্থা/আকার,,7,239,Jōyō Kanji
黙,silent  নীরব,,15,240,Jōyō Kanji
然,nature/so  প্রকৃতি/এভাবে,,12,241,Jōyō Kanji
荻,reed  নলখাগড়া,,10,242,Jinmeiyō Kanji
狩,hunt  শিকার করা,,9,243,Jōyō Kanji
猫,cat  বিড়াল,,11,244,Jōyō Kanji
牛,cow/cattle  গরু,,4,245,Jōyō Kanji
特,special  বিশেষ,,10,246,Jōyō Kanji
告,tell/announce  বলা/ঘোষণা করা,,7,247,Jōyō Kanji
先,previous/ahead  আগে/সামনে,,6,248,Jōyō Kanji
洗,wash  ধোয়া,,9,249,Jōyō Kanji
介,mediate/help  মধ্যস্থতা করা/সহায়তা করা,,4,250,Jōyō Kanji
界,world/boundary  জগৎ/সীমানা,,9,251,Jōyō Kanji
茶,tea  চা,,9,252,Jōyō Kanji
合,fit/combine  মেলা/একত্র করা,,6,253,Jōyō Kanji
塔,tower  মিনার/টাওয়ার,,12,254,Jōyō Kanji
王,king  রাজা,,4,255,Jōyō Kanji
玉,jewel/ball  রত্ন/গোলক,,5,256,Jōyō Kanji
宝,treasure  ধনরত্ন,,8,257,Jōyō Kanji
珠,pearl  মুক্তা,,10,258,Jōyō Kanji
現,appear/present  প্রকাশ পাওয়া/বর্তমান,,11,259,Jōyō Kanji
狂,crazy  পাগল,,7,260,Jōyō Kanji
皇,emperor  সম্রাট,,9,261,Jōyō Kanji
呈,present/display  উপস্থাপন করা/প্রদর্শন করা,,7,262,Jōyō Kanji
全,whole/all  সম্পূর্ণ/সব,,6,263,Jōyō Kanji
栓,stopper/plug  ছিপি/প্লাগ,,10,264,Jōyō Kanji
理,reason/logic  কারণ/যুক্তি,,11,265,Jōyō Kanji
主,main/master  প্রধান/মালিক,,5,266,Jōyō Kanji
注,attention/note  মনোযোগ/টীকা,,8,267,Jōyō Kanji
柱,pillar  স্তম্ভ,,9,268,Jōyō Kanji
金,gold/money  সোনা/টাকা,,8,269,Jōyō Kanji
銑,pig iron  কাঁচা লোহা,,14,270,Jinmeiyō Kanji
鉢,bowl/pot  বাটি/পাত্র,,13,271,Jōyō Kanji
銅,copper  তামা,,14,272,Jōyō Kanji
釣,fishing  মাছ ধরা,,11,273,Jōyō Kanji
針,needle/pin  সূঁচ/পিন,,10,274,Jōyō Kanji
銘,inscription/name  খোদাই লেখা/নাম,,14,275,Jōyō Kanji
鎮,suppress/calm  দমন করা/শান্ত করা,,18,276,Jōyō Kanji
道,road/way  রাস্তা/পথ,,12,277,Jōyō Kanji
導,guide/lead  পথ দেখানো/নেতৃত্ব দেওয়া,,15,278,Jōyō Kanji
辻,crossroads  চৌরাস্তা,,5,279,Jinmeiyō Kanji
迅,swift/rapid  দ্রুত,,6,280,Jōyō Kanji
造,make/create  তৈরি করা,,10,281,Jōyō Kanji
迫,press/approach  চাপ দেওয়া/কাছে আসা,,8,282,Jōyō Kanji
逃,escape  পালিয়ে যাওয়া,,9,283,Jōyō Kanji
辺,area/vicinity  এলাকা/আশপাশ,,5,284,Jōyō Kanji
巡,patrol/go around  টহল দেওয়া/ঘুরে বেড়ানো,,6,285,Jōyō Kanji
車,car/vehicle  গাড়ি,,7,286,Jōyō Kanji
連,connect/take along  সংযুক্ত করা/সঙ্গে নেওয়া,,10,287,Jōyō Kanji
軌,track/route  রেলপথ/পথ,,9,288,Jōyō Kanji
輸,transport  পরিবহন করা,,16,289,Jōyō Kanji
前,before/front  আগে/সামনে,,9,290,Jōyō Kanji
各,each  প্রত্যেক,,6,291,Jōyō Kanji
格,status/standard  মর্যাদা/মানদণ্ড,,10,292,Jōyō Kanji
略,abbreviation/strategy  সংক্ষিপ্ত রূপ/কৌশল,,11,293,Jōyō Kanji
客,guest/customer  অতিথি/ক্রেতা,,9,294,Jōyō Kanji
額,amount/forehead  পরিমাণ/কপাল,,18,295,Jōyō Kanji
夏,summer  গ্রীষ্ম,,10,296,Jōyō Kanji
処,deal with/place  মোকাবিলা করা/স্থান,,5,297,Jōyō Kanji
条,clause/article  ধারা/অনুচ্ছেদ,,7,298,Jōyō Kanji
落,fall/drop  পড়ে যাওয়া,,12,299,Jōyō Kanji
冗,superfluous  অপ্রয়োজনীয়,,4,300,Jōyō Kanji
軍,army  সেনাবাহিনী,,9,301,Jōyō Kanji
輝,shine/radiance  জ্বলজ্বল করা/দীপ্তি,,15,302,Jōyō Kanji
運,carry/luck  বহন করা/ভাগ্য,,12,303,Jōyō Kanji
冠,crown  মুকুট,,9,304,Jōyō Kanji
夢,dream  স্বপ্ন,,13,305,Jōyō Kanji
坑,pit  গর্ত,,7,306,Jōyō Kanji
高,high/expensive  উঁচু/দামি,,10,307,Jōyō Kanji
享,receive/enjoy  গ্রহণ করা/উপভোগ করা,,8,308,Jōyō Kanji
塾,cram school  কোচিং স্কুল,,14,309,Jōyō Kanji
熟,mature/ripe  পরিপক্ব/পাকা,,15,310,Jōyō Kanji
亭,pavilion  মণ্ডপ,,9,311,Jōyō Kanji
京,capital  রাজধানী,,8,312,Jōyō Kanji
涼,cool  শীতল,,11,313,Jōyō Kanji
景,scenery/view  দৃশ্য,,12,314,Jōyō Kanji
鯨,whale  তিমি,,19,315,Jōyō Kanji
舎,building/lodging  ভবন/আবাস,,8,316,Jōyō Kanji
周,around/circumference  চারপাশ/পরিধি,,8,317,Jōyō Kanji
週,week  সপ্তাহ,,11,318,Jōyō Kanji
士,samurai/warrior  সামুরাই/যোদ্ধা,,3,319,Jōyō Kanji
吉,good/lucky  শুভ/সৌভাগ্যবান,,6,320,Jōyō Kanji
壮,robust/grand  সবল/জাঁকজমকপূর্ণ,,6,321,Jōyō Kanji
荘,villa/manor  প্রাসাদ/বড় বাড়ি,,9,322,Jōyō Kanji
売,sell  বিক্রি করা,,7,323,Jōyō Kanji
学,study/learning  পড়াশোনা/শিক্ষা,,8,324,Jōyō Kanji
覚,remember/awaken  মনে রাখা/জেগে ওঠা,,12,325,Jōyō Kanji
栄,prosperity/glory  সমৃদ্ধি/গৌরব,,9,326,Jōyō Kanji
書,write/book  লেখা/বই,,10,327,Jōyō Kanji
津,harbor/ferry  বন্দর/খেয়াঘাট,,9,328,Jōyō Kanji
牧,pasture/herd  চারণভূমি/পশুর পাল,,8,329,Jōyō Kanji
攻,attack  আক্রমণ করা,,7,330,Jōyō Kanji
敗,defeat/fail  পরাজয়/ব্যর্থ হওয়া,,11,331,Jōyō Kanji
枚,counter for flat objects  সমতল জিনিসের গণনাকারী,,8,332,Jōyō Kanji
故,former/reason  প্রাক্তন/কারণ,,9,333,Jōyō Kanji
敬,respect  সম্মান করা,,12,334,Jōyō Kanji
言,say/word  বলা/কথা,,7,335,Jōyō Kanji
警,warn/police  সতর্ক করা/পুলিশ,,19,336,Jōyō Kanji
計,measure/plan  পরিমাপ করা/পরিকল্পনা,,9,337,Jōyō Kanji
獄,prison  কারাগার,,14,338,Jōyō Kanji
訂,correct/revise  সংশোধন করা,,9,339,Jōyō Kanji
討,attack/discuss  আক্রমণ করা/আলোচনা করা,,10,340,Jōyō Kanji
訓,instruction/lesson  নির্দেশনা/শিক্ষা,,10,341,Jōyō Kanji
詔,imperial decree  সম্রাটের আদেশ,,12,342,Jōyō Kanji
詰,pack/question  ভরা/জিজ্ঞাসা করা,,13,343,Jōyō Kanji
話,talk/story  কথা/গল্প,,13,344,Jōyō Kanji
詠,recite/compose poetry  আবৃত্তি করা/কবিতা রচনা করা,,12,345,Jōyō Kanji
詩,poem  কবিতা,,13,346,Jōyō Kanji
語,word/language  শব্দ/ভাষা,,14,347,Jōyō Kanji
読,read  পড়া,,14,348,Jōyō Kanji
調,investigate/tone  তদন্ত করা/সুর,,15,349,Jōyō Kanji
談,talk/discussion  আলোচনা,,15,350,Jōyō Kanji
諾,consent/agree  সম্মতি দেওয়া/একমত হওয়া,,15,351,Jōyō Kanji
諭,teach/admonish  শিক্ষা দেওয়া/উপদেশ দেওয়া,,16,352,Jōyō Kanji
式,style/ceremony  ধরন/অনুষ্ঠান,,6,353,Jōyō Kanji
試,test/try  পরীক্ষা করা/চেষ্টা করা,,13,354,Jōyō Kanji
弐,two  দুই,,6,355,Jōyō Kanji
域,region/area  অঞ্চল/এলাকা,,11,356,Jōyō Kanji
賊,thief/bandit  চোর/দস্যু,,13,357,Jōyō Kanji
栽,plant/cultivate  রোপণ করা/চাষ করা,,10,358,Jōyō Kanji
載,載せる/load/publish  বোঝাই করা/প্রকাশ করা,,13,359,Jōyō Kanji
茂,grow thick  ঘনভাবে বেড়ে ওঠা,,8,360,Jōyō Kanji
成,become/achieve  হওয়া/অর্জন করা,,6,361,Jōyō Kanji
城,castle  দুর্গ,,9,362,Jōyō Kanji
誠,sincerity/truth  আন্তরিকতা/সত্য,,13,363,Jōyō Kanji
威,authority/power  কর্তৃত্ব/শক্তি,,9,364,Jōyō Kanji
滅,destroy/perish  ধ্বংস করা/বিলীন হওয়া,,13,365,Jōyō Kanji
減,decrease/reduce  কমে যাওয়া/কমানো,,12,366,Jōyō Kanji
桟,scaffold/ledge  মাচা/ধার,,10,367,Jōyō Kanji
銭,money/coin  টাকা/মুদ্রা,,14,368,Jōyō Kanji
浅,shallow  অগভীর,,9,369,Jōyō Kanji
止,stop  থামা,,4,370,Jōyō Kanji
歩,walk/step  হাঁটা/পদক্ষেপ,,8,371,Jōyō Kanji
渉,cross/negotiate  পার হওয়া/আলোচনা করা,,11,372,Jōyō Kanji
頻,frequent  ঘনঘন,,17,373,Jōyō Kanji
肯,agreement/consent  সম্মতি,,8,374,Jōyō Kanji
企,plan/attempt  পরিকল্পনা করা/চেষ্টা করা,,6,375,Jōyō Kanji
歴,history  ইতিহাস,,14,376,Jōyō Kanji
武,military/martial  সামরিক/যুদ্ধসংক্রান্ত,,8,377,Jōyō Kanji
賦,tribute/tax  কর/খাজনা,,15,378,Jōyō Kanji
正,correct/justice  সঠিক/ন্যায়,,5,379,Jōyō Kanji
証,proof/certificate  প্রমাণ/সনদ,,12,380,Jōyō Kanji
政,politics/government  রাজনীতি/সরকার,,9,381,Jōyō Kanji
定,fix/decide  নির্ধারণ করা/স্থির করা,,8,382,Jōyō Kanji
錠,lock/tablet  তালা/ট্যাবলেট,,16,383,Jōyō Kanji
走,run  দৌড়ানো,,7,384,Jōyō Kanji
超,exceed/super  অতিক্রম করা/অতিশয়,,12,385,Jōyō Kanji
赴,go/proceed  যাওয়া/অগ্রসর হওয়া,,9,386,Jōyō Kanji
越,cross/exceed  পার হওয়া/অতিক্রম করা,,12,387,Jōyō Kanji
是,right/this  সঠিক/এটি,,9,388,Jōyō Kanji
題,topic/problem  বিষয়/সমস্যা,,18,389,Jōyō Kanji
堤,dike/embankment  বাঁধ,,12,390,Jōyō Kanji
建,build  নির্মাণ করা,,9,391,Jōyō Kanji
延,extend/postpone  বাড়ানো/স্থগিত করা,,8,392,Jōyō Kanji
誕,birth  জন্ম,,15,393,Jōyō Kanji
礎,foundation  ভিত্তি,,18,394,Jōyō Kanji
婿,son-in-law  জামাই,,12,395,Jōyō Kanji
衣,clothing  পোশাক,,6,396,Jōyō Kanji
裁,cut/judge  কাটা/বিচার করা,,12,397,Jōyō Kanji
装,dress/equip  পোশাক পরানো/সজ্জিত করা,,12,398,Jōyō Kanji
裏,reverse/back  উল্টো দিক/পেছন,,13,399,Jōyō Kanji
壊,break/destroy  ভেঙে ফেলা/ধ্বংস করা,,16,400,Jōyō Kanji
哀,sad/pity  দুঃখজনক/করুণা,,9,401,Jōyō Kanji
遠,far  দূর,,13,402,Jōyō Kanji
猿,monkey  বানর,,13,403,Jōyō Kanji
初,first/beginning  প্রথম/শুরু,,7,404,Jōyō Kanji
布,cloth/distribute  কাপড়/বিতরণ করা,,5,405,Jōyō Kanji
帆,sail  পাল,,6,406,Jōyō Kanji
幅,width  প্রস্থ,,12,407,Jōyō Kanji
帽,hat/cap  টুপি,,12,408,Jōyō Kanji
幕,curtain/act  পর্দা/অঙ্ক,,13,409,Jōyō Kanji
幌,canopy/signboard  ছাউনি/সাইনবোর্ড,,13,410,Jinmeiyō Kanji
錦,brocade  জরি কাপড়,,16,411,Jōyō Kanji
市,city/market  শহর/বাজার,,5,412,Jōyō Kanji
姉,older sister  বড় বোন,,8,413,Jōyō Kanji
肺,lung  ফুসফুস,,9,414,Jōyō Kanji
帯,belt/band  বেল্ট/বন্ধনী,,10,415,Jōyō Kanji
滞,stay/delay  অবস্থান করা/বিলম্ব করা,,13,416,Jōyō Kanji
刺,stab/thorn  ছুরিকাঘাত করা/কাঁটা,,8,417,Jōyō Kanji
制,control/system  নিয়ন্ত্রণ/ব্যবস্থা,,8,418,Jōyō Kanji
製,make/manufacture  তৈরি করা/উৎপাদন করা,,14,419,Jōyō Kanji
転,turn/roll  ঘোরা/গড়ানো,,11,420,Jōyō Kanji
芸,art/performance  শিল্প/অভিনয়,,7,421,Jōyō Kanji
雨,rain  বৃষ্টি,,8,422,Jōyō Kanji
雲,cloud  মেঘ,,12,423,Jōyō Kanji
曇,cloudy  মেঘলা,,16,424,Jōyō Kanji
雷,thunder/lightning  বজ্রধ্বনি/বজ্রপাত,,13,425,Jōyō Kanji
霜,frost  তুষার/হিম,,17,426,Jōyō Kanji
冬,winter  শীতকাল,,5,427,Jōyō Kanji
天,heaven/sky  আকাশ/স্বর্গ,,4,428,Jōyō Kanji
橋,bridge  সেতু,,16,429,Jōyō Kanji
嬌,attractive/beautiful  আকর্ষণীয়/সুন্দর,,15,430,Jinmeiyō Kanji
立,stand  দাঁড়ানো,,5,431,Jōyō Kanji
泣,cry  কাঁদা,,8,432,Jōyō Kanji
章,chapter/badge  অধ্যায়/ব্যাজ,,11,433,Jōyō Kanji
競,compete  প্রতিযোগিতা করা,,20,434,Jōyō Kanji
帝,emperor  সম্রাট,,9,435,Jōyō Kanji
童,child  শিশু,,12,436,Jōyō Kanji
瞳,pupil/eye  চোখের মণি,,17,437,Jōyō Kanji
鐘,bell  ঘণ্টা,,20,438,Jōyō Kanji
商,commerce/trade  ব্যবসা/বাণিজ্য,,11,439,Jōyō Kanji
嫡,legitimate/heir  বৈধ/উত্তরাধিকারী,,14,440,Jōyō Kanji
適,suitable  উপযুক্ত,,14,441,Jōyō Kanji
滴,drop  ফোঁটা,,14,442,Jōyō Kanji
敵,enemy  শত্রু,,15,443,Jōyō Kanji
匕,spoon/dagger  চামচ/ছোরা,,2,444,Jinmeiyō Kanji
北,north  উত্তর,,5,445,Jōyō Kanji
背,back  পিঠ,,9,446,Jōyō Kanji
比,compare  তুলনা করা,,4,447,Jōyō Kanji
昆,insect/descendants  পোকা/বংশধর,,8,448,Jōyō Kanji
皆,all/everyone  সবাই/সব,,9,449,Jōyō Kanji
混,mix/confuse  মেশানো/বিভ্রান্ত করা,,11,450,Jōyō Kanji
渇,thirst  তৃষ্ণা,,11,451,Jōyō Kanji
謁,audience/visit  সাক্ষাৎ/দর্শন,,15,452,Jōyō Kanji
褐,brown  বাদামি,,13,453,Jōyō Kanji
喝,scold/shout  ধমক দেওয়া/চিৎকার করা,,11,454,Jōyō Kanji
旨,purpose/tasty  উদ্দেশ্য/সুস্বাদু,,6,455,Jōyō Kanji
脂,fat/grease  চর্বি/তেল,,10,456,Jōyō Kanji
壱,one  এক,,7,457,Jōyō Kanji
毎,every  প্রত্যেক,,6,458,Jōyō Kanji
敏,quick/clever  দ্রুত/বুদ্ধিমান,,10,459,Jōyō Kanji
梅,plum  বরই,,10,460,Jōyō Kanji
海,sea  সমুদ্র,,9,461,Jōyō Kanji
乞,beg/ask  ভিক্ষা চাওয়া/অনুরোধ করা,,3,462,Jōyō Kanji
乾,dry  শুকনো,,11,463,Jōyō Kanji
腹,belly/stomach  পেট,,13,464,Jōyō Kanji
複,duplicate/multiple  একাধিক/নকল,,14,465,Jōyō Kanji
欠,lack/yawn  অভাব/হাই তোলা,,4,466,Jōyō Kanji
吹,blow  ফুঁ দেওয়া,,7,467,Jōyō Kanji
炊,cook  রান্না করা,,8,468,Jōyō Kanji
歌,song/sing  গান/গান গাওয়া,,14,469,Jōyō Kanji
軟,soft  নরম,,11,470,Jōyō Kanji
次,next  পরবর্তী,,6,471,Jōyō Kanji
茨,thorn  কাঁটা,,9,472,Jōyō Kanji
資,resources/capital  সম্পদ/মূলধন,,13,473,Jōyō Kanji
姿,figure/appearance  আকৃতি/চেহারা,,9,474,Jōyō Kanji
諮,consult  পরামর্শ করা,,16,475,Jōyō Kanji
賠,compensate  ক্ষতিপূরণ দেওয়া,,15,476,Jōyō Kanji
培,cultivate  চাষ করা/লালন করা,,11,477,Jōyō Kanji
剖,dissect/analyze  ব্যবচ্ছেদ করা/বিশ্লেষণ করা,,10,478,Jōyō Kanji
音,sound  শব্দ,,9,479,Jōyō Kanji
暗,dark  অন্ধকার,,13,480,Jōyō Kanji
韻,rhyme  ছন্দ/অন্ত্যমিল,,19,481,Jōyō Kanji
識,knowledge/recognize  জ্ঞান/চেনা,,19,482,Jōyō Kanji
鏡,mirror  আয়না,,19,483,Jōyō Kanji
境,boundary/environment  সীমানা/পরিবেশ,,14,484,Jōyō Kanji
亡,perish/dead  মারা যাওয়া/মৃত,,3,485,Jōyō Kanji
盲,blind  অন্ধ,,8,486,Jōyō Kanji
妄,delusion/reckless  ভ্রান্ত ধারণা/বেপরোয়া,,6,487,Jōyō Kanji
荒,rough/wild  রুক্ষ/বুনো,,9,488,Jōyō Kanji
望,hope/desire  আশা/আকাঙ্ক্ষা,,11,489,Jōyō Kanji
方,direction/method  দিক/পদ্ধতি,,4,490,Jōyō Kanji
妨,obstruct  বাধা দেওয়া,,7,491,Jōyō Kanji
坊,boy/monk  ছেলে/সন্ন্যাসী,,7,492,Jōyō Kanji
芳,fragrant  সুগন্ধি,,7,493,Jōyō Kanji
肪,fat  চর্বি,,8,494,Jōyō Kanji
訪,visit  পরিদর্শন করা,,11,495,Jōyō Kanji
放,release/let go  ছেড়ে দেওয়া,,8,496,Jōyō Kanji
激,violent/intense  তীব্র/প্রবল,,16,497,Jōyō Kanji
脱,remove/escape  খুলে ফেলা/পালিয়ে যাওয়া,,11,498,Jōyō Kanji
説,explain/theory  ব্যাখ্যা করা/তত্ত্ব,,14,499,Jōyō Kanji
鋭,sharp  ধারালো,,15,500,Jōyō Kanji
曽,formerly/once  পূর্বে/একবার,,11,501,Jōyō Kanji
増,increase  বৃদ্ধি করা,,14,502,Jōyō Kanji
贈,give/present  উপহার দেওয়া,,18,503,Jōyō Kanji
東,east  পূর্ব,,8,504,Jōyō Kanji
棟,building/roof ridge  ভবন/ছাদের চূড়া,,12,505,Jōyō Kanji
凍,freeze  জমে যাওয়া,,10,506,Jōyō Kanji
妊,pregnancy  গর্ভধারণ,,7,507,Jōyō Kanji
廷,court  রাজদরবার/আদালত,,7,508,Jōyō Kanji
染,dye/stain  রং করা/দাগ লাগা,,9,509,Jōyō Kanji
燃,burn  জ্বলা/পোড়া,,16,510,Jōyō Kanji
賓,guest  অতিথি,,15,511,Jōyō Kanji
歳,age/year  বয়স/বছর,,13,512,Jōyō Kanji
県,prefecture  প্রিফেকচার/প্রদেশ,,9,513,Jōyō Kanji
栃,horse chestnut  হর্স চেস্টনাট গাছ,,9,514,Jōyō Kanji
地,ground/earth  মাটি/পৃথিবী,,6,515,Jōyō Kanji
池,pond  পুকুর,,6,516,Jōyō Kanji
虫,insect  পোকা,,6,517,Jōyō Kanji
蛍,firefly  জোনাকি,,11,518,Jōyō Kanji
蛇,snake  সাপ,,11,519,Jōyō Kanji
虹,rainbow  রংধনু,,9,520,Jōyō Kanji
蝶,butterfly  প্রজাপতি,,15,521,Jinmeiyō Kanji
独,alone  একা,,9,522,Jōyō Kanji
蚕,silkworm  রেশমকীট,,10,523,Jōyō Kanji
風,wind  বাতাস,,9,524,Jōyō Kanji
己,self  নিজ,,3,525,Jōyō Kanji
起,rise/wake  ওঠা/জাগা,,10,526,Jōyō Kanji
妃,empress/consort  সম্রাজ্ঞী/রানী,,6,527,Jōyō Kanji
改,change/reform  পরিবর্তন করা/সংস্কার করা,,7,528,Jōyō Kanji
記,record/write  লিপিবদ্ধ করা/লেখা,,10,529,Jōyō Kanji
包,wrap/package  মোড়ানো/প্যাকেট করা,,5,530,Jōyō Kanji
胞,cell/womb  কোষ/গর্ভ,,9,531,Jōyō Kanji
砲,cannon  কামান,,10,532,Jōyō Kanji
泡,bubble/foam  বুদবুদ/ফেনা,,8,533,Jōyō Kanji
亀,turtle  কচ্ছপ,,11,534,Jōyō Kanji
電,electricity  বিদ্যুৎ,,13,535,Jōyō Kanji
竜,dragon  ড্রাগন,,10,536,Jōyō Kanji
滝,waterfall  জলপ্রপাত,,13,537,Jōyō Kanji
豚,pig  শূকর,,11,538,Jōyō Kanji
逐,pursue  তাড়া করা,,10,539,Jōyō Kanji
遂,accomplish  সম্পন্ন করা,,12,540,Jōyō Kanji
家,house/family  বাড়ি/পরিবার,,10,541,Jōyō Kanji
嫁,bride/daughter-in-law  কনে/পুত্রবধূ,,13,542,Jōyō Kanji
豪,great/luxurious  মহৎ/জাঁকজমকপূর্ণ,,14,543,Jōyō Kanji
腸,intestine  অন্ত্র,,13,544,Jōyō Kanji
場,place  স্থান,,12,545,Jōyō Kanji
湯,hot water  গরম পানি,,12,546,Jōyō Kanji
羊,sheep  ভেড়া,,6,547,Jōyō Kanji
美,beautiful  সুন্দর,,9,548,Jōyō Kanji
洋,ocean/western  মহাসাগর/পাশ্চাত্য,,9,549,Jōyō Kanji
詳,detailed  বিস্তারিত,,13,550,Jōyō Kanji
鮮,fresh/vivid  তাজা/উজ্জ্বল,,17,551,Jōyō Kanji
達,reach/attain  পৌঁছানো/অর্জন করা,,12,552,Jōyō Kanji
羨,envy  ঈর্ষা করা,,13,553,Jōyō Kanji
差,difference  পার্থক্য,,10,554,Jōyō Kanji
着,wear/arrive  পরা/পৌঁছানো,,12,555,Jōyō Kanji
唯,only  কেবল,,11,556,Jōyō Kanji
焦,scorch/worry  পুড়ে যাওয়া/উদ্বিগ্ন হওয়া,,12,557,Jōyō Kanji
礁,reef  প্রবালপ্রাচীর,,17,558,Jōyō Kanji
集,gather/collect  জড়ো করা/সংগ্রহ করা,,12,559,Jōyō Kanji
准,quasi/approve  আধা/অনুমোদন করা,,10,560,Jōyō Kanji
進,advance/progress  এগোনো/অগ্রগতি করা,,11,561,Jōyō Kanji
雑,miscellaneous/rough  বিবিধ/অগোছালো,,14,562,Jōyō Kanji
雌,female  স্ত্রী,,14,563,Jōyō Kanji
準,standard/prepare  মানদণ্ড/প্রস্তুত করা,,13,564,Jōyō Kanji
奮,exert/rouse  উদ্যম করা/উৎসাহিত করা,,16,565,Jōyō Kanji
奪,rob/take away  ছিনিয়ে নেওয়া,,14,566,Jōyō Kanji
確,certain/confirm  নিশ্চিত/নিশ্চিত করা,,15,567,Jōyō Kanji
午,noon  দুপুর,,4,568,Jōyō Kanji
許,permit/allow  অনুমতি দেওয়া,,11,569,Jōyō Kanji
歓,joy/delight  আনন্দ/আনন্দিত হওয়া,,15,570,Jōyō Kanji
権,right/authority  অধিকার/কর্তৃত্ব,,15,571,Jōyō Kanji
観,view/observe  দেখা/পর্যবেক্ষণ করা,,18,572,Jōyō Kanji
羽,feather/wing  পালক/ডানা,,6,573,Jōyō Kanji
習,learn/practice  শেখা/অনুশীলন করা,,11,574,Jōyō Kanji
翌,next/following  পরবর্তী,,11,575,Jōyō Kanji
曜,weekday  সপ্তাহের দিন,,18,576,Jōyō Kanji
濯,wash  ধোয়া,,17,577,Jōyō Kanji
曰,say/said  বলা/বলেছিল,,4,578,Jinmeiyō Kanji
困,trouble/distress  বিপদে পড়া/কষ্ট পাওয়া,,7,579,Jōyō Kanji
固,hard/firm  শক্ত/দৃঢ়,,8,580,Jōyō Kanji
国,country  দেশ,,8,581,Jōyō Kanji
団,group  দল,,6,582,Jōyō Kanji
因,cause/factor  কারণ/উপাদান,,6,583,Jōyō Kanji
姻,marriage  বিবাহ,,9,584,Jōyō Kanji
園,garden/park  বাগান/উদ্যান,,13,585,Jōyō Kanji
回,turn/times  বার/ঘোরা,,6,586,Jōyō Kanji
壇,platform/altar  মঞ্চ/বেদি,,16,587,Jōyō Kanji
店,shop/store  দোকান,,8,588,Jōyō Kanji
庫,storehouse/warehouse  গুদাম,,10,589,Jōyō Kanji
庭,garden/yard  বাগান/উঠান,,10,590,Jōyō Kanji
庁,government office  সরকারি দপ্তর,,5,591,Jōyō Kanji
床,floor/bed  মেঝে/বিছানা,,7,592,Jōyō Kanji
麻,hemp/flax  শণ/তিসি,,11,593,Jōyō Kanji
磨,polish/grind  পালিশ করা/ঘষা,,16,594,Jōyō Kanji
心,heart/mind  হৃদয়/মন,,4,595,Jōyō Kanji
忘,forget  ভুলে যাওয়া,,7,596,Jōyō Kanji
忍,endure/忍ぶ  সহ্য করা,,7,597,Jōyō Kanji
認,recognize/acknowledge  চিনতে পারা/স্বীকার করা,,14,598,Jōyō Kanji
忌,avoid/mourning  এড়ানো/শোক পালন,,7,599,Jōyō Kanji
志,will/ambition  ইচ্ছা/আকাঙ্ক্ষা,,7,600,Jōyō Kanji
誌,magazine/record  পত্রিকা/লিপি,,14,601,Jōyō Kanji
忠,loyalty  আনুগত্য,,8,602,Jōyō Kanji
串,skewer  শিক,,7,603,Jōyō Kanji
患,suffer/afflict  ভোগা/আক্রান্ত হওয়া,,11,604,Jōyō Kanji
思,think  চিন্তা করা,,9,605,Jōyō Kanji
恩,favor/kindness  অনুগ্রহ/উপকার,,10,606,Jōyō Kanji
応,respond/answer  সাড়া দেওয়া/উত্তর দেওয়া,,7,607,Jōyō Kanji
意,idea/intention  ধারণা/উদ্দেশ্য,,13,608,Jōyō Kanji
想,thought/imagination  চিন্তা/কল্পনা,,13,609,Jōyō Kanji
息,breath/son  শ্বাস/পুত্র,,10,610,Jōyō Kanji
憩,rest  বিশ্রাম নেওয়া,,16,611,Jōyō Kanji
恵,blessing/favor  আশীর্বাদ/অনুগ্রহ,,10,612,Jōyō Kanji
恐,fear  ভয় পাওয়া,,10,613,Jōyō Kanji
惑,confuse/perplex  বিভ্রান্ত করা,,12,614,Jōyō Kanji
感,feeling/sense  অনুভূতি/অনুভব,,13,615,Jōyō Kanji
憂,worry/sorrow  দুশ্চিন্তা/দুঃখ,,15,616,Jōyō Kanji
寡,few/widow  অল্প/বিধবা,,14,617,Jōyō Kanji
忙,busy  ব্যস্ত,,6,618,Jōyō Kanji
悦,joy/delight  আনন্দ/আনন্দিত হওয়া,,10,619,Jōyō Kanji
恒,constant/always  স্থায়ী/সবসময়,,9,620,Jōyō Kanji
悼,mourn  শোক করা,,11,621,Jōyō Kanji
悟,realize/enlightenment  উপলব্ধি করা/জ্ঞানলাভ,,10,622,Jōyō Kanji
怖,scary/fear  ভয়ঙ্কর/ভয় পাওয়া,,8,623,Jōyō Kanji
慌,panic/hurry  ঘাবড়ে যাওয়া/তাড়াহুড়ো করা,,12,624,Jōyō Kanji
悔,regret  অনুতাপ করা,,9,625,Jōyō Kanji
憎,hate  ঘৃণা করা,,14,626,Jōyō Kanji
慣,get used to  অভ্যস্ত হওয়া,,14,627,Jōyō Kanji
愉,pleasant  আনন্দদায়ক,,12,628,Jōyō Kanji
惰,lazy/indolent  অলস,,12,629,Jōyō Kanji
慎,careful/prudent  সতর্ক/সাবধানী,,13,630,Jōyō Kanji
憾,regret  আক্ষেপ,,16,631,Jōyō Kanji
憶,remember/memory  মনে রাখা/স্মৃতি,,16,632,Jōyō Kanji
慕,admire/yearn for  শ্রদ্ধা করা/আকাঙ্ক্ষা করা,,14,633,Jōyō Kanji
添,add/append  যোগ করা,,11,634,Jōyō Kanji
必,without fail/necessary  অবশ্যই/অপরিহার্য,,5,635,Jōyō Kanji
泌,secrete  নিঃসরণ করা,,8,636,Jōyō Kanji
手,hand  হাত,,4,637,Jōyō Kanji
看,watch/care for  দেখা/যত্ন নেওয়া,,9,638,Jōyō Kanji
摩,rub/friction  ঘষা/ঘর্ষণ,,15,639,Jōyō Kanji
我,I/me  আমি,,7,640,Jōyō Kanji
義,justice/meaning  ন্যায়/অর্থ,,13,641,Jōyō Kanji
議,discuss/deliberate  আলোচনা করা/বিবেচনা করা,,20,642,Jōyō Kanji
犠,sacrifice  বলিদান,,17,643,Jōyō Kanji
抹,erase/rub out  মুছে ফেলা,,8,644,Jōyō Kanji
抱,embrace/hold  জড়িয়ে ধরা/ধরে রাখা,,8,645,Jōyō Kanji
搭,board/ride  ওঠা/আরোহন করা,,12,646,Jōyō Kanji
抄,copy/extract  নকল করা/উদ্ধৃত করা,,7,647,Jōyō Kanji
抗,resist/oppose  প্রতিরোধ করা/বিরোধিতা করা,,7,648,Jōyō Kanji
批,criticize/approve  সমালোচনা করা/অনুমোদন করা,,7,649,Jōyō Kanji
招,invite/summon  আমন্ত্রণ করা/ডাকা,,8,650,Jōyō Kanji
拓,open up/develop  উন্মুক্ত করা/উন্নয়ন করা,,8,651,Jōyō Kanji
拍,clap/beat  হাততালি দেওয়া/আঘাত করা,,8,652,Jōyō Kanji
打,hit/strike  আঘাত করা,,5,653,Jōyō Kanji
拘,arrest/restrain  গ্রেপ্তার করা/আটকে রাখা,,8,654,Jōyō Kanji
捨,throw away/abandon  ফেলে দেওয়া/ত্যাগ করা,,11,655,Jōyō Kanji
拐,kidnap/deceive  অপহরণ করা/প্রতারণা করা,,8,656,Jōyō Kanji
摘,pick/pluck  তোলা/ছেঁড়া,,14,657,Jōyō Kanji
挑,challenge/pick  চ্যালেঞ্জ করা/বেছে নেওয়া,,9,658,Jōyō Kanji
指,point/finger  নির্দেশ করা/আঙুল,,9,659,Jōyō Kanji
持,hold/have  ধরে রাখা/থাকা,,9,660,Jōyō Kanji
括,include/bind  অন্তর্ভুক্ত করা/বাঁধা,,9,661,Jōyō Kanji
揮,swing/direct  নাড়ানো/নির্দেশ দেওয়া,,12,662,Jōyō Kanji
推,push/recommend  ঠেলা দেওয়া/সুপারিশ করা,,11,663,Jōyō Kanji
揚,raise/hoist  উঁচু করা,,12,664,Jōyō Kanji
提,present/carry  উপস্থাপন করা/বহন করা,,12,665,Jōyō Kanji
損,loss/damage  ক্ষতি/লোকসান,,13,666,Jōyō Kanji
拾,pick up  কুড়িয়ে নেওয়া,,9,667,Jōyō Kanji
担,carry/bear  বহন করা/দায়িত্ব নেওয়া,,8,668,Jōyō Kanji
拠,basis/evidence  ভিত্তি/প্রমাণ,,8,669,Jōyō Kanji
描,draw/depict  আঁকা/চিত্রিত করা,,11,670,Jōyō Kanji
操,operate/manipulate  পরিচালনা করা/নিয়ন্ত্রণ করা,,16,671,Jōyō Kanji
接,connect/contact  সংযোগ করা/যোগাযোগ করা,,11,672,Jōyō Kanji
掲,post/display  প্রকাশ করা/প্রদর্শন করা,,11,673,Jōyō Kanji
掛,hang/spend  ঝোলানো/ব্যয় করা,,11,674,Jōyō Kanji
研,polish/research  ঘষে মসৃণ করা/গবেষণা করা,,9,675,Jōyō Kanji
戒,warn/prohibit  সতর্ক করা/নিষেধ করা,,7,676,Jōyō Kanji
械,machine/device  যন্ত্র,,11,677,Jōyō Kanji
鼻,nose  নাক,,14,678,Jōyō Kanji
刑,punishment/penalty  শাস্তি,,6,679,Jōyō Kanji
型,type/model  ধরন/ছাঁচ,,9,680,Jōyō Kanji
才,ability/age  প্রতিভা/বয়স,,3,681,Jōyō Kanji
財,wealth/property  সম্পদ,,10,682,Jōyō Kanji
材,material  উপাদান/কাঠ,,7,683,Jōyō Kanji
存,exist/preserve  থাকা/সংরক্ষণ করা,,6,684,Jōyō Kanji
在,exist/be located  অবস্থান করা/থাকা,,6,685,Jōyō Kanji
乃,from/namely  থেকে/অর্থাৎ,,2,686,Jinmeiyō Kanji
携,carry/portable  বহন করা/সঙ্গে নেওয়া,,13,687,Jōyō Kanji
及,reach/and  পৌঁছানো/এবং,,3,688,Jōyō Kanji
吸,inhale/suck  শ্বাস নেওয়া/টেনে নেওয়া,,6,689,Jōyō Kanji
扱,handle/deal with  সামলানো/ব্যবহার করা,,6,690,Jōyō Kanji
丈,length/height  দৈর্ঘ্য/উচ্চতা,,3,691,Jōyō Kanji
史,history  ইতিহাস,,5,692,Jōyō Kanji
吏,official  কর্মকর্তা,,6,693,Jōyō Kanji
更,change/renew  পরিবর্তন করা/নবায়ন করা,,7,694,Jōyō Kanji
硬,hard  শক্ত,,12,695,Jōyō Kanji
又,again/also  আবার/এছাড়াও,,2,696,Jōyō Kanji
双,pair  জোড়া,,4,697,Jōyō Kanji
桑,mulberry tree  তুঁত গাছ,,10,698,Jōyō Kanji
隻,counter for ships/animals  জাহাজ/প্রাণীর গণনাকারী,,10,699,Jōyō Kanji
護,protect/defend  রক্ষা করা,,20,700,Jōyō Kanji
獲,catch/acquire  ধরা/অর্জন করা,,16,701,Jōyō Kanji
奴,slave/fellow  দাস/লোক,,5,702,Jōyō Kanji
怒,anger  রাগ,,9,703,Jōyō Kanji
友,friend  বন্ধু,,4,704,Jōyō Kanji
抜,pull out/omit  টেনে বের করা/বাদ দেওয়া,,7,705,Jōyō Kanji
投,throw  ছুড়ে দেওয়া,,7,706,Jōyō Kanji
没,drown/disappear  ডুবে যাওয়া/অদৃশ্য হওয়া,,7,707,Jōyō Kanji
設,establish/set up  স্থাপন করা/প্রতিষ্ঠা করা,,11,708,Jōyō Kanji
撃,attack/shoot  আক্রমণ করা/গুলি করা,,15,709,Jōyō Kanji
殻,shell/husk  খোলস,,11,710,Jōyō Kanji
支,support  সমর্থন করা,,4,711,Jōyō Kanji
技,skill/technique  দক্ষতা/কৌশল,,7,712,Jōyō Kanji
枝,branch  শাখা/ডাল,,8,713,Jōyō Kanji
肢,limb  অঙ্গ/হাত-পা,,8,714,Jōyō Kanji
茎,stem/stalk  কাণ্ড,,8,715,Jōyō Kanji
怪,strange/suspicious  অদ্ভুত/সন্দেহজনক,,8,716,Jōyō Kanji
軽,light/easy  হালকা/সহজ,,12,717,Jōyō Kanji
叔,uncle  চাচা/মামা,,8,718,Jōyō Kanji
督,supervise  তত্ত্বাবধান করা,,13,719,Jōyō Kanji
寂,lonely/quiet  একাকী/নিরিবিলি,,11,720,Jōyō Kanji
淑,graceful/virtuous  মার্জিত/সচ্চরিত্র,,11,721,Jōyō Kanji
反,against/opposite  বিরুদ্ধে/বিপরীত,,4,722,Jōyō Kanji
坂,slope/hill  ঢাল/পাহাড়ি রাস্তা,,7,723,Jōyō Kanji
板,board/plank  তক্তা/বোর্ড,,8,724,Jōyō Kanji
返,return/give back  ফেরত দেওয়া,,7,725,Jōyō Kanji
販,sell/marketing  বিক্রি করা/বাজারজাতকরণ,,11,726,Jōyō Kanji
爪,claw/nail  নখ/থাবার নখ,,4,727,Jōyō Kanji
妥,agreement/settlement  সমঝোতা/মীমাংসা,,7,728,Jōyō Kanji
乳,milk/breast  দুধ/স্তন,,8,729,Jōyō Kanji
浮,float  ভাসা,,10,730,Jōyō Kanji
将,leader/future  নেতা/ভবিষ্যৎ,,10,731,Jōyō Kanji
奨,encourage/recommend  উৎসাহিত করা/সুপারিশ করা,,13,732,Jōyō Kanji
採,collect/adopt  সংগ্রহ করা/গ্রহণ করা,,11,733,Jōyō Kanji
菜,vegetable  সবজি,,11,734,Jōyō Kanji
受,receive/accept  গ্রহণ করা,,8,735,Jōyō Kanji
授,teach/give  শিক্ষা দেওয়া/প্রদান করা,,11,736,Jōyō Kanji
愛,love  ভালোবাসা,,13,737,Jōyō Kanji
払,pay/wipe  পরিশোধ করা/মুছে ফেলা,,5,738,Jōyō Kanji
広,wide/spacious  প্রশস্ত/বিস্তৃত,,5,739,Jōyō Kanji
拡,expand  প্রসারিত করা,,8,740,Jōyō Kanji
鉱,ore/mineral  আকরিক/খনিজ,,13,741,Jōyō Kanji
弁,valve/speech  ভালভ/বক্তব্য,,5,742,Jōyō Kanji
雄,male/heroic  পুরুষ/বীরত্বপূর্ণ,,12,743,Jōyō Kanji
台,stand/platform  মঞ্চ/স্ট্যান্ড,,5,744,Jōyō Kanji
怠,lazy/negligent  অলস/অবহেলাপূর্ণ,,9,745,Jōyō Kanji
治,cure/govern  চিকিৎসা করা/শাসন করা,,8,746,Jōyō Kanji
始,begin/start  শুরু করা,,8,747,Jōyō Kanji
胎,womb/fetus  গর্ভ/ভ্রূণ,,9,748,Jōyō Kanji
窓,window  জানালা,,11,749,Jōyō Kanji
去,leave/past  চলে যাওয়া/অতীত,,5,750,Jōyō Kanji
法,law/method  আইন/পদ্ধতি,,8,751,Jōyō Kanji
会,meet/meeting  দেখা করা/সভা,,6,752,Jōyō Kanji
至,reach/arrive  পৌঁছানো,,6,753,Jōyō Kanji
室,room  কক্ষ,,9,754,Jōyō Kanji
到,arrive/reach  পৌঁছানো,,8,755,Jōyō Kanji
致,cause/do  ঘটানো/করা,,10,756,Jōyō Kanji
互,mutual  পারস্পরিক,,4,757,Jōyō Kanji
棄,abandon/discard  পরিত্যাগ করা/ফেলে দেওয়া,,13,758,Jōyō Kanji
育,raise/educate  লালন করা/শিক্ষা দেওয়া,,8,759,Jōyō Kanji
撤,withdraw/remove  প্রত্যাহার করা/সরিয়ে নেওয়া,,15,760,Jōyō Kanji
充,fill/supply  পূর্ণ করা/সরবরাহ করা,,6,761,Jōyō Kanji
銃,gun/firearm  বন্দুক/আগ্নেয়াস্ত্র,,14,762,Jōyō Kanji
硫,sulfur  সালফার,,12,763,Jōyō Kanji
流,flow  প্রবাহিত হওয়া,,10,764,Jōyō Kanji
允,permit/approve  অনুমতি দেওয়া/অনুমোদন করা,,4,765,Jinmeiyō Kanji
唆,instigate/encourage  প্ররোচিত করা,,10,766,Jōyō Kanji
出,exit/go out  বের হওয়া,,5,767,Jōyō Kanji
山,mountain  পাহাড়,,3,768,Jōyō Kanji
拙,clumsy/unskillful  অদক্ষ/আনাড়ি,,8,769,Jōyō Kanji
岩,rock  পাথর/শিলা,,8,770,Jōyō Kanji
炭,charcoal/coal  কাঠকয়লা/কয়লা,,9,771,Jōyō Kanji
岐,branching/branch  বিভাজন/শাখা,,7,772,Jōyō Kanji
峠,mountain pass  পাহাড়ি গিরিপথ,,9,773,Jōyō Kanji
崩,collapse/crumble  ধসে পড়া/ভেঙে পড়া,,11,774,Jōyō Kanji
密,dense/secret  ঘন/গোপন,,11,775,Jōyō Kanji
蜜,honey  মধু,,12,776,Jōyō Kanji
嵐,storm  ঝড়,,12,777,Jōyō Kanji
崎,cape/promontory  অন্তরীপ,,11,778,Jōyō Kanji
入,enter  প্রবেশ করা,,2,779,Jōyō Kanji
込,crowded/into  ভিড় করা/ভিতরে,,5,780,Jōyō Kanji
分,divide/part  ভাগ করা/অংশ,,4,781,Jōyō Kanji
貧,poor  দরিদ্র,,11,782,Jōyō Kanji
頒,distribute  বিতরণ করা,,13,783,Jōyō Kanji
公,public  জনসাধারণের/সরকারি,,4,784,Jōyō Kanji
松,pine tree  পাইন গাছ,,8,785,Jōyō Kanji
翁,old man  বৃদ্ধ ব্যক্তি,,10,786,Jōyō Kanji
訟,lawsuit/litigation  মামলা/বিচার,,11,787,Jōyō Kanji
谷,valley  উপত্যকা,,7,788,Jōyō Kanji
浴,bathe  গোসল করা,,10,789,Jōyō Kanji
容,contain/appearance  ধারণ করা/চেহারা,,10,790,Jōyō Kanji
溶,dissolve/melt  দ্রবীভূত করা/গলানো,,13,791,Jōyō Kanji
欲,desire  ইচ্ছা/আকাঙ্ক্ষা,,11,792,Jōyō Kanji
裕,abundant/wealthy  প্রাচুর্যপূর্ণ/ধনী,,12,793,Jōyō Kanji
鉛,lead  সীসা,,13,794,Jōyō Kanji
沿,along/follow  বরাবর চলা/অনুসরণ করা,,8,795,Jōyō Kanji
賞,prize/reward  পুরস্কার,,15,796,Jōyō Kanji
党,party/group  দল,,10,797,Jōyō Kanji
堂,hall  হলঘর,,11,798,Jōyō Kanji
常,usual/always  সাধারণ/সবসময়,,11,799,Jōyō Kanji
裳,skirt/clothing  স্কার্ট/পোশাক,,14,800,Jinmeiyō Kanji
掌,palm/handle  হাতের তালু/পরিচালনা করা,,12,801,Jōyō Kanji
皮,skin/hide  চামড়া,,5,802,Jōyō Kanji
波,wave  ঢেউ,,8,803,Jōyō Kanji
婆,old woman  বৃদ্ধা,,11,804,Jōyō Kanji
披,tear open/unfold  খুলে দেওয়া/মেলে ধরা,,8,805,Jōyō Kanji
破,break/destroy  ভাঙা/ধ্বংস করা,,10,806,Jōyō Kanji
被,be subjected to/cover  আক্রান্ত হওয়া/ঢেকে দেওয়া,,10,807,Jōyō Kanji
残,remain/leave behind  অবশিষ্ট থাকা/ফেলে যাওয়া,,10,808,Jōyō Kanji
殉,martyrdom/die for  শহীদ হওয়া/কারও জন্য প্রাণ দেওয়া,,10,809,Jōyō Kanji
殊,especially/different  বিশেষভাবে/ভিন্ন,,10,810,Jōyō Kanji
殖,increase/cultivate  বৃদ্ধি করা/চাষ করা,,12,811,Jōyō Kanji
列,row/line  সারি,,6,812,Jōyō Kanji
裂,split/tear  ছিঁড়ে যাওয়া/ফাটানো,,12,813,Jōyō Kanji
烈,violent/fierce  প্রচণ্ড/তীব্র,,10,814,Jōyō Kanji
死,death/die  মৃত্যু/মারা যাওয়া,,6,815,Jōyō Kanji
葬,bury/funeral  দাফন করা/শেষকৃত্য,,12,816,Jōyō Kanji
瞬,moment/blink  মুহূর্ত/চোখের পলক,,18,817,Jōyō Kanji
耳,ear  কান,,6,818,Jōyō Kanji
取,take  নেওয়া,,8,819,Jōyō Kanji
趣,meaning/interest  অর্থ/আগ্রহ,,15,820,Jōyō Kanji
最,most/extreme  সর্বাধিক/চরম,,12,821,Jōyō Kanji
撮,photograph/take  ছবি তোলা/নেওয়া,,15,822,Jōyō Kanji
恥,shame  লজ্জা,,10,823,Jōyō Kanji
職,job/duty  চাকরি/দায়িত্ব,,18,824,Jōyō Kanji
聖,holy/saint  পবিত্র/সন্ত,,13,825,Jōyō Kanji
敢,daring/brave  সাহসী/দুঃসাহসী,,12,826,Jōyō Kanji
聴,listen/hear  শোনা/মনোযোগ দিয়ে শোনা,,17,827,Jōyō Kanji
懐,nostalgia/pocket  স্মৃতিকাতরতা/পকেট,,16,828,Jōyō Kanji
慢,ridicule/neglect  উপহাস করা/অবহেলা করা,,14,829,Jōyō Kanji
漫,random/wandering  এলোমেলো/উদ্দেশ্যহীন,,14,830,Jōyō Kanji
買,buy  কেনা,,12,831,Jōyō Kanji
置,put/place  রাখা,,13,832,Jōyō Kanji
罰,punishment/penalty  শাস্তি/জরিমানা,,14,833,Jōyō Kanji
寧,rather/peaceful  বরং/শান্তিপূর্ণ,,14,834,Jōyō Kanji
濁,unclear/muddy  ঘোলা/অস্পষ্ট,,16,835,Jōyō Kanji
環,ring/circle  বৃত্ত/চক্র,,17,836,Jōyō Kanji
還,return  ফিরে আসা/ফেরত দেওয়া,,16,837,Jōyō Kanji
夫,husband/man  স্বামী/পুরুষ,,4,838,Jōyō Kanji
扶,help/support  সাহায্য করা/সমর্থন করা,,7,839,Jōyō Kanji
渓,mountain stream  পাহাড়ি ঝরনা,,11,840,Jōyō Kanji
規,rule/standard  নিয়ম/মানদণ্ড,,11,841,Jōyō Kanji
替,replace/exchange  প্রতিস্থাপন করা/বদলানো,,12,842,Jōyō Kanji
賛,praise/approve  প্রশংসা করা/অনুমোদন করা,,15,843,Jōyō Kanji
潜,dive/conceal  ডুব দেওয়া/লুকানো,,15,844,Jōyō Kanji
失,lose/miss  হারানো/ভুল করা,,5,845,Jōyō Kanji
鉄,iron  লোহা,,13,846,Jōyō Kanji
迭,alternate/change  পর্যায়ক্রমে বদলানো,,8,847,Jōyō Kanji
臣,minister/subject  মন্ত্রী/প্রজা,,7,848,Jōyō Kanji
姫,princess রাজকন্যা,,10,849,Jōyō Kanji
蔵,storehouse গুদাম/ভাণ্ডার,,15,850,Jōyō Kanji
臓,organ অঙ্গ,,19,851,Jōyō Kanji
賢,wise জ্ঞানী,,16,852,Jōyō Kanji
堅,hard/firm শক্ত/দৃঢ়,,12,853,Jōyō Kanji
臨,face/confront সম্মুখীন হওয়া,,18,854,Jōyō Kanji
覧,view/see দেখা,,17,855,Jōyō Kanji
巨,huge বিশাল,,5,856,Jōyō Kanji
拒,refuse প্রত্যাখ্যান করা,,8,857,Jōyō Kanji
力,power/strength শক্তি,,2,858,Jōyō Kanji
男,man/male পুরুষ,,7,859,Jōyō Kanji
労,labor/work শ্রম/কাজ,,7,860,Jōyō Kanji
募,recruit/collect নিয়োগ করা/সংগ্রহ করা,,12,861,Jōyō Kanji
劣,inferior নিকৃষ্ট,,6,862,Jōyō Kanji
功,achievement/merit কৃতিত্ব,,5,863,Jōyō Kanji
勧,recommend উৎসাহিত করা/সুপারিশ করা,,13,864,Jōyō Kanji
努,effort প্রচেষ্টা,,7,865,Jōyō Kanji
励,encourage উৎসাহিত করা,,7,866,Jōyō Kanji
加,add যোগ করা,,5,867,Jōyō Kanji
賀,congratulations অভিনন্দন,,12,868,Jōyō Kanji
架,erect/cross স্থাপন করা/পারাপার করা,,9,869,Jōyō Kanji
脇,side পাশ,,10,870,Jōyō Kanji
脅,threaten হুমকি দেওয়া,,10,871,Jōyō Kanji
協,cooperate সহযোগিতা করা,,8,872,Jōyō Kanji
行,go/act যাওয়া/কাজ করা,,6,873,Jōyō Kanji
律,law/rule আইন/নিয়ম,,9,874,Jōyō Kanji
復,restore/again পুনরুদ্ধার করা/আবার,,12,875,Jōyō Kanji
得,gain/obtain অর্জন করা/পাওয়া,,11,876,Jōyō Kanji
従,follow অনুসরণ করা,,10,877,Jōyō Kanji
徒,follower/empty অনুসারী/শূন্য,,10,878,Jōyō Kanji
待,wait অপেক্ষা করা,,9,879,Jōyō Kanji
往,go/way যাওয়া/পথ,,8,880,Jōyō Kanji
征,conquer/conquest জয় করা/বিজয়,,8,881,Jōyō Kanji
径,path/diameter পথ/ব্যাস,,8,882,Jōyō Kanji
彼,he/him সে/তাকে,,8,883,Jōyō Kanji
役,service/duty দায়িত্ব/সেবা,,7,884,Jōyō Kanji
徳,virtue/virtue নৈতিকতা/গুণ,,14,885,Jōyō Kanji
徹,thorough সম্পূর্ণ/নিখুঁত,,15,886,Jōyō Kanji
徴,sign/collect চিহ্ন/আদায় করা,,14,887,Jōyō Kanji
懲,punish শাস্তি দেওয়া,,18,888,Jōyō Kanji
微,slight/subtle সামান্য/সূক্ষ্ম,,13,889,Jōyō Kanji
街,street শহরের রাস্তা,,12,890,Jōyō Kanji
衡,balance ভারসাম্য,,16,891,Jōyō Kanji
稿,draft খসড়া,,15,892,Jōyō Kanji
稼,earn/income উপার্জন করা/আয়,,15,893,Jōyō Kanji
程,extent/degree মাত্রা/পরিমাণ,,12,894,Jōyō Kanji
税,tax কর,,12,895,Jōyō Kanji
稚,immature অপরিণত,,13,896,Jōyō Kanji
和,harmony/peace শান্তি/সম্প্রীতি,,8,897,Jōyō Kanji
移,move/transfer স্থানান্তর করা,,11,898,Jōyō Kanji
秒,second সেকেন্ড,,9,899,Jōyō Kanji
秋,autumn শরৎ,,9,900,Jōyō Kanji
愁,sorrow দুঃখ,,13,901,Jōyō Kanji
私,private/I ব্যক্তিগত/আমি,,7,902,Jōyō Kanji
秩,order শৃঙ্খলা,,10,903,Jōyō Kanji
秘,secret গোপন,,10,904,Jōyō Kanji
称,call/name নাম দেওয়া/বলা,,10,905,Jōyō Kanji
利,benefit/profit লাভ/সুবিধা,,7,906,Jōyō Kanji
梨,pear নাশপাতি,,11,907,Jōyō Kanji
穫,harvest ফসল,,18,908,Jōyō Kanji
穂,ear of grain শস্যের শীষ,,15,909,Jōyō Kanji
稲,rice plant ধানগাছ,,14,910,Jōyō Kanji
香,fragrance সুগন্ধ,,9,911,Jōyō Kanji
季,season ঋতু,,8,912,Jōyō Kanji
委,entrust/committee অর্পণ করা/কমিটি,,8,913,Jōyō Kanji
秀,excellent উৎকৃষ্ট,,7,914,Jōyō Kanji
透,pass through/transparent ভেদ করে যাওয়া/স্বচ্ছ,,10,915,Jōyō Kanji
誘,invite/entice আমন্ত্রণ করা/প্রলুব্ধ করা,,14,916,Jōyō Kanji
穀,grain শস্য,,14,917,Jōyō Kanji
菌,germ/fungus জীবাণু/ছত্রাক,,11,918,Jōyō Kanji
米,rice চাল/ভাত,,6,919,Jōyō Kanji
粉,flour/powder ময়দা/গুঁড়া,,10,920,Jōyō Kanji
粘,sticky আঠালো,,11,921,Jōyō Kanji
粒,grain/grain particle দানা,,11,922,Jōyō Kanji
粧,makeup প্রসাধন,,12,923,Jōyō Kanji
迷,lose one's way/confused পথ হারানো/বিভ্রান্ত,,9,924,Jōyō Kanji
粋,chic/refined রুচিশীল/পরিশীলিত,,10,925,Jōyō Kanji
糧,food/provisions খাদ্য/রসদ,,18,926,Jōyō Kanji
菊,chrysanthemum চন্দ্রমল্লিকা,,11,927,Jōyō Kanji
奥,inner part/depth ভিতরের অংশ/গভীরতা,,12,928,Jōyō Kanji
数,number/count সংখ্যা/গণনা,,13,929,Jōyō Kanji
楼,tower/building টাওয়ার/ভবন,,13,930,Jōyō Kanji
類,type/kind প্রকার/ধরন,,18,931,Jōyō Kanji
漆,lacquer বার্নিশ/ল্যাকার,,14,932,Jōyō Kanji
様,appearance/manner ধরন/রূপ,,14,933,Jōyō Kanji
求,seek/request খোঁজা/চাওয়া,,7,934,Jōyō Kanji
球,ball/sphere বল/গোলক,,11,935,Jōyō Kanji
救,save/rescue উদ্ধার করা,,11,936,Jōyō Kanji
竹,bamboo বাঁশ,,6,937,Jōyō Kanji
笑,laugh/smile হাসা,,10,938,Jōyō Kanji
笠,bamboo hat বাঁশের টুপি,,11,939,Jinmeiyō Kanji
笹,bamboo grass বাঁশজাতীয় ঘাস,,11,940,Jinmeiyō Kanji
筋,muscle/line পেশি/রেখা,,12,941,Jōyō Kanji
箱,box বাক্স,,15,942,Jōyō Kanji
筆,brush/pen তুলি/কলম,,12,943,Jōyō Kanji
筒,tube নল,,12,944,Jōyō Kanji
等,etc./equal ইত্যাদি/সমান,,12,945,Jōyō Kanji
算,calculate হিসাব করা,,14,946,Jōyō Kanji
答,answer উত্তর,,12,947,Jōyō Kanji
策,plan/measure পরিকল্পনা/ব্যবস্থা,,12,948,Jōyō Kanji
簿,register/record book খাতা/নথি,,19,949,Jōyō Kanji
築,build নির্মাণ করা,,16,950,Jōyō Kanji
人,person মানুষ,,2,951,Jōyō Kanji
佐,assist সাহায্য করা,,7,952,Jōyō Kanji
但,but/however কিন্তু/তবে,,7,953,Jōyō Kanji
住,live বাস করা,,7,954,Jōyō Kanji
位,rank/position পদমর্যাদা/অবস্থান,,7,955,Jōyō Kanji
仲,relationship/companion সম্পর্ক/সঙ্গী,,6,956,Jōyō Kanji
体,body শরীর,,7,957,Jōyō Kanji
悠,calm/leisurely শান্ত/ধীরস্থির,,11,958,Jōyō Kanji
件,matter/case বিষয়/ঘটনা,,6,959,Jōyō Kanji
仕,serve/work সেবা করা/কাজ করা,,5,960,Jōyō Kanji
他,other অন্য,,5,961,Jōyō Kanji
伏,prostrate/hide নত হওয়া/লুকানো,,6,962,Jōyō Kanji
伝,transmit/tell জানানো/প্রচার করা,,6,963,Jōyō Kanji
仏,Buddha বুদ্ধ,,4,964,Jōyō Kanji
休,rest বিশ্রাম নেওয়া,,6,965,Jōyō Kanji
仮,temporary/assume অস্থায়ী/ধরে নেওয়া,,6,966,Jōyō Kanji
伯,count/uncle কাউন্ট/চাচা,,7,967,Jōyō Kanji
俗,vulgar/custom প্রচলিত রীতি/সাধারণ,,9,968,Jōyō Kanji
信,believe/trust বিশ্বাস করা,,9,969,Jōyō Kanji
佳,excellent/good উৎকৃষ্ট/ভালো,,8,970,Jōyō Kanji
依,depend on নির্ভর করা,,8,971,Jōyō Kanji
例,example উদাহরণ,,8,972,Jōyō Kanji
個,individual/one item পৃথক/একটি,,10,973,Jōyō Kanji
健,healthy স্বাস্থ্যবান,,11,974,Jōyō Kanji
側,side পাশ,,11,975,Jōyō Kanji
侍,samurai/serve সামুরাই/সেবা করা,,8,976,Jōyō Kanji
停,stop থামা,,11,977,Jōyō Kanji
値,value/price মূল্য/দাম,,10,978,Jōyō Kanji
倣,imitate অনুকরণ করা,,10,979,Jōyō Kanji
倒,fall/knock down পড়ে যাওয়া/ফেলে দেওয়া,,10,980,Jōyō Kanji
偵,spy/investigate গোয়েন্দা/তদন্ত করা,,11,981,Jōyō Kanji
僧,monk সন্ন্যাসী,,13,982,Jōyō Kanji
億,hundred million দশ কোটি,,15,983,Jōyō Kanji
儀,ceremony/rite অনুষ্ঠান/আচার,,15,984,Jōyō Kanji
償,compensate ক্ষতিপূরণ করা,,17,985,Jōyō Kanji
仙,hermit/immortal ঋষি/অমর ব্যক্তি,,5,986,Jōyō Kanji
催,sponsor/hold আয়োজন করা,,13,987,Jōyō Kanji
仁,humanity মানবতা,,4,988,Jōyō Kanji
侮,despise অবজ্ঞা করা,,8,989,Jōyō Kanji
使,use ব্যবহার করা,,8,990,Jōyō Kanji
便,convenient/convenience সুবিধাজনক/সুবিধা,,9,991,Jōyō Kanji
倍,double/times দ্বিগুণ/গুণ,,10,992,Jōyō Kanji
優,superior/gentle উৎকৃষ্ট/নম্র,,17,993,Jōyō Kanji
伐,cut down কেটে ফেলা,,6,994,Jōyō Kanji
宿,inn/stay সরাইখানা/থাকা,,11,995,Jōyō Kanji
傷,injury/hurt আঘাত/আহত করা,,13,996,Jōyō Kanji
保,protect/maintain রক্ষা করা/বজায় রাখা,,9,997,Jōyō Kanji
褒,praise প্রশংসা করা,,15,998,Jōyō Kanji
傑,great person/hero মহান ব্যক্তি/বীর,,13,999,Jōyō Kanji
付,attach/give সংযুক্ত করা/দেওয়া,,5,1000,Jōyō Kanji
符,token/sign চিহ্ন/প্রতীক,,11,1001,Jōyō Kanji
府,government office সরকারি দপ্তর,,8,1002,Jōyō Kanji
任,duty/entrust দায়িত্ব/অর্পণ করা,,6,1003,Jōyō Kanji
賃,rent/fee ভাড়া/ফি,,13,1004,Jōyō Kanji
代,substitute/generation বিকল্প/প্রজন্ম,,5,1005,Jōyō Kanji
袋,bag ব্যাগ/থলে,,11,1006,Jōyō Kanji
貸,lend ধার দেওয়া,,12,1007,Jōyō Kanji
化,change/transform পরিবর্তন করা/রূপান্তর করা,,4,1008,Jōyō Kanji
花,flower ফুল,,7,1009,Jōyō Kanji
貨,goods/commodity পণ্য,,11,1010,Jōyō Kanji
傾,lean/incline হেলে পড়া/ঝোঁকা,,13,1011,Jōyō Kanji
何,what কী,,7,1012,Jōyō Kanji
荷,luggage/load মালপত্র/বোঝা,,10,1013,Jōyō Kanji
俊,excellent/talented প্রতিভাবান/উৎকৃষ্ট,,9,1014,Jōyō Kanji
傍,beside/near পাশে/কাছাকাছি,,12,1015,Jōyō Kanji
久,long time দীর্ঘ সময়,,3,1016,Jōyō Kanji
畝,ridge/field measure জমির মাপ/ক্ষেতের সারি,,10,1017,Jōyō Kanji
囚,prisoner বন্দী,,5,1018,Jōyō Kanji
内,inside/within ভিতর/অভ্যন্তর,,4,1019,Jōyō Kanji
丙,third/third rank তৃতীয়/তৃতীয় শ্রেণি,,5,1020,Jōyō Kanji
柄,handle/pattern হাতল/নকশা,,9,1021,Jōyō Kanji
肉,meat মাংস,,6,1022,Jōyō Kanji
腐,rot/decay পচা/পচন,,14,1023,Jōyō Kanji
座,seat/sit আসন/বসা,,10,1024,Jōyō Kanji
卒,graduate/finish স্নাতক হওয়া/শেষ করা,,8,1025,Jōyō Kanji
傘,umbrella ছাতা,,12,1026,Jōyō Kanji
匁,monme (unit of weight) ওজনের একক,,4,1027,Jinmeiyō Kanji
以,by/with/than দ্বারা/দিয়ে/থেকে,,5,1028,Jōyō Kanji
似,resemble/similar সাদৃশ্য থাকা/মতো হওয়া,,7,1029,Jōyō Kanji
併,combine/merge একত্র করা,,8,1030,Jōyō Kanji
瓦,tile টালি,,5,1031,Jōyō Kanji
瓶,bottle বোতল,,11,1032,Jōyō Kanji
宮,shrine/palace মন্দির/প্রাসাদ,,10,1033,Jōyō Kanji
営,operate/manage পরিচালনা করা,,12,1034,Jōyō Kanji
善,good/goodness ভালো/কল্যাণ,,12,1035,Jōyō Kanji
年,year বছর,,6,1036,Jōyō Kanji
夜,night রাত,,8,1037,Jōyō Kanji
液,liquid তরল,,11,1038,Jōyō Kanji
塚,mound/tomb ঢিবি/সমাধি,,12,1039,Jōyō Kanji
幣,money/offering টাকা/উৎসর্গ,,15,1040,Jōyō Kanji
弊,bad practice/harm ক্ষতিকর প্রথা/ক্ষতি,,15,1041,Jōyō Kanji
喚,call/shout ডাকা/চিৎকার করা,,12,1042,Jōyō Kanji
換,exchange/change বিনিময় করা/পরিবর্তন করা,,12,1043,Jōyō Kanji
融,melt/dissolve গলানো/মিশে যাওয়া,,16,1044,Jōyō Kanji
施,perform/give প্রয়োগ করা/দেওয়া,,9,1045,Jōyō Kanji
旋,rotate ঘোরানো,,11,1046,Jōyō Kanji
遊,play/travel খেলা/ভ্রমণ করা,,12,1047,Jōyō Kanji
旅,travel/journey ভ্রমণ/যাত্রা,,10,1048,Jōyō Kanji
勿,must not/never করা যাবে না/কখনো নয়,,4,1049,Jinmeiyō Kanji
物,thing/thing বস্তু/জিনিস,,8,1050,Jōyō Kanji
易,easy/easily সহজ/সহজে,,8,1051,Jōyō Kanji
賜,grant/give প্রদান করা/দেওয়া,,15,1052,Jōyō Kanji
尿,urine প্রস্রাব,,7,1053,Jōyō Kanji
尼,nun সন্ন্যাসিনী,,5,1054,Jōyō Kanji
泥,mud কাদা,,8,1055,Jōyō Kanji
塀,fence/wall বেড়া/দেয়াল,,12,1056,Jōyō Kanji
履,put on/wear পরা,,15,1057,Jōyō Kanji
屋,shop/roof দোকান/ছাদ,,9,1058,Jōyō Kanji
握,grip/hold আঁকড়ে ধরা/ধরা,,12,1059,Jōyō Kanji
屈,yield/bend নত হওয়া/বাঁকানো,,8,1060,Jōyō Kanji
掘,dig খনন করা,,11,1061,Jōyō Kanji
堀,moat পরিখা,,11,1062,Jōyō Kanji
居,be/stay থাকা,,8,1063,Jōyō Kanji
据,set/place স্থাপন করা,,11,1064,Jōyō Kanji
層,layer স্তর,,14,1065,Jōyō Kanji
局,office/bureau দপ্তর/বিভাগ,,7,1066,Jōyō Kanji
遅,late/slow দেরি/ধীর,,12,1067,Jōyō Kanji
漏,leak/omit চুইয়ে পড়া/বাদ দেওয়া,,14,1068,Jōyō Kanji
刷,print/brush মুদ্রণ করা/ব্রাশ করা,,8,1069,Jōyō Kanji
尺,shaku (unit of length) দৈর্ঘ্যের একক,,4,1070,Jōyō Kanji
尽,exhaust/use up শেষ করে ফেলা/নিঃশেষ করা,,6,1071,Jōyō Kanji
沢,swamp/marsh জলাভূমি,,7,1072,Jōyō Kanji
訳,meaning/translate অর্থ/অনুবাদ করা,,11,1073,Jōyō Kanji
択,choose নির্বাচন করা,,7,1074,Jōyō Kanji
昼,daytime/noon দিনের বেলা/দুপুর,,9,1075,Jōyō Kanji
戸,door/household দরজা/পরিবার,,4,1076,Jōyō Kanji
肩,shoulder কাঁধ,,8,1077,Jōyō Kanji
房,room/bunch কক্ষ/গুচ্ছ,,8,1078,Jōyō Kanji
扇,fan পাখা,,10,1079,Jōyō Kanji
炉,hearth/furnace চুল্লি,,8,1080,Jōyō Kanji
戻,return ফিরে আসা,,7,1081,Jōyō Kanji
涙,tear অশ্রু,,10,1082,Jōyō Kanji
雇,employ নিয়োগ করা,,12,1083,Jōyō Kanji
顧,look back/consider ফিরে তাকানো/বিবেচনা করা,,21,1084,Jōyō Kanji
啓,enlighten/inform অবহিত করা/জ্ঞানদান করা,,11,1085,Jōyō Kanji
示,show/indicate দেখানো/নির্দেশ করা,,5,1086,Jōyō Kanji
礼,thanks/etiquette ধন্যবাদ/শিষ্টাচার,,5,1087,Jōyō Kanji
祥,auspicious/lucky শুভ/সৌভাগ্যপূর্ণ,,10,1088,Jōyō Kanji
祝,celebrate/congratulate উদযাপন করা/অভিনন্দন করা,,9,1089,Jōyō Kanji
福,fortune/luck সৌভাগ্য,,13,1090,Jōyō Kanji
祉,welfare কল্যাণ,,8,1091,Jōyō Kanji
社,company/shrine কোম্পানি/মন্দির,,7,1092,Jōyō Kanji
視,look at/regard দেখা/বিবেচনা করা,,11,1093,Jōyō Kanji
奈,what kind of/奈 (phonetic) কী ধরনের/ধ্বনিগত অক্ষর,,8,1094,Jōyō Kanji
尉,military officer সামরিক কর্মকর্তা,,11,1095,Jōyō Kanji
慰,console/comfort সান্ত্বনা দেওয়া,,15,1096,Jōyō Kanji
款,plan/agreement পরিকল্পনা/চুক্তি,,12,1097,Jōyō Kanji
禁,prohibit/ban নিষেধ করা,,13,1098,Jōyō Kanji
襟,collar কলার,,18,1099,Jōyō Kanji
宗,religion/sect ধর্ম/সম্প্রদায়,,8,1100,Jōyō Kanji
崇,worship/revere পূজা করা/শ্রদ্ধা করা,,11,1101,Jōyō Kanji
祭,festival/celebrate উৎসব/উদযাপন করা,,11,1102,Jōyō Kanji
察,inspect/guess পরীক্ষা করা/অনুমান করা,,14,1103,Jōyō Kanji
擦,rub/擦া ঘষা,,17,1104,Jōyō Kanji
由,reason/cause কারণ,,5,1105,Jōyō Kanji
抽,pull out/抽取 টেনে বের করা,,8,1106,Jōyō Kanji
油,oil তেল,,8,1107,Jōyō Kanji
袖,sleeve হাতার অংশ,,10,1108,Jōyō Kanji
宙,midair/space আকাশ/মহাকাশ,,8,1109,Jōyō Kanji
届,deliver/reach পৌঁছানো/সরবরাহ করা,,8,1110,Jōyō Kanji
笛,flute বাঁশি,,11,1111,Jōyō Kanji
軸,axis/shaft অক্ষ/দণ্ড,,12,1112,Jōyō Kanji
甲,armor/shell প্রথম/বর্ম/খোলস,,5,1113,Jōyō Kanji
押,push চাপ দেওয়া,,8,1114,Jōyō Kanji
岬,cape/headland অন্তরীপ,,8,1115,Jōyō Kanji
挿,insert ঢোকানো,,10,1116,Jōyō Kanji
申,say/apply বলা/আবেদন করা,,5,1117,Jōyō Kanji
伸,stretch/extend প্রসারিত করা,,7,1118,Jōyō Kanji
神,god/spirit ঈশ্বর/আত্মা,,9,1119,Jōyō Kanji
捜,search খোঁজা,,10,1120,Jōyō Kanji
果,fruit/result ফল/ফলাফল,,8,1121,Jōyō Kanji
菓,sweets/confectionery মিষ্টান্ন,,11,1122,Jōyō Kanji
課,lesson/section পাঠ/বিভাগ,,15,1123,Jōyō Kanji
裸,naked/bare নগ্ন,,13,1124,Jōyō Kanji
斤,kin (unit of weight) ওজনের একক,,4,1125,Jōyō Kanji
析,analyze বিশ্লেষণ করা,,8,1126,Jōyō Kanji
所,place স্থান,,8,1127,Jōyō Kanji
祈,pray প্রার্থনা করা,,8,1128,Jōyō Kanji
近,near/close কাছাকাছি,,7,1129,Jōyō Kanji
折,fold/break ভাঁজ করা/ভাঙা,,7,1130,Jōyō Kanji
哲,wisdom/philosophy প্রজ্ঞা/দর্শন,,10,1131,Jōyō Kanji
逝,die/pass away মৃত্যুবরণ করা,,10,1132,Jōyō Kanji
誓,vow/swear শপথ করা,,14,1133,Jōyō Kanji
暫,temporarily/for a while সাময়িকভাবে/কিছুক্ষণের জন্য,,15,1134,Jōyō Kanji
漸,gradually ধীরে ধীরে,,14,1135,Jōyō Kanji
断,cut off/decide বিচ্ছিন্ন করা/সিদ্ধান্ত নেওয়া,,11,1136,Jōyō Kanji
質,quality/question গুণমান/প্রশ্ন,,15,1137,Jōyō Kanji
斥,reject/reproach প্রত্যাখ্যান করা/তিরস্কার করা,,5,1138,Jōyō Kanji
訴,sue/appeal মামলা করা/অভিযোগ করা,,12,1139,Jōyō Kanji
昨,yesterday/previous গতকাল/পূর্ববর্তী,,9,1140,Jōyō Kanji
詐,deceive/fraud প্রতারণা করা/প্রতারণা,,12,1141,Jōyō Kanji
作,make/create তৈরি করা/সৃষ্টি করা,,7,1142,Jōyō Kanji
雪,snow তুষার,,11,1143,Jōyō Kanji
録,record রেকর্ড/লিপিবদ্ধ করা,,16,1144,Jōyō Kanji
尋,ask/search জিজ্ঞাসা করা/খোঁজা,,12,1145,Jōyō Kanji
急,hurry/urgent তাড়াহুড়ো করা/জরুরি,,9,1146,Jōyō Kanji
穏,calm/gentle শান্ত/নম্র,,16,1147,Jōyō Kanji
侵,invade/infringe আক্রমণ করা/লঙ্ঘন করা,,9,1148,Jōyō Kanji
浸,soak/immerse ভিজিয়ে দেওয়া/ডুবানো,,10,1149,Jōyō Kanji
寝,sleep/go to bed ঘুমানো/শুতে যাওয়া,,13,1150,Jōyō Kanji
婦,woman/wife নারী/স্ত্রী,,11,1151,Jōyō Kanji
掃,sweep পরিষ্কার করা/ঝাড়ু দেওয়া,,11,1152,Jōyō Kanji
当,hit/correct উপযুক্ত হওয়া/আঘাত করা,,6,1153,Jōyō Kanji
争,fight/dispute ঝগড়া করা/বিরোধ,,6,1154,Jōyō Kanji
浄,pure/clean বিশুদ্ধ/পরিষ্কার,,9,1155,Jōyō Kanji
事,thing/matter বিষয়/ঘটনা,,8,1156,Jōyō Kanji
唐,China/Chinese চীন/চীনা,,10,1157,Jōyō Kanji
糖,sugar চিনি,,16,1158,Jōyō Kanji
康,health/healthy স্বাস্থ্য/সুস্থতা,,11,1159,Jōyō Kanji
逮,arrest গ্রেপ্তার করা,,11,1160,Jōyō Kanji
伊,Italy/that person ইতালি/সেই ব্যক্তি,,6,1161,Jinmeiyō Kanji
君,you/lord তুমি/প্রভু,,7,1162,Jōyō Kanji
群,group/flock দল/ঝাঁক,,13,1163,Jōyō Kanji
耐,endure সহ্য করা,,9,1164,Jōyō Kanji
需,demand/need চাহিদা/প্রয়োজন,,14,1165,Jōyō Kanji
儒,Confucian/Confucianism কনফুসীয়/কনফুসীয় মতবাদ,,16,1166,Jōyō Kanji
端,end/edge প্রান্ত/শেষ,,14,1167,Jōyō Kanji
両,both/both sides উভয়/দুই পক্ষ,,6,1168,Jōyō Kanji
満,full/satisfy পূর্ণ/সন্তুষ্ট করা,,12,1169,Jōyō Kanji
画,picture/plan ছবি/পরিকল্পনা,,8,1170,Jōyō Kanji
歯,tooth দাঁত,,12,1171,Jōyō Kanji
曲,bend/music বাঁক/সঙ্গীত,,6,1172,Jōyō Kanji
曹,fellow/group সহকর্মী/দল,,11,1173,Jōyō Kanji
遭,encounter/meet সম্মুখীন হওয়া,,14,1174,Jōyō Kanji
漕,row/transport by boat দাঁড় টানা/নৌকায় বহন করা,,14,1175,Jinmeiyō Kanji
槽,tank/trough ট্যাংক/চৌবাচ্চা,,15,1176,Jōyō Kanji
斗,measure/dipper মাপ/বালতি,,4,1177,Jōyō Kanji
料,material/fee উপকরণ/ফি,,10,1178,Jōyō Kanji
科,section/subject বিভাগ/বিষয়,,9,1179,Jōyō Kanji
図,diagram/plan চিত্র/পরিকল্পনা,,7,1180,Jōyō Kanji
用,use/usage ব্যবহার,,5,1181,Jōyō Kanji
庸,ordinary/mediocre সাধারণ/মধ্যম,,11,1182,Jōyō Kanji
備,prepare/equip প্রস্তুত করা/সজ্জিত করা,,12,1183,Jōyō Kanji
昔,past/old days অতীত/পুরনো দিন,,8,1184,Jōyō Kanji
錯,mistake/confusion ভুল/বিভ্রান্তি,,16,1185,Jōyō Kanji
借,borrow ধার নেওয়া,,10,1186,Jōyō Kanji
惜,regret/be frugal আফসোস করা/সাশ্রয়ী হওয়া,,11,1187,Jōyō Kanji
措,set aside/handle আলাদা রাখা/ব্যবস্থা করা,,11,1188,Jōyō Kanji
散,scatter/disperse ছড়িয়ে দেওয়া/বিচ্ছিন্ন করা,,12,1189,Jōyō Kanji
廿,twenty বিশ,,4,1190,Jinmeiyō Kanji
庶,common/various সাধারণ/বিভিন্ন,,11,1191,Jōyō Kanji
遮,intercept/block বাধা দেওয়া/আটকানো,,14,1192,Jōyō Kanji
席,seat/place আসন/স্থান,,10,1193,Jōyō Kanji
度,degree/time মাত্রা/বার,,9,1194,Jōyō Kanji
渡,cross/transfer পার হওয়া/স্থানান্তর করা,,12,1195,Jōyō Kanji
奔,run/dash দৌড়ানো/ছুটে যাওয়া,,8,1196,Jōyō Kanji
噴,spout/spray ছিটানো/উদ্গীরণ করা,,15,1197,Jōyō Kanji
墳,tomb/mound সমাধি/ঢিবি,,15,1198,Jōyō Kanji
憤,anger/resentment ক্রোধ/ক্ষোভ,,15,1199,Jōyō Kanji
焼,burn/roast পোড়ানো/ভাজা,,12,1200,Jōyō Kanji
暁,dawn/dawn upon ভোর/উপলব্ধি হওয়া,,12,1201,Jōyō Kanji
半,half অর্ধেক,,5,1202,Jōyō Kanji
伴,companion/accompany সঙ্গী/সঙ্গ দেওয়া,,7,1203,Jōyō Kanji
畔,bank/shore তীর/পাড়,,10,1204,Jōyō Kanji
判,judge/judgment বিচার করা/রায়,,7,1205,Jōyō Kanji
券,ticket/coupon টিকিট/কুপন,,8,1206,Jōyō Kanji
巻,scroll/roll প্যাঁচ/গুটানো,,9,1207,Jōyō Kanji
圏,sphere/zone ক্ষেত্র/অঞ্চল,,12,1208,Jōyō Kanji
勝,win/victory জয় করা/বিজয়,,12,1209,Jōyō Kanji
藤,wisteria উইস্টেরিয়া ফুল,,18,1210,Jōyō Kanji
謄,copy/transcribe নকল করা/অনুলিপি করা,,17,1211,Jōyō Kanji
片,one side/piece এক পাশ/টুকরা,,4,1212,Jōyō Kanji
版,edition/printing সংস্করণ/মুদ্রণ,,8,1213,Jōyō Kanji
之,of/this এর/এটি,,3,1214,Jinmeiyō Kanji
乏,lack/scarce অভাব/দুর্লভ,,4,1215,Jōyō Kanji
芝,lawn/turf ঘাসের মাঠ/ঘাস,,6,1216,Jōyō Kanji
不,not/non- না/অ-,,4,1217,Jōyō Kanji
否,no/deny না/অস্বীকার করা,,7,1218,Jōyō Kanji
杯,cup/glass কাপ/গ্লাস,,8,1219,Jōyō Kanji
矢,arrow তীর,,5,1220,Jōyō Kanji
矯,correct/rectify সংশোধন করা,,17,1221,Jōyō Kanji
族,family/tribe পরিবার/গোষ্ঠী,,11,1222,Jōyō Kanji
知,know/knowledge জানা/জ্ঞান,,8,1223,Jōyō Kanji
智,wisdom প্রজ্ঞা,,12,1224,Jinmeiyō Kanji
矛,spear বর্শা,,5,1225,Jōyō Kanji
柔,soft/gentle নরম/কোমল,,9,1226,Jōyō Kanji
務,duty/work দায়িত্ব/কাজ,,11,1227,Jōyō Kanji
霧,fog কুয়াশা,,19,1228,Jōyō Kanji
班,group/squad দল/দলগত ইউনিট,,10,1229,Jōyō Kanji
帰,return ফিরে আসা,,10,1230,Jōyō Kanji
弓,bow ধনুক,,3,1231,Jōyō Kanji
引,pull/draw টানা,,4,1232,Jōyō Kanji
弔,mourn/condolence শোক করা/সমবেদনা,,4,1233,Jōyō Kanji
弘,wide/broad বিস্তৃত,,5,1234,Jinmeiyō Kanji
強,strong/strength শক্তিশালী/শক্তি,,11,1235,Jōyō Kanji
弱,weak দুর্বল,,10,1236,Jōyō Kanji
沸,boil ফুটতে থাকা,,8,1237,Jōyō Kanji
費,expense/cost খরচ/ব্যয়,,12,1238,Jōyō Kanji
第,number/order নম্বর/ক্রম,,11,1239,Jōyō Kanji
弟,younger brother ছোট ভাই,,7,1240,Jōyō Kanji
巧,skillful/clever দক্ষ/চতুর,,5,1241,Jōyō Kanji
号,number/name নম্বর/নাম,,5,1242,Jōyō Kanji
朽,decay/rot পচে যাওয়া,,6,1243,Jōyō Kanji
誇,boast/proud গর্ব করা,,13,1244,Jōyō Kanji
汚,dirty/dirtying নোংরা/নোংরা করা,,6,1245,Jōyō Kanji
与,give/provide দেওয়া/প্রদান করা,,3,1246,Jōyō Kanji
写,copy/photograph অনুলিপি করা/ছবি তোলা,,5,1247,Jōyō Kanji
身,body শরীর,,7,1248,Jōyō Kanji
射,shoot/emit ছোড়া/নিক্ষেপ করা,,10,1249,Jōyō Kanji
謝,thank/apologize ধন্যবাদ দেওয়া/ক্ষমা চাওয়া,,17,1250,Jōyō Kanji
老,old/aged বৃদ্ধ/পুরনো,,6,1251,Jōyō Kanji
考,think/consider চিন্তা করা/বিবেচনা করা,,6,1252,Jōyō Kanji
孝,filial piety পিতামাতার প্রতি কর্তব্য,,7,1253,Jōyō Kanji
教,teach শিক্ষা দেওয়া,,11,1254,Jōyō Kanji
拷,torture নির্যাতন করা,,9,1255,Jōyō Kanji
者,person/person who ব্যক্তি,,8,1256,Jōyō Kanji
煮,boil/cook সিদ্ধ করা/রান্না করা,,12,1257,Jōyō Kanji
著,write/publish লেখা/প্রকাশ করা,,11,1258,Jōyō Kanji
署,office/authority দপ্তর/কর্তৃপক্ষ,,13,1259,Jōyō Kanji
暑,hot গরম,,12,1260,Jōyō Kanji
諸,various/various matters বিভিন্ন,,15,1261,Jōyō Kanji
猪,boar/pig বন্য শূকর/শূকর,,11,1262,Jinmeiyō Kanji
渚,shore/beach তীর/সমুদ্রসৈকত,,11,1263,Jinmeiyō Kanji
賭,bet/gamble বাজি ধরা/জুয়া খেলা,,15,1264,Jōyō Kanji
峡,gorge/valley গিরিখাত/উপত্যকা,,9,1265,Jōyō Kanji
狭,narrow সরু,,9,1266,Jōyō Kanji
挟,squeeze/hold between চেপে ধরা/মাঝে আটকে রাখা,,9,1267,Jōyō Kanji
追,chase/follow তাড়া করা/অনুসরণ করা,,9,1268,Jōyō Kanji
師,teacher/master শিক্ষক/গুরু,,10,1269,Jōyō Kanji
帥,commander/leader সেনাপতি/নেতা,,9,1270,Jōyō Kanji
官,government official/office সরকারি কর্মকর্তা/দপ্তর,,8,1271,Jōyō Kanji
棺,coffin কফিন,,12,1272,Jōyō Kanji
管,pipe/tube নল/পাইপ,,14,1273,Jōyō Kanji
父,father বাবা,,4,1274,Jōyō Kanji
交,mix/interchange মেশানো/বিনিময়,,6,1275,Jōyō Kanji
効,effect/effective প্রভাব/কার্যকর,,8,1276,Jōyō Kanji
較,compare তুলনা করা,,13,1277,Jōyō Kanji
校,school স্কুল,,10,1278,Jōyō Kanji
足,foot/leg পা,,7,1279,Jōyō Kanji
促,urge/prompt তাগাদা দেওয়া,,9,1280,Jōyō Kanji
距,distance দূরত্ব,,12,1281,Jōyō Kanji
路,road/route রাস্তা/পথ,,13,1282,Jōyō Kanji
露,dew/expose শিশির/প্রকাশ করা,,21,1283,Jōyō Kanji
跳,jump লাফ দেওয়া,,13,1284,Jōyō Kanji
躍,jump/leap লাফানো,,21,1285,Jōyō Kanji
践,practice/step অনুশীলন করা/পদক্ষেপ নেওয়া,,13,1286,Jōyō Kanji
踏,step/stamp পদক্ষেপ নেওয়া/পা দিয়ে চাপা,,15,1287,Jōyō Kanji
骨,bone হাড়,,10,1288,Jōyō Kanji
滑,slip/smooth পিছলে যাওয়া/মসৃণ,,13,1289,Jōyō Kanji
髄,marrow মজ্জা,,19,1290,Jōyō Kanji
禍,disaster/misfortune দুর্যোগ/দুর্ভাগ্য,,13,1291,Jōyō Kanji
渦,whirlpool ঘূর্ণাবর্ত,,12,1292,Jōyō Kanji
過,pass/exceed পার হওয়া/অতিক্রম করা,,12,1293,Jōyō Kanji
阪,slope/height ঢাল/উঁচু পথ,,7,1294,Jōyō Kanji
阿,flatter/region তোষামোদ করা/অঞ্চল,,8,1295,Jinmeiyō Kanji
際,occasion/border সময়/সীমা,,14,1296,Jōyō Kanji
障,obstacle/hinder বাধা/বাধা দেওয়া,,14,1297,Jōyō Kanji
随,follow/according to অনুসরণ করা/অনুযায়ী,,12,1298,Jōyō Kanji
陪,accompany সঙ্গ দেওয়া,,11,1299,Jōyō Kanji
陽,sun/positive সূর্য/ইতিবাচক,,12,1300,Jōyō Kanji
陳,exhibit/state প্রদর্শন করা/বর্ণনা করা,,11,1301,Jōyō Kanji
防,prevent/defend প্রতিরোধ করা/রক্ষা করা,,7,1302,Jōyō Kanji
附,attach/append সংযুক্ত করা,,8,1303,Jōyō Kanji
院,institution/hospital প্রতিষ্ঠান/হাসপাতাল,,10,1304,Jōyō Kanji
陣,camp/formation শিবির/বিন্যাস,,10,1305,Jōyō Kanji
隊,group/unit দল/ইউনিট,,12,1306,Jōyō Kanji
墜,fall/drop পড়ে যাওয়া,,15,1307,Jōyō Kanji
降,descend/fall নামা/পড়া,,10,1308,Jōyō Kanji
階,floor/step তলা/ধাপ,,12,1309,Jōyō Kanji
陛,highness/steps to throne মহামান্য/সিংহাসনের সিঁড়ি,,10,1310,Jōyō Kanji
隣,neighbor/adjacent প্রতিবেশী/সংলগ্ন,,16,1311,Jōyō Kanji
隔,separate/隔ে দূরে রাখা,,13,1312,Jōyō Kanji
隠,hide/conceal লুকানো,,14,1313,Jōyō Kanji
堕,fall/degenerate পতিত হওয়া/অবনতি হওয়া,,12,1314,Jōyō Kanji
陥,fall into/collapse পতিত হওয়া/ধসে পড়া,,10,1315,Jōyō Kanji
穴,hole গর্ত,,5,1316,Jōyō Kanji
空,empty/sky খালি/আকাশ,,8,1317,Jōyō Kanji
控,hold back/control সংযত রাখা/নিয়ন্ত্রণ করা,,11,1318,Jōyō Kanji
突,stab/collision হঠাৎ ধাক্কা দেওয়া/আঘাত করা,,8,1319,Jōyō Kanji
究,investigate/study গবেষণা করা/অধ্যয়ন করা,,7,1320,Jōyō Kanji
窒,suffocate/block দমবন্ধ করা/বন্ধ করা,,11,1321,Jōyō Kanji
窃,steal/secretly চুরি করা/গোপনে,,9,1322,Jōyō Kanji
窪,depression/hollow নিচু গর্ত/খাঁজ,,14,1323,Jinmeiyō Kanji
搾,squeeze চাপ দিয়ে বের করা,,13,1324,Jōyō Kanji
窯,kiln চুল্লি,,15,1325,Jōyō Kanji
窮,poor/in distress দরিদ্র/দুরবস্থায়,,15,1326,Jōyō Kanji
探,search/explore অনুসন্ধান করা,,11,1327,Jōyō Kanji
深,deep গভীর,,11,1328,Jōyō Kanji
丘,hill পাহাড়ি ঢিবি,,5,1329,Jōyō Kanji
岳,mountain পর্বত,,8,1330,Jōyō Kanji
兵,soldier/military সৈনিক/সামরিক,,7,1331,Jōyō Kanji
浜,beach/shore সমুদ্রতীর/তীর,,10,1332,Jōyō Kanji
糸,thread সুতা,,6,1333,Jōyō Kanji
織,weave/cloth বোনা/বস্ত্র,,18,1334,Jōyō Kanji
繕,repair/mend মেরামত করা,,18,1335,Jōyō Kanji
縮,shrink/shorten সংকুচিত করা/ছোট করা,,17,1336,Jōyō Kanji
繁,prosperous/dense সমৃদ্ধ/ঘন,,16,1337,Jōyō Kanji
縦,vertical/lengthwise উল্লম্ব/লম্বালম্বি,,16,1338,Jōyō Kanji
線,line রেখা,,15,1339,Jōyō Kanji
締,tighten/close শক্ত করা/বন্ধ করা,,15,1340,Jōyō Kanji
維,maintain/preserve বজায় রাখা/সংরক্ষণ করা,,14,1341,Jōyō Kanji
羅,light fabric/net পাতলা কাপড়/জাল,,19,1342,Jōyō Kanji
練,practice/train অনুশীলন করা/প্রশিক্ষণ নেওয়া,,14,1343,Jōyō Kanji
緒,beginning/cord শুরু/দড়ি,,14,1344,Jōyō Kanji
続,continue/continuation চালিয়ে যাওয়া/ধারাবাহিকতা,,13,1345,Jōyō Kanji
絵,picture/painting ছবি/চিত্র,,12,1346,Jōyō Kanji
統,unite/govern ঐক্যবদ্ধ করা/শাসন করা,,12,1347,Jōyō Kanji
絞,strangle/squeeze শ্বাসরোধ করা/চেপে ধরা,,12,1348,Jōyō Kanji
給,supply/pay সরবরাহ করা/বেতন দেওয়া,,12,1349,Jōyō Kanji
絡,entangle/connect জড়িয়ে দেওয়া/সংযুক্ত করা,,12,1350,Jōyō Kanji
結,tie/decide বাঁধা/সিদ্ধান্ত করা,,12,1351,Jōyō Kanji
終,end/finish শেষ করা,,11,1352,Jōyō Kanji
級,class/grade শ্রেণি/গ্রেড,,9,1353,Jōyō Kanji
紀,chronicle/era ইতিহাস/যুগ,,9,1354,Jōyō Kanji
紅,deep red/crimson গাঢ় লাল,,9,1355,Jōyō Kanji
納,pay/accept প্রদান করা/গ্রহণ করা,,10,1356,Jōyō Kanji
紡,spin yarn সুতা কাটা,,10,1357,Jōyō Kanji
紛,be confused/mix up বিভ্রান্ত হওয়া/মিশিয়ে ফেলা,,10,1358,Jōyō Kanji
紹,introduce পরিচয় করিয়ে দেওয়া,,11,1359,Jōyō Kanji
経,pass through/manage অতিক্রম করা/পরিচালনা করা,,11,1360,Jōyō Kanji
紳,gentleman ভদ্রলোক,,11,1361,Jōyō Kanji
約,promise/approximately প্রতিশ্রুতি/প্রায়,,9,1362,Jōyō Kanji
細,thin/detailed পাতলা/বিস্তারিত,,11,1363,Jōyō Kanji
累,accumulate/accumulation জমা করা/সঞ্চয়,,11,1364,Jōyō Kanji
索,search/cable অনুসন্ধান/দড়ি,,10,1365,Jōyō Kanji
総,total/general মোট/সাধারণ,,14,1366,Jōyō Kanji
綿,cotton তুলা,,14,1367,Jōyō Kanji
絹,silk রেশম,,13,1368,Jōyō Kanji
繰,repeat/operate পুনরাবৃত্তি করা/পরিচালনা করা,,19,1369,Jōyō Kanji
継,continue/succeed উত্তরাধিকারী হওয়া/চালিয়ে যাওয়া,,13,1370,Jōyō Kanji
緑,green সবুজ,,14,1371,Jōyō Kanji
縁,connection/edge সম্পর্ক/প্রান্ত,,15,1372,Jōyō Kanji
網,net/judicial network জাল/নেটওয়ার্ক,,14,1373,Jōyō Kanji
緊,tight/tense আঁটসাঁট/উদ্বিগ্ন,,15,1374,Jōyō Kanji
紫,purple বেগুনি,,12,1375,Jōyō Kanji
縛,bind/tie বাঁধা,,16,1376,Jōyō Kanji
縄,rope দড়ি,,15,1377,Jōyō Kanji
幼,young/childish অল্পবয়সী/শিশুসুলভ,,5,1378,Jōyō Kanji
後,after/behind পরে/পেছনে,,9,1379,Jōyō Kanji
幽,dark/quiet অন্ধকার/নির্জন,,9,1380,Jōyō Kanji
幾,how many/several কতগুলি/কয়েকটি,,12,1381,Jōyō Kanji
機,machine/opportunity যন্ত্র/সুযোগ,,16,1382,Jōyō Kanji
玄,mysterious/deep রহস্যময়/গভীর,,5,1383,Jōyō Kanji
畜,livestock গৃহপালিত পশু,,10,1384,Jōyō Kanji
蓄,store/accumulate সঞ্চয় করা,,13,1385,Jōyō Kanji
弦,string/bowstring তার/ধনুকের তার,,8,1386,Jōyō Kanji
擁,embrace/support আলিঙ্গন করা/সমর্থন করা,,16,1387,Jōyō Kanji
滋,nourish/increase পুষ্ট করা/বৃদ্ধি করা,,12,1388,Jōyō Kanji
慈,mercy/compassion দয়া/সহানুভূতি,,13,1389,Jōyō Kanji
磁,magnetism/magnet চুম্বকত্ব/চুম্বক,,14,1390,Jōyō Kanji
系,system/line ব্যবস্থা/ধারা,,7,1391,Jōyō Kanji
係,person in charge/connection দায়িত্বপ্রাপ্ত ব্যক্তি/সম্পর্ক,,9,1392,Jōyō Kanji
孫,grandchild নাতি/নাতনি,,10,1393,Jōyō Kanji
懸,hang/suspend ঝুলানো/স্থগিত করা,,20,1394,Jōyō Kanji
却,instead/repel বরং/প্রতিহত করা,,7,1395,Jōyō Kanji
脚,leg/foot পা,,11,1396,Jōyō Kanji
卸,unload/wholesale মাল নামানো/পাইকারি,,9,1397,Jōyō Kanji
御,honorific/polite সম্মানসূচক/ভদ্র,,12,1398,Jōyō Kanji
服,clothes/obey পোশাক/অনুগত হওয়া,,8,1399,Jōyō Kanji
命,life/command জীবন/আদেশ,,8,1400,Jōyō Kanji
令,order/command আদেশ,,5,1401,Jōyō Kanji
零,zero/empty শূন্য,,13,1402,Jōyō Kanji
齢,age বয়স,,17,1403,Jōyō Kanji
冷,cold/cool ঠান্ডা/শীতল,,7,1404,Jōyō Kanji
領,territory/receive অঞ্চল/গ্রহণ করা,,14,1405,Jōyō Kanji
鈴,bell ঘণ্টা,,13,1406,Jōyō Kanji
勇,courage/brave সাহস/সাহসী,,9,1407,Jōyō Kanji
通,pass through/traffic পার হওয়া/যাতায়াত,,10,1408,Jōyō Kanji
踊,dance নাচা,,14,1409,Jōyō Kanji
疑,doubt সন্দেহ করা,,14,1410,Jōyō Kanji
擬,imitate/simulate অনুকরণ করা/অনুকরণমূলক,,17,1411,Jōyō Kanji
凝,congeal/concentrate জমাট বাঁধা/মনোযোগ কেন্দ্রীভূত করা,,16,1412,Jōyō Kanji
範,model/example আদর্শ/নমুনা,,15,1413,Jōyō Kanji
犯,commit a crime/offend অপরাধ করা/লঙ্ঘন করা,,5,1414,Jōyō Kanji
厄,misfortune দুর্ভাগ্য,,4,1415,Jōyō Kanji
危,dangerous বিপজ্জনক,,6,1416,Jōyō Kanji
宛,addressed to/recipient বরাবর/প্রাপক,,8,1417,Jōyō Kanji
腕,arm/skill বাহু/দক্ষতা,,12,1418,Jōyō Kanji
苑,garden/park উদ্যান/বাগান,,8,1419,Jinmeiyō Kanji
怨,resentment/curse ক্ষোভ/অভিশাপ,,9,1420,Jōyō Kanji
柳,willow উইলো গাছ,,9,1421,Jōyō Kanji
卵,egg ডিম,,7,1422,Jōyō Kanji
留,stay/keep থাকা/রাখা,,10,1423,Jōyō Kanji
貿,trade বাণিজ্য,,12,1424,Jōyō Kanji
印,mark/stamp চিহ্ন/সিলমোহর,,6,1425,Jōyō Kanji
興,interest/prosperity আগ্রহ/সমৃদ্ধি,,16,1426,Jōyō Kanji
酉,wine-bottle radical/rooster মদের পাত্রের প্রতীক/মোরগ,,7,1427,Jinmeiyō Kanji
酒,sake/alcohol সাকে/মদ,,10,1428,Jōyō Kanji
酌,serve wine/measure alcohol মদ পরিবেশন করা/মদ মাপা,,10,1429,Jōyō Kanji
酵,fermentation গাঁজন,,14,1430,Jōyō Kanji
酷,cruel/harsh নিষ্ঠুর/কঠোর,,14,1431,Jōyō Kanji
酬,reward/repay পুরস্কার দেওয়া/প্রতিদান দেওয়া,,13,1432,Jōyō Kanji
酪,dairy product/cheese দুগ্ধজাত পণ্য/পনির,,13,1433,Jōyō Kanji
酢,vinegar ভিনেগার,,12,1434,Jōyō Kanji
酔,drunk মাতাল,,11,1435,Jōyō Kanji
配,distribute/arrange বিতরণ করা/ব্যবস্থা করা,,10,1436,Jōyō Kanji
酸,sour/acid টক/অম্ল,,14,1437,Jōyō Kanji
猶,still/further এখনও/আরও,,12,1438,Jōyō Kanji
尊,respect/honor সম্মান করা/সম্মান,,12,1439,Jōyō Kanji
豆,bean/soybean শিম/সয়াবিন,,7,1440,Jōyō Kanji
頭,head মাথা,,16,1441,Jōyō Kanji
短,short সংক্ষিপ্ত/খাটো,,12,1442,Jōyō Kanji
豊,abundant/rich প্রচুর/সমৃদ্ধ,,13,1443,Jōyō Kanji
鼓,drum/encourage ঢোল/উৎসাহিত করা,,13,1444,Jōyō Kanji
喜,joy/be pleased আনন্দ/আনন্দিত হওয়া,,12,1445,Jōyō Kanji
樹,tree/establish গাছ/প্রতিষ্ঠা করা,,16,1446,Jōyō Kanji
皿,plate/dish থালা/পাত্র,,5,1447,Jōyō Kanji
血,blood রক্ত,,6,1448,Jōyō Kanji
盆,tray/basin ট্রে/পাত্র,,9,1449,Jōyō Kanji
盟,alliance/oath জোট/শপথ,,13,1450,Jōyō Kanji
盗,steal/theft চুরি করা/চুরি,,11,1451,Jōyō Kanji
温,warm/temperature উষ্ণ/তাপমাত্রা,,12,1452,Jōyō Kanji
監,oversee/supervise তদারকি করা,,15,1453,Jōyō Kanji
濫,excessive/overflow অতিরিক্ত/উপচে পড়া,,18,1454,Jōyō Kanji
鑑,model/example/inspect আদর্শ/নমুনা/পরিদর্শন করা,,23,1455,Jōyō Kanji
猛,fierce/violent হিংস্র/প্রচণ্ড,,11,1456,Jōyō Kanji
盛,prosper/fill সমৃদ্ধ হওয়া/ভরাট করা,,11,1457,Jōyō Kanji
塩,salt লবণ,,13,1458,Jōyō Kanji
銀,silver রূপা,,14,1459,Jōyō Kanji
恨,resentment/hatred ক্ষোভ/ঘৃণা,,9,1460,Jōyō Kanji
根,root শিকড়,,10,1461,Jōyō Kanji
即,immediate/that is অবিলম্বে/অর্থাৎ,,7,1462,Jōyō Kanji
爵,peerage/title উপাধি/অভিজাত পদ,,17,1463,Jōyō Kanji
節,season/joint/occasion ঋতু/জোড়/সময়,,13,1464,Jōyō Kanji
退,retreat/withdraw পিছিয়ে যাওয়া/প্রত্যাহার করা,,9,1465,Jōyō Kanji
限,limit সীমা,,9,1466,Jōyō Kanji
眼,eye চোখ,,11,1467,Jōyō Kanji
良,good ভালো,,7,1468,Jōyō Kanji
朗,clear/cheerful পরিষ্কার/প্রফুল্ল,,10,1469,Jōyō Kanji
浪,wave/wandering ঢেউ/ভবঘুরে,,10,1470,Jōyō Kanji
娘,daughter/girl মেয়ে/কন্যা,,10,1471,Jōyō Kanji
食,eat/food খাওয়া/খাদ্য,,9,1472,Jōyō Kanji
飯,rice/meal ভাত/খাবার,,12,1473,Jōyō Kanji
飲,drink পান করা,,12,1474,Jōyō Kanji
飢,hungry/starve ক্ষুধার্ত/অনাহারে থাকা,,10,1475,Jōyō Kanji
餓,starve/hunger অনাহারে থাকা/ক্ষুধা,,15,1476,Jōyō Kanji
飾,decorate/decorations সাজানো/সজ্জা,,13,1477,Jōyō Kanji
館,building/hall ভবন/প্রাঙ্গণ,,16,1478,Jōyō Kanji
養,nourish/raise লালন করা/পালন করা,,15,1479,Jōyō Kanji
飽,satisfied/full তৃপ্ত/পরিতৃপ্ত,,13,1480,Jōyō Kanji
既,already ইতিমধ্যে,,10,1481,Jōyō Kanji
概,roughly/outline মোটামুটি/সারাংশ,,14,1482,Jōyō Kanji
慨,regret/resentment আফসোস/ক্ষোভ,,13,1483,Jōyō Kanji
平,flat/peaceful সমতল/শান্তিপূর্ণ,,5,1484,Jōyō Kanji
呼,call/breathe ডাকা/শ্বাস নেওয়া,,8,1485,Jōyō Kanji
坪,tsubo (area unit) জমির ক্ষেত্রফলের একক,,8,1486,Jōyō Kanji
評,evaluate/critique মূল্যায়ন করা/সমালোচনা,,12,1487,Jōyō Kanji
刈,mow/harvest ঘাস কাটা/ফসল কাটা,,4,1488,Jōyō Kanji
希,hope/rare আশা/দুর্লভ,,7,1489,Jōyō Kanji
凶,evil/bad luck অশুভ/দুর্ভাগ্য,,4,1490,Jōyō Kanji
胸,chest/breast বুক,,10,1491,Jōyō Kanji
離,separate/leave পৃথক করা/ছেড়ে যাওয়া,,18,1492,Jōyō Kanji
殺,kill হত্যা করা,,10,1493,Jōyō Kanji
純,pure বিশুদ্ধ,,10,1494,Jōyō Kanji
鈍,dull/blunt ভোঁতা/মন্দ,,12,1495,Jōyō Kanji
辛,spicy/hard ঝাল/কঠিন,,7,1496,Jōyō Kanji
辞,quit/word辞辞ত্যাগ করা/শব্দ,,13,1497,Jōyō Kanji
梓,catalpa tree ক্যাটালপা গাছ,,11,1498,Jinmeiyō Kanji
宰,govern/slaughter শাসন করা/জবাই করা,,10,1499,Jōyō Kanji
壁,wall দেয়াল,,16,1500,Jōyō Kanji
避,avoid/evade এড়িয়ে চলা,,16,1501,Jōyō Kanji
新,new নতুন,,13,1502,Jōyō Kanji
薪,firewood জ্বালানি কাঠ,,16,1503,Jōyō Kanji
親,parent/intimate বাবা-মা/ঘনিষ্ঠ,,16,1504,Jōyō Kanji
幸,happiness/luck সুখ/সৌভাগ্য,,8,1505,Jōyō Kanji
執,hold/execute ধরে রাখা/সম্পাদন করা,,11,1506,Jōyō Kanji
報,report/reward প্রতিবেদন করা/পুরস্কার,,12,1507,Jōyō Kanji
叫,shout/cry চিৎকার করা,,6,1508,Jōyō Kanji
糾,investigate/tangle তদন্ত করা/জট পাকানো,,9,1509,Jōyō Kanji
収,collect/receive সংগ্রহ করা/গ্রহণ করা,,4,1510,Jōyō Kanji
卑,low/vile নীচু/হীন,,9,1511,Jōyō Kanji
碑,monument/stone tablet স্মৃতিস্তম্ভ/শিলালিপি,,14,1512,Jōyō Kanji
陸,land/shore স্থলভাগ/তীর,,11,1513,Jōyō Kanji
睦,friendship/harmony বন্ধুত্ব/সম্প্রীতি,,13,1514,Jōyō Kanji
勢,power/momentum শক্তি/গতি,,13,1515,Jōyō Kanji
熱,heat/hot তাপ/গরম,,15,1516,Jōyō Kanji
菱,water chestnut শিঙাড়া,,11,1517,Jinmeiyō Kanji
陵,mausoleum/hill সমাধি/টিলা,,11,1518,Jōyō Kanji
亥,boar/12th zodiac sign বন্য শূকর/রাশিচক্রের দ্বাদশ চিহ্ন,,6,1519,Jinmeiyō Kanji
核,nucleus/core কেন্দ্র/মূল,,10,1520,Jōyō Kanji
刻,engrave/time খোদাই করা/সময়,,8,1521,Jōyō Kanji
該,corresponding/this উক্ত/সংশ্লিষ্ট,,13,1522,Jōyō Kanji
劾,impeach/indict অভিশংসন করা/অভিযোগ আনা,,8,1523,Jōyō Kanji
述,state/mention বর্ণনা করা/উল্লেখ করা,,8,1524,Jōyō Kanji
術,technique/art কৌশল/বিদ্যা,,11,1525,Jōyō Kanji
寒,cold ঠান্ডা,,12,1526,Jōyō Kanji
醸,brew/ferment গাঁজন করা/মদ তৈরি করা,,20,1527,Jōyō Kanji
譲,transfer/yield হস্তান্তর করা/ছেড়ে দেওয়া,,20,1528,Jōyō Kanji
壌,soil/ground মাটি/ভূমি,,16,1529,Jōyō Kanji
嬢,young woman/maiden তরুণী/কুমারী,,16,1530,Jōyō Kanji
毒,poison বিষ,,8,1531,Jōyō Kanji
素,element/plainness উপাদান/সরলতা,,10,1532,Jōyō Kanji
麦,wheat/barley গম/যব,,7,1533,Jōyō Kanji
青,blue/green নীল/সবুজ,,8,1534,Jōyō Kanji
精,spirit/essence আত্মা/সারাংশ,,14,1535,Jōyō Kanji
請,request/ask অনুরোধ করা/চাওয়া,,15,1536,Jōyō Kanji
情,feeling/emotion অনুভূতি/আবেগ,,11,1537,Jōyō Kanji
晴,clear weather/clear আকাশ পরিষ্কার/স্বচ্ছ,,12,1538,Jōyō Kanji
清,clear/pure পরিষ্কার/বিশুদ্ধ,,11,1539,Jōyō Kanji
静,quiet/calm শান্ত/নীরব,,14,1540,Jōyō Kanji
責,blame/responsibility দোষ দেওয়া/দায়িত্ব,,11,1541,Jōyō Kanji
績,achievement/results কৃতিত্ব/ফলাফল,,17,1542,Jōyō Kanji
積,accumulate/stack জমা করা/স্তূপ করা,,16,1543,Jōyō Kanji
債,debt ঋণ,,13,1544,Jōyō Kanji
漬,pickle/soak আচার করা/ভিজিয়ে রাখা,,14,1545,Jōyō Kanji
表,surface/table পৃষ্ঠ/তালিকা,,8,1546,Jōyō Kanji
俵,straw bag খড়ের বস্তা,,10,1547,Jōyō Kanji
潔,pure/clean বিশুদ্ধ/পরিষ্কার,,15,1548,Jōyō Kanji
契,pledge/contract চুক্তি/অঙ্গীকার,,9,1549,Jōyō Kanji
喫,consume/smoke গ্রহণ করা/ধূমপান করা,,12,1550,Jōyō Kanji
害,harm/damage ক্ষতি/অপকার,,10,1551,Jōyō Kanji
轄,control/jurisdiction নিয়ন্ত্রণ/এখতিয়ার,,17,1552,Jōyō Kanji
割,divide/cut ভাগ করা/কাটা,,12,1553,Jōyō Kanji
憲,constitution/constitution আইন/সংবিধান,,16,1554,Jōyō Kanji
生,life/live জন্ম/জীবন/বাঁচা,,5,1555,Jōyō Kanji
星,star তারা,,9,1556,Jōyō Kanji
姓,family name পদবি/পারিবারিক নাম,,8,1557,Jōyō Kanji
性,nature/sex স্বভাব/লিঙ্গ,,8,1558,Jōyō Kanji
牲,sacrifice বলি/উৎসর্গ,,9,1559,Jōyō Kanji
産,produce/birth উৎপাদন/জন্ম,,11,1560,Jōyō Kanji
隆,prosperity/rise সমৃদ্ধি/উত্থান,,11,1561,Jōyō Kanji
峰,peak/summit শৃঙ্গ/চূড়া,,10,1562,Jōyō Kanji
縫,sew সেলাই করা,,16,1563,Jōyō Kanji
拝,worship/bow পূজা করা/নত হওয়া,,8,1564,Jōyō Kanji
寿,longevity/life দীর্ঘায়ু/জীবন,,7,1565,Jōyō Kanji
鋳,cast/mold ঢালাই করা/ছাঁচে তৈরি করা,,15,1566,Jōyō Kanji
籍,register/record নিবন্ধন/নথি,,20,1567,Jōyō Kanji
春,spring বসন্ত,,9,1568,Jōyō Kanji
椿,camellia ক্যামেলিয়া ফুল,,13,1569,Jinmeiyō Kanji
泰,peaceful/peaceful শান্তিপূর্ণ/নিরাপদ,,10,1570,Jōyō Kanji
奏,play music/perform বাদ্যযন্ত্র বাজানো/পরিবেশন করা,,9,1571,Jōyō Kanji
実,truth/fruit বাস্তবতা/ফল,,8,1572,Jōyō Kanji
奉,offer/serve নিবেদন করা/সেবা করা,,8,1573,Jōyō Kanji
俸,salary বেতন,,10,1574,Jōyō Kanji
棒,stick/rod লাঠি/দণ্ড,,12,1575,Jōyō Kanji
謹,careful/reverent সতর্ক/শ্রদ্ধাশীল,,17,1576,Jōyō Kanji
勤,work/diligence কাজ করা/অধ্যবসায়,,12,1577,Jōyō Kanji
漢,Chinese/Chinese person চীনা/চীনা ব্যক্তি,,13,1578,Jōyō Kanji
嘆,sigh/lament দীর্ঘশ্বাস ফেলা/শোক করা,,13,1579,Jōyō Kanji
難,difficult/hard কঠিন,,18,1580,Jōyō Kanji
華,splendor/flower জাঁকজমক/ফুল,,10,1581,Jōyō Kanji
垂,dangle/hang ঝুলে থাকা/ঝোলানো,,8,1582,Jōyō Kanji
睡,sleep ঘুম,,13,1583,Jōyō Kanji
錘,weight/spindle ভার/চরকা,,16,1584,Jinmeiyō Kanji
乗,ride/board চড়া/আরোহণ করা,,9,1585,Jōyō Kanji
剰,excess/surplus অতিরিক্ত/উদ্বৃত্ত,,11,1586,Jōyō Kanji
今,now এখন,,4,1587,Jōyō Kanji
含,contain/include ধারণ করা/অন্তর্ভুক্ত করা,,7,1588,Jōyō Kanji
吟,recite/chant আবৃত্তি করা,,7,1589,Jōyō Kanji
念,thought/attention চিন্তা/মনোযোগ,,8,1590,Jōyō Kanji
琴,koto/traditional harp কোতো/ঐতিহ্যবাহী তারযন্ত্র,,12,1591,Jōyō Kanji
陰,shade/shadow ছায়া/অন্ধকার,,11,1592,Jōyō Kanji
予,previously/give আগে/দেওয়া,,4,1593,Jōyō Kanji
序,order/preface ক্রম/ভূমিকা,,7,1594,Jōyō Kanji
預,deposit/entrust জমা রাখা/অর্পণ করা,,13,1595,Jōyō Kanji
野,field/plain মাঠ/প্রান্তর,,11,1596,Jōyō Kanji
兼,concurrently/combine একইসাথে করা/সমন্বয় করা,,10,1597,Jōyō Kanji
嫌,dislike/hate অপছন্দ করা/ঘৃণা করা,,13,1598,Jōyō Kanji
鎌,sickle কাস্তে,,18,1599,Jōyō Kanji
謙,modest/humble বিনয়ী/নম্র,,17,1600,Jōyō Kanji
廉,cheap/honest সস্তা/সৎ,,13,1601,Jōyō Kanji
西,west পশ্চিম,,6,1602,Jōyō Kanji
価,value/price মূল্য/দাম,,8,1603,Jōyō Kanji
要,need/important প্রয়োজন/গুরুত্বপূর্ণ,,9,1604,Jōyō Kanji
腰,waist/hip কোমর/নিতম্ব,,13,1605,Jōyō Kanji
票,vote/ballot ভোট/ব্যালট,,11,1606,Jōyō Kanji
漂,drift/float ভেসে বেড়ানো/ভাসা,,14,1607,Jōyō Kanji
標,sign/mark চিহ্ন/নির্দেশক,,15,1608,Jōyō Kanji
栗,chestnut চেস্টনাট,,10,1609,Jinmeiyō Kanji
遷,transfer/move স্থানান্তর করা,,15,1610,Jōyō Kanji
覆,cover/reverse ঢেকে দেওয়া/উল্টে দেওয়া,,18,1611,Jōyō Kanji
煙,smoke ধোঁয়া,,13,1612,Jōyō Kanji
南,south দক্ষিণ,,9,1613,Jōyō Kanji
楠,camphor tree কর্পূর গাছ,,13,1614,Jinmeiyō Kanji
献,offer/dedicate নিবেদন করা/উৎসর্গ করা,,13,1615,Jōyō Kanji
門,gate/door দরজা/ফটক,,8,1616,Jōyō Kanji
問,question/ask প্রশ্ন/জিজ্ঞাসা করা,,11,1617,Jōyō Kanji
閲,review/inspect পর্যালোচনা করা/পরীক্ষা করা,,15,1618,Jōyō Kanji
閥,clique/faction গোষ্ঠী/দল,,14,1619,Jōyō Kanji
間,space/interval স্থান/ব্যবধান,,12,1620,Jōyō Kanji
簡,simple/brief সরল/সংক্ষিপ্ত,,18,1621,Jōyō Kanji
開,open খুলা,,12,1622,Jōyō Kanji
閉,close বন্ধ করা,,11,1623,Jōyō Kanji
閣,cabinet/tower মন্ত্রিসভা/দালান,,14,1624,Jōyō Kanji
閑,leisure/quiet অবসর/নিরিবিলি,,12,1625,Jōyō Kanji
聞,hear/ask শোনা/জিজ্ঞাসা করা,,14,1626,Jōyō Kanji
潤,moisture/profit আর্দ্রতা/লাভ,,15,1627,Jōyō Kanji
欄,column/section কলাম/অংশ,,20,1628,Jōyō Kanji
闘,fight/battle লড়াই করা/যুদ্ধ,,18,1629,Jōyō Kanji
倉,warehouse গুদাম,,10,1630,Jōyō Kanji
創,create/injury সৃষ্টি করা/আঘাত,,12,1631,Jōyō Kanji
非,not/wrong না/ভুল,,8,1632,Jōyō Kanji
俳,actor/haiku actor অভিনেতা/হাইকু কবি,,10,1633,Jōyō Kanji
排,reject/exclude প্রত্যাখ্যান করা/বাদ দেওয়া,,11,1634,Jōyō Kanji
悲,sadness/be sad দুঃখ/দুঃখিত হওয়া,,12,1635,Jōyō Kanji
罪,crime/sin অপরাধ/পাপ,,13,1636,Jōyō Kanji
輩,fellow/group লোকজন/দল,,15,1637,Jōyō Kanji
扉,door/door panel দরজা,,12,1638,Jōyō Kanji
侯,feudal lord/Marquis সামন্ত প্রভু/মারকুইস,,9,1639,Jōyō Kanji
候,climate/season জলবায়ু/ঋতু,,10,1640,Jōyō Kanji
決,decide/settle সিদ্ধান্ত নেওয়া/নিষ্পত্তি করা,,7,1641,Jōyō Kanji
快,pleasant/comfortable আনন্দদায়ক/আরামদায়ক,,7,1642,Jōyō Kanji
偉,great/remarkable মহান/অসাধারণ,,12,1643,Jōyō Kanji
違,differ/wrong ভিন্ন হওয়া/ভুল,,13,1644,Jōyō Kanji
緯,latitude অক্ষাংশ,,16,1645,Jōyō Kanji
衛,defend/guard রক্ষা করা/প্রহরা দেওয়া,,16,1646,Jōyō Kanji
韓,Korea/Korean কোরিয়া/কোরীয়,,18,1647,Jōyō Kanji
干,dry/interfere শুকানো/হস্তক্ষেপ করা,,3,1648,Jōyō Kanji
肝,liver/courage যকৃত/সাহস,,7,1649,Jōyō Kanji
刊,publish/edition প্রকাশ করা/সংস্করণ,,5,1650,Jōyō Kanji
汗,sweat ঘাম,,6,1651,Jōyō Kanji
軒,house/eaves বাড়ি/কার্নিশ,,10,1652,Jōyō Kanji
岸,shore/bank তীর/পাড়,,8,1653,Jōyō Kanji
幹,trunk/main part কাণ্ড/মূল অংশ,,13,1654,Jōyō Kanji
芋,potato/taro আলু/কচু,,6,1655,Jōyō Kanji
宇,eaves/space কার্নিশ/মহাকাশ,,6,1656,Jōyō Kanji
余,excess/remain অতিরিক্ত/অবশিষ্ট,,7,1657,Jōyō Kanji
除,remove/exclude অপসারণ করা/বাদ দেওয়া,,10,1658,Jōyō Kanji
徐,slowly/gradually ধীরে ধীরে,,10,1659,Jōyō Kanji
叙,narrate/describe বর্ণনা করা,,9,1660,Jōyō Kanji
途,way/route পথ/পথরেখা,,10,1661,Jōyō Kanji
斜,diagonal/slant তির্যক/কাত,,11,1662,Jōyō Kanji
塗,paint/coating রং করা/প্রলেপ,,13,1663,Jōyō Kanji
束,bundle/tie গুচ্ছ/বাঁধা,,7,1664,Jōyō Kanji
頼,rely/request নির্ভর করা/অনুরোধ করা,,16,1665,Jōyō Kanji
瀬,shallows/rapids অগভীর জল/স্রোত,,19,1666,Jōyō Kanji
勅,imperial order সম্রাটের আদেশ,,9,1667,Jōyō Kanji
疎,neglect/distant অবহেলা করা/দূরবর্তী,,12,1668,Jōyō Kanji
速,fast/speed দ্রুত/গতি,,10,1669,Jōyō Kanji
整,arrange/organize সাজানো/গুছানো,,16,1670,Jōyō Kanji
剣,sword তলোয়ার,,10,1671,Jōyō Kanji
険,dangerous/steep বিপজ্জনক/খাড়া,,11,1672,Jōyō Kanji
検,examine/inspect পরীক্ষা করা/পরিদর্শন করা,,12,1673,Jōyō Kanji
倹,frugal/economical মিতব্যয়ী/সাশ্রয়ী,,10,1674,Jōyō Kanji
重,heavy/important ভারী/গুরুত্বপূর্ণ,,9,1675,Jōyō Kanji
動,move/movement নড়া/গতি,,11,1676,Jōyō Kanji
勲,merit/medal কৃতিত্ব/পদক,,15,1677,Jōyō Kanji
働,work কাজ করা,,13,1678,Jōyō Kanji
種,seed/kind বীজ/ধরন,,14,1679,Jōyō Kanji
衝,collide/shock সংঘর্ষ করা/ধাক্কা,,15,1680,Jōyō Kanji
薫,fragrance/aroma সুগন্ধ/সুবাস,,16,1681,Jōyō Kanji
病,illness/disease অসুস্থতা/রোগ,,10,1682,Jōyō Kanji
痴,foolishness/foolish বোকামি/বোকা,,13,1683,Jōyō Kanji
痘,smallpox/pox গুটিবসন্ত,,12,1684,Jōyō Kanji
症,symptom/condition উপসর্গ/অবস্থা,,10,1685,Jōyō Kanji
疾,illness/rapid disease রোগ/দ্রুত,,10,1686,Jōyō Kanji
痢,diarrhea ডায়রিয়া,,12,1687,Jōyō Kanji
疲,tired/fatigue ক্লান্ত/ক্লান্তি,,10,1688,Jōyō Kanji
疫,epidemic/plague মহামারি,,9,1689,Jōyō Kanji
痛,pain/hurt ব্যথা/আঘাত করা,,12,1690,Jōyō Kanji
癖,habit/quirk অভ্যাস/স্বভাব,,18,1691,Jōyō Kanji
匿,hide/conceal লুকানো/গোপন করা,,10,1692,Jōyō Kanji
匠,craftsman/artisan কারিগর/শিল্পী,,6,1693,Jōyō Kanji
医,medicine/doctor চিকিৎসা/ডাক্তার,,7,1694,Jōyō Kanji
匹,counter for animals/animal পশুর গণনাসূচক শব্দ/পশু,,4,1695,Jōyō Kanji
区,ward/district এলাকা/জেলা,,4,1696,Jōyō Kanji
枢,pivot/hinge কেন্দ্রবিন্দু/কবজা,,8,1697,Jōyō Kanji
殴,hit/beat প্রহার করা,,8,1698,Jōyō Kanji
欧,Europe ইউরোপ,,8,1699,Jōyō Kanji
抑,suppress/repress দমন করা,,7,1700,Jōyō Kanji
仰,look up/revere উপরে তাকানো/শ্রদ্ধা করা,,6,1701,Jōyō Kanji
迎,welcome/meet স্বাগত জানানো/অভ্যর্থনা করা,,7,1702,Jōyō Kanji
登,climb/register আরোহণ করা/নিবন্ধন করা,,12,1703,Jōyō Kanji
澄,clear/clarify স্বচ্ছ হওয়া/পরিষ্কার করা,,15,1704,Jōyō Kanji
発,start/depart/emit শুরু করা/রওনা হওয়া/নিঃসরণ করা,,9,1705,Jōyō Kanji
廃,abolish/ruin বাতিল করা/ধ্বংসাবশেষ,,12,1706,Jōyō Kanji
僚,colleague/official সহকর্মী/কর্মকর্তা,,14,1707,Jōyō Kanji
寮,dormitory ছাত্রাবাস,,15,1708,Jōyō Kanji
療,treat/therapy চিকিৎসা করা/চিকিৎসা,,17,1709,Jōyō Kanji
彫,carve/sculpt খোদাই করা,,11,1710,Jōyō Kanji
形,shape/form আকৃতি/রূপ,,7,1711,Jōyō Kanji
影,shadow/influence ছায়া/প্রভাব,,15,1712,Jōyō Kanji
杉,cedar সিডার গাছ,,7,1713,Jōyō Kanji
彩,color/coloring রং/রঙ করা,,11,1714,Jōyō Kanji
彰,clarify/distinguish স্পষ্ট করা/চিহ্নিত করা,,14,1715,Jōyō Kanji
彦,young man/person পুরুষ/যুবক,,9,1716,Jinmeiyō Kanji
顔,face মুখ,,18,1717,Jōyō Kanji
須,necessarily/need অবশ্যই/প্রয়োজন,,12,1718,Jōyō Kanji
膨,swell/expand ফুলে ওঠা/প্রসারিত হওয়া,,16,1719,Jōyō Kanji
参,participate/go অংশগ্রহণ করা/যাওয়া,,8,1720,Jōyō Kanji
惨,miserable/cruel করুণ/নিষ্ঠুর,,11,1721,Jōyō Kanji
修,repair/study মেরামত করা/অধ্যয়ন করা,,10,1722,Jōyō Kanji
珍,rare/precious বিরল/মূল্যবান,,9,1723,Jōyō Kanji
診,examine/diagnose পরীক্ষা করা/রোগ নির্ণয় করা,,12,1724,Jōyō Kanji
文,writing/sentence লেখা/বাক্য,,4,1725,Jōyō Kanji
対,opposite/pair বিপরীত/জোড়া,,7,1726,Jōyō Kanji
紋,crest/emblem প্রতীক/চিহ্ন,,10,1727,Jōyō Kanji
蚊,mosquito মশা,,10,1728,Jōyō Kanji
斉,complete/equal সম্পূর্ণ/সমান,,8,1729,Jōyō Kanji
剤,medicine/agent ওষুধ/উপাদান,,10,1730,Jōyō Kanji
済,finish/settle শেষ করা/মীমাংসা করা,,11,1731,Jōyō Kanji
斎,purification/abstinence শুদ্ধিকরণ/সংযম,,11,1732,Jōyō Kanji
粛,solemn/quiet গম্ভীর/নীরব,,11,1733,Jōyō Kanji
塁,base/fortress ঘাঁটি/দুর্গ,,12,1734,Jōyō Kanji
楽,pleasant/music আনন্দদায়ক/সঙ্গীত,,13,1735,Jōyō Kanji
薬,medicine/drug ওষুধ,,16,1736,Jōyō Kanji
率,rate/lead হার/নেতৃত্ব দেওয়া,,11,1737,Jōyō Kanji
渋,rough/astringent কষা/তিক্ত,,11,1738,Jōyō Kanji
摂,take in/administer গ্রহণ করা/পরিচালনা করা,,13,1739,Jōyō Kanji
央,center কেন্দ্র,,5,1740,Jōyō Kanji
英,England/excellent ইংল্যান্ড/চমৎকার,,8,1741,Jōyō Kanji
映,reflect/project প্রতিফলিত করা/প্রদর্শন করা,,9,1742,Jōyō Kanji
赤,red লাল,,7,1743,Jōyō Kanji
赦,pardon/forgive ক্ষমা করা/ক্ষমা,,11,1744,Jōyō Kanji
変,change/strange পরিবর্তন/অদ্ভুত,,9,1745,Jōyō Kanji
跡,trace/remains চিহ্ন/অবশেষ,,13,1746,Jōyō Kanji
蛮,barbarian বর্বর,,12,1747,Jōyō Kanji
恋,love/romance প্রেম/ভালোবাসা,,10,1748,Jōyō Kanji
湾,bay উপসাগর,,12,1749,Jōyō Kanji
黄,yellow হলুদ,,11,1750,Jōyō Kanji
横,sideways/horizontal পাশ দিয়ে/অনুভূমিক,,15,1751,Jōyō Kanji
把,grip/hold আঁকড়ে ধরা/ধরা,,7,1752,Jōyō Kanji
色,color রং,,6,1753,Jōyō Kanji
絶,discontinue/extinguish বন্ধ করা/নিভিয়ে দেওয়া,,12,1754,Jōyō Kanji
艶,gloss/charm উজ্জ্বলতা/আকর্ষণ,,19,1755,Jōyō Kanji
肥,fat/fertilize মোটা/সার দেওয়া,,8,1756,Jōyō Kanji
甘,sweet মিষ্টি,,5,1757,Jōyō Kanji
紺,dark blue গাঢ় নীল,,11,1758,Jōyō Kanji
某,certain/some নির্দিষ্ট/কোনো এক,,9,1759,Jōyō Kanji
謀,plot/plan ষড়যন্ত্র করা/পরিকল্পনা করা,,16,1760,Jōyō Kanji
媒,medium/mediate মাধ্যম/মধ্যস্থতা করা,,12,1761,Jōyō Kanji
欺,deceive/cheat প্রতারণা করা,,12,1762,Jōyō Kanji
棋,chess piece/board game দাবার ঘুঁটি/বোর্ড খেলা,,12,1763,Jōyō Kanji
旗,flag পতাকা,,14,1764,Jōyō Kanji
期,period/expectation সময়কাল/প্রত্যাশা,,12,1765,Jōyō Kanji
碁,go board game গো খেলা,,13,1766,Jōyō Kanji
基,base/foundation ভিত্তি/ভিত্তিমূল,,11,1767,Jōyō Kanji
甚,very/extreme অত্যন্ত/চরম,,9,1768,Jōyō Kanji
勘,intuition/judgment অন্তর্দৃষ্টি/বিচারবোধ,,11,1769,Jōyō Kanji
堪,endure/tolerate সহ্য করা,,12,1770,Jōyō Kanji
貴,precious/noble মূল্যবান/সম্মানিত,,12,1771,Jōyō Kanji
遺,leave behind/inherit রেখে যাওয়া/উত্তরাধিকার,,15,1772,Jōyō Kanji
遣,send/dispatch পাঠানো,,13,1773,Jōyō Kanji
舞,dance নাচ,,15,1774,Jōyō Kanji
無,none/nothing নেই/কিছুই নয়,,12,1775,Jōyō Kanji
組,group/assemble দল/একত্র করা,,11,1776,Jōyō Kanji
粗,rough/coarse রুক্ষ/মোটা,,11,1777,Jōyō Kanji
租,rent/tax ভাড়া/কর,,10,1778,Jōyō Kanji
祖,ancestor পূর্বপুরুষ,,9,1779,Jōyō Kanji
阻,obstruct/prevent বাধা দেওয়া/প্রতিরোধ করা,,8,1780,Jōyō Kanji
査,investigate পরীক্ষা/তদন্ত করা,,9,1781,Jōyō Kanji
助,help সাহায্য করা,,7,1782,Jōyō Kanji
宜,suitable/appropriate উপযুক্ত,,8,1783,Jōyō Kanji
畳,tatami/fold তাতামি/ভাঁজ করা,,12,1784,Jōyō Kanji
並,line up/ordinary সারিবদ্ধ করা/সাধারণ,,8,1785,Jōyō Kanji
普,general/widespread সাধারণ/ব্যাপক,,12,1786,Jōyō Kanji
譜,music score/record সঙ্গীতের স্বরলিপি/নথি,,19,1787,Jōyō Kanji
湿,damp/moist স্যাঁতসেঁতে/আর্দ্র,,12,1788,Jōyō Kanji
顕,appear/visible প্রকাশ পাওয়া/দৃশ্যমান,,18,1789,Jōyō Kanji
繊,fine/fiber সূক্ষ্ম/তন্তু,,17,1790,Jōyō Kanji
霊,spirit/soul আত্মা,,15,1791,Jōyō Kanji
業,work/business কাজ/ব্যবসা,,13,1792,Jōyō Kanji
撲,hit/strike আঘাত করা,,15,1793,Jōyō Kanji
僕,I/me আমি,,14,1794,Jōyō Kanji
共,together/both একসাথে/উভয়,,6,1795,Jōyō Kanji
供,offer/provide প্রদান করা/সরবরাহ করা,,8,1796,Jōyō Kanji
異,different/strange ভিন্ন/অদ্ভুত,,11,1797,Jōyō Kanji
翼,wing ডানা,,17,1798,Jōyō Kanji
洪,flood বন্যা,,9,1799,Jōyō Kanji
港,harbor/port বন্দর,,12,1800,Jōyō Kanji
暴,violence/expose সহিংসতা/প্রকাশ করা,,15,1801,Jōyō Kanji
爆,explode/explosion বিস্ফোরিত হওয়া/বিস্ফোরণ,,19,1802,Jōyō Kanji
恭,respectful/reverent শ্রদ্ধাশীল,,10,1803,Jōyō Kanji
選,choose/select নির্বাচন করা,,15,1804,Jōyō Kanji
殿,palace/lord প্রাসাদ/প্রভু,,13,1805,Jōyō Kanji
井,well কূপ,,4,1806,Jōyō Kanji
囲,surround/enclose ঘিরে রাখা,,7,1807,Jōyō Kanji
耕,cultivate/plow চাষ করা/লাঙল চালানো,,10,1808,Jōyō Kanji
亜,Asia/sub- এশিয়া/উপ-,,7,1809,Jōyō Kanji
悪,bad/evil খারাপ/অশুভ,,11,1810,Jōyō Kanji
円,circle/yen বৃত্ত/ইয়েন,,4,1811,Jōyō Kanji
角,angle/corner কোণ/কোণা,,7,1812,Jōyō Kanji
触,touch/contact স্পর্শ করা/যোগাযোগ করা,,13,1813,Jōyō Kanji
解,solve/understand সমাধান করা/বোঝা,,13,1814,Jōyō Kanji
再,again/repeatedly আবার/পুনরায়,,6,1815,Jōyō Kanji
講,lecture/explain বক্তৃতা/ব্যাখ্যা করা,,17,1816,Jōyō Kanji
購,purchase কেনা,,17,1817,Jōyō Kanji
構,structure/construct গঠন/নির্মাণ করা,,14,1818,Jōyō Kanji
溝,gutter/ditch নালা/খাল,,13,1819,Jōyō Kanji
論,argument/theory যুক্তি/তত্ত্ব,,15,1820,Jōyō Kanji
倫,ethics/order নীতি/শৃঙ্খলা,,10,1821,Jōyō Kanji
輪,wheel/ring চাকা/বৃত্ত,,15,1822,Jōyō Kanji
偏,biased/one-sided পক্ষপাতদুষ্ট/একপেশে,,11,1823,Jōyō Kanji
遍,everywhere/all over সর্বত্র/সমগ্র,,12,1824,Jōyō Kanji
編,compile/edit সংকলন/সম্পাদনা,,15,1825,Jōyō Kanji
冊,volume/book খণ্ড/বই,,5,1826,Jōyō Kanji
典,dictionary/ceremony অভিধান/অনুষ্ঠান,,8,1827,Jōyō Kanji
氏,family name/surname বংশনাম/পদবি,,4,1828,Jōyō Kanji
紙,paper কাগজ,,10,1829,Jōyō Kanji
婚,marriage বিবাহ,,11,1830,Jōyō Kanji
低,low নিচু/নিম্ন,,7,1831,Jōyō Kanji
抵,resist/oppose প্রতিরোধ করা/বিরোধ করা,,8,1832,Jōyō Kanji
底,bottom/base তলা/ভিত্তি,,8,1833,Jōyō Kanji
民,people/citizen জনগণ/নাগরিক,,5,1834,Jōyō Kanji
眠,sleep ঘুম/ঘুমানো,,10,1835,Jōyō Kanji
捕,catch/ capture ধরা/আটক করা,,10,1836,Jōyō Kanji
浦,bay/shore উপসাগর/তীর,,10,1837,Jōyō Kanji
蒲,rush/reed নলখাগড়া/খাগড়া,,13,1838,Jinmeiyō Kanji
舗,shop/store দোকান,,15,1839,Jōyō Kanji
補,supplement/repair পূরণ করা/মেরামত করা,,12,1840,Jōyō Kanji
邸,residence/mansion বাসভবন/প্রাসাদ,,8,1841,Jōyō Kanji
郭,enclosure/outer wall ঘের/বাহিরের প্রাচীর,,11,1842,Jōyō Kanji
郡,district/county জেলা/অঞ্চল,,10,1843,Jōyō Kanji
郊,suburb/outskirts শহরতলি/শহরের প্রান্ত,,9,1844,Jōyō Kanji
部,section/part বিভাগ/অংশ,,11,1845,Jōyō Kanji
都,capital/metropolis রাজধানী/মহানগর,,11,1846,Jōyō Kanji
郵,mail/post ডাক/ডাকব্যবস্থা,,11,1847,Jōyō Kanji
邦,country/nation দেশ/জাতি,,7,1848,Jōyō Kanji
郷,hometown/village জন্মভূমি/গ্রাম,,11,1849,Jōyō Kanji
響,echo/resound প্রতিধ্বনি করা/অনুরণিত হওয়া,,20,1850,Jōyō Kanji
郎,son/young man পুত্র/যুবক,,9,1851,Jōyō Kanji
廊,corridor/hallway করিডোর/বারান্দা,,12,1852,Jōyō Kanji
盾,shield ঢাল,,9,1853,Jōyō Kanji
循,follow/circulate অনুসরণ করা/পরিভ্রমণ করা,,12,1854,Jōyō Kanji
派,group/faction দল/গোষ্ঠী,,9,1855,Jōyō Kanji
脈,pulse/vein নাড়ি/শিরা,,10,1856,Jōyō Kanji
衆,masses/crowd জনসাধারণ/ভিড়,,12,1857,Jōyō Kanji
逓,relay/deliver পর্যায়ক্রমে পাঠানো/সরবরাহ করা,,10,1858,Jōyō Kanji
段,step/stage ধাপ/পর্যায়,,9,1859,Jōyō Kanji
鍛,forge/train গড়া/প্রশিক্ষণ দেওয়া,,17,1860,Jōyō Kanji
后,empress/queen সম্রাজ্ঞী/রানি,,6,1861,Jōyō Kanji
幻,illusion/fantasy মায়া/কল্পনা,,4,1862,Jōyō Kanji
司,manage/direct পরিচালনা করা/নিয়ন্ত্রণ করা,,5,1863,Jōyō Kanji
伺,ask/visit জিজ্ঞাসা করা/সাক্ষাৎ করতে যাওয়া,,7,1864,Jōyō Kanji
詞,word/lyrics শব্দ/গানের কথা,,12,1865,Jōyō Kanji
飼,raise/feed পোষা/খাওয়ানো,,13,1866,Jōyō Kanji
嗣,heir/successor উত্তরাধিকারী/উত্তরসূরি,,13,1867,Jōyō Kanji
舟,boat নৌকা,,6,1868,Jōyō Kanji
舶,ship/vessel জাহাজ/জলযান,,11,1869,Jōyō Kanji
航,navigate/voyage নৌযাত্রা করা/ভ্রমণ করা,,10,1870,Jōyō Kanji
般,general/kind সাধারণ/প্রকার,,10,1871,Jōyō Kanji
盤,tray/board ট্রে/ফলক,,15,1872,Jōyō Kanji
搬,carry/transport বহন করা/পরিবহন করা,,13,1873,Jōyō Kanji
船,ship/boat জাহাজ/নৌকা,,11,1874,Jōyō Kanji
艦,warship/naval vessel যুদ্ধজাহাজ/নৌযান,,21,1875,Jōyō Kanji
艇,boat/craft নৌকা/জলযান,,13,1876,Jōyō Kanji
瓜,melon/ gourd তরমুজজাতীয় ফল/লাউজাতীয় ফল,,6,1877,Jinmeiyō Kanji
弧,arc/curve চাপ/বক্ররেখা,,9,1878,Jōyō Kanji
孤,alone/orphan একা/এতিম,,9,1879,Jōyō Kanji
繭,cocoon গুটিপোকা,,18,1880,Jōyō Kanji
益,benefit/profit উপকার/লাভ,,10,1881,Jōyō Kanji
暇,free time/leisure অবসর/ফাঁকা সময়,,13,1882,Jōyō Kanji
敷,spread/lay বিছানো/পাতা,,15,1883,Jōyō Kanji
来,come/next আসা/পরবর্তী,,7,1884,Jōyō Kanji
気,spirit/air মনোভাব/বায়ু,,6,1885,Jōyō Kanji
汽,steam বাষ্প,,7,1886,Jōyō Kanji
飛,fly উড়া,,9,1887,Jōyō Kanji
沈,sink/submerge ডোবা/নিমজ্জিত হওয়া,,7,1888,Jōyō Kanji
妻,wife স্ত্রী,,8,1889,Jōyō Kanji
衰,decline/weaken দুর্বল হওয়া/অবনতি,,10,1890,Jōyō Kanji
衷,inner feelings/heart অন্তরের অনুভূতি/মনের কথা,,9,1891,Jōyō Kanji
面,face/surface মুখ/পৃষ্ঠ,,9,1892,Jōyō Kanji
革,leather/reform চামড়া/সংস্কার,,9,1893,Jōyō Kanji
靴,shoes জুতা,,13,1894,Jōyō Kanji
覇,domination/hegemony আধিপত্য/প্রভুত্ব,,19,1895,Jōyō Kanji
声,voice/sound কণ্ঠস্বর/শব্দ,,7,1896,Jōyō Kanji
呉,give/receive দেওয়া/গ্রহণ করা,,7,1897,Jōyō Kanji
娯,entertainment/amusement বিনোদন/আমোদ,,10,1898,Jōyō Kanji
誤,mistake/error ভুল/ত্রুটি,,14,1899,Jōyō Kanji
蒸,steam/boil বাষ্প করা/সেদ্ধ করা,,13,1900,Jōyō Kanji
承,accept/consent গ্রহণ করা/সম্মতি দেওয়া,,8,1901,Jōyō Kanji
函,box/case বাক্স/পাত্র,,8,1902,Jinmeiyō Kanji
極,extreme/pole চরম/মেরু,,12,1903,Jōyō Kanji
牙,tusk/fang দাঁত/দাঁড়া,,4,1904,Jōyō Kanji
芽,bud/sprout কুঁড়ি/অঙ্কুর,,8,1905,Jōyō Kanji
邪,evil/wickedness মন্দ/অশুভ,,8,1906,Jōyō Kanji
雅,elegant/graceful মার্জিত/রুচিশীল,,13,1907,Jōyō Kanji
釈,explain/release ব্যাখ্যা করা/মুক্ত করা,,11,1908,Jōyō Kanji
番,turn/number পালা/নম্বর,,12,1909,Jōyō Kanji
審,examine/judge পরীক্ষা করা/বিচার করা,,15,1910,Jōyō Kanji
翻,turn over/translate উল্টানো/অনুবাদ করা,,18,1911,Jōyō Kanji
藩,domain/fief সামন্ত অঞ্চল/জমিদারি,,18,1912,Jōyō Kanji
毛,hair/fur চুল/লোম,,4,1913,Jōyō Kanji
耗,consume/decline ক্ষয় করা/হ্রাস পাওয়া,,10,1914,Jōyō Kanji
尾,tail লেজ,,7,1915,Jōyō Kanji
宅,home/house বাড়ি/বাসস্থান,,6,1916,Jōyō Kanji
託,entrust/delegate ন্যস্ত করা/দায়িত্ব দেওয়া,,10,1917,Jōyō Kanji
為,do/for করার জন্য/করা,,9,1918,Jōyō Kanji
偽,false/falsehood মিথ্যা/জাল,,11,1919,Jōyō Kanji
長,long/leader দীর্ঘ/নেতা,,8,1920,Jōyō Kanji
張,stretch/expand টানা/প্রসারিত করা,,11,1921,Jōyō Kanji
帳,notebook/account book খাতা/হিসাবের বই,,11,1922,Jōyō Kanji
脹,swell ফুলে ওঠা,,12,1923,Jinmeiyō Kanji
髪,hair চুল,,14,1924,Jōyō Kanji
展,develop/display বিকাশ করা/প্রদর্শন করা,,10,1925,Jōyō Kanji
喪,mourning/loss শোক/ক্ষতি,,12,1926,Jōyō Kanji
巣,nest বাসা,,11,1927,Jōyō Kanji
単,simple/single সরল/একক,,9,1928,Jōyō Kanji
戦,war/fight যুদ্ধ/লড়াই,,13,1929,Jōyō Kanji
禅,Zen meditation জেন ধ্যান,,13,1930,Jōyō Kanji
弾,bullet/play弹 গুলি/বাদ্যযন্ত্র বাজানো,,12,1931,Jōyō Kanji
桜,cherry blossom চেরি ফুল,,10,1932,Jōyō Kanji
獣,beast/animal পশু/বন্যপ্রাণী,,16,1933,Jōyō Kanji
脳,brain মস্তিষ্ক,,11,1934,Jōyō Kanji
悩,worry/trouble দুশ্চিন্তা করা/বিপদে ফেলা,,10,1935,Jōyō Kanji
厳,strict/severe কঠোর/তীব্র,,17,1936,Jōyō Kanji
鎖,chain শিকল,,18,1937,Jōyō Kanji
挙,raise/hold up তোলা/উত্থাপন করা,,10,1938,Jōyō Kanji
誉,honor/praise সম্মান/প্রশংসা,,13,1939,Jōyō Kanji
猟,hunting শিকার,,11,1940,Jōyō Kanji
鳥,bird পাখি,,11,1941,Jōyō Kanji
鳴,cry/sound ডাক দেওয়া/শব্দ করা,,14,1942,Jōyō Kanji
鶴,crane সারস,,21,1943,Jōyō Kanji
烏,crow দাঁড়কাক,,10,1944,Jinmeiyō Kanji
蔦,ivy লতানো উদ্ভিদ,,14,1945,Jinmeiyō Kanji
鳩,pigeon/dove কবুতর,,13,1946,Jinmeiyō Kanji
鶏,chicken/rooster মুরগি/মোরগ,,19,1947,Jōyō Kanji
島,island দ্বীপ,,10,1948,Jōyō Kanji
暖,warm উষ্ণ,,13,1949,Jōyō Kanji
媛,princess/lady রাজকন্যা/নারী,,12,1950,Jōyō Kanji
援,aid/support সাহায্য/সমর্থন,,12,1951,Jōyō Kanji
緩,loose/slow ঢিলা/ধীর,,15,1952,Jōyō Kanji
属,belong/category অন্তর্ভুক্ত হওয়া/শ্রেণি,,12,1953,Jōyō Kanji
嘱,entrust/request ন্যস্ত করা/অনুরোধ করা,,15,1954,Jōyō Kanji
偶,accidental/couple আকস্মিক/জোড়া,,11,1955,Jōyō Kanji
遇,encounter/treat সাক্ষাৎ করা/আচরণ করা,,12,1956,Jōyō Kanji
愚,foolish/stupid বোকা/নির্বোধ,,13,1957,Jōyō Kanji
隅,corner কোণ,,12,1958,Jōyō Kanji
逆,opposite/reverse বিপরীত/উল্টো,,9,1959,Jōyō Kanji
塑,model/sculpture গঠন করা/ভাস্কর্য,,13,1960,Jōyō Kanji
岡,hill পাহাড়/টিলা,,8,1961,Jōyō Kanji
鋼,steel ইস্পাত,,16,1962,Jōyō Kanji
綱,rope/line দড়ি/রজ্জু,,14,1963,Jōyō Kanji
剛,strong/tough শক্ত/দৃঢ়,,10,1964,Jōyō Kanji
缶,can/tin ক্যান/ধাতব পাত্র,,6,1965,Jōyō Kanji
陶,pottery/ceramics মৃৎশিল্প/মাটির পাত্র,,11,1966,Jōyō Kanji
揺,shake/sway দোলানো/কাঁপানো,,12,1967,Jōyō Kanji
謡,folk song/chant লোকগান/গীত,,16,1968,Jōyō Kanji
就,engage in/settle into গ্রহণ করা/কাজে যোগ দেওয়া,,12,1969,Jōyō Kanji
懇,earnest/kind আন্তরিক/সদয়,,17,1970,Jōyō Kanji
墾,cultivate/reclaim চাষের জন্য জমি পরিষ্কার করা,,16,1971,Jōyō Kanji
免,exempt/permit অব্যাহতি দেওয়া/অনুমতি দেওয়া,,8,1972,Jōyō Kanji
逸,escape/deviate পালিয়ে যাওয়া/বিচ্যুত হওয়া,,11,1973,Jōyō Kanji
晩,evening/night সন্ধ্যা/রাত,,12,1974,Jōyō Kanji
勉,exert oneself/strive পরিশ্রম করা/চেষ্টা করা,,10,1975,Jōyō Kanji
象,elephant/image হাতি/চিত্র,,12,1976,Jōyō Kanji
像,image/figure ছবি/প্রতিমূর্তি,,14,1977,Jōyō Kanji
馬,horse ঘোড়া,,10,1978,Jōyō Kanji
駒,horse/pony ঘোড়া/টাট্টু ঘোড়া,,15,1979,Jōyō Kanji
験,test/experience পরীক্ষা/অভিজ্ঞতা,,18,1980,Jōyō Kanji
騎,ride/horseman অশ্বারোহণ করা/অশ্বারোহী,,18,1981,Jōyō Kanji
駐,station/park অবস্থান করা/গাড়ি রাখা,,15,1982,Jōyō Kanji
駆,run/drive তাড়ানো/দৌড়ানো,,14,1983,Jōyō Kanji
駅,station স্টেশন,,14,1984,Jōyō Kanji
騒,noisy/commotion কোলাহল/হট্টগোল,,18,1985,Jōyō Kanji
駄,burdensome/useless বোঝাস্বরূপ/অপ্রয়োজনীয়,,14,1986,Jōyō Kanji
驚,surprise/be surprised অবাক করা/অবাক হওয়া,,22,1987,Jōyō Kanji
篤,serious/kind গভীর/আন্তরিক,,16,1988,Jōyō Kanji
騰,rise/soar বৃদ্ধি পাওয়া/দ্রুত বেড়ে ওঠা,,20,1989,Jōyō Kanji
虎,tiger বাঘ,,8,1990,Jōyō Kanji
虜,captive/prisoner বন্দি/বন্দী ব্যক্তি,,13,1991,Jōyō Kanji
膚,skin ত্বক,,15,1992,Jōyō Kanji
虚,empty/false শূন্য/মিথ্যা,,11,1993,Jōyō Kanji
戯,play/jest খেলা করা/পরিহাস করা,,15,1994,Jōyō Kanji
虞,fear/concern আশঙ্কা/ভয়,,13,1995,Jōyō Kanji
慮,consider/concern বিবেচনা করা/চিন্তা করা,,15,1996,Jōyō Kanji
劇,drama/theater নাটক/থিয়েটার,,15,1997,Jōyō Kanji
虐,cruelty/torment নিষ্ঠুরতা/নির্যাতন,,9,1998,Jōyō Kanji
鹿,deer হরিণ,,11,1999,Jōyō Kanji
薦,recommend/introduce সুপারিশ করা/পরিচয় করিয়ে দেওয়া,,16,2000,Jōyō Kanji
慶,celebrate/congratulate উদযাপন করা/অভিনন্দন করা,,15,2001,Jōyō Kanji
麗,beautiful/lovely সুন্দর/মনোরম,,19,2002,Jōyō Kanji
熊,bear ভালুক,,14,2003,Jōyō Kanji
能,ability/capability ক্ষমতা/সামর্থ্য,,10,2004,Jōyō Kanji
態,condition/appearance অবস্থা/রূপ,,14,2005,Jōyō Kanji
寅,tiger/third zodiac sign বাঘ/রাশিচক্রের তৃতীয় চিহ্ন,,11,2006,Jinmeiyō Kanji
演,perform/act পরিবেশন করা/অভিনয় করা,,14,2007,Jōyō Kanji
辰,morning/fifth zodiac sign সকাল/রাশিচক্রের পঞ্চম চিহ্ন,,7,2008,Jinmeiyō Kanji
辱,shame/humiliate অপমান/অপমান করা,,10,2009,Jōyō Kanji
震,shake/earthquake কাঁপানো/ভূমিকম্প,,15,2010,Jōyō Kanji
振,shake/swing নাড়ানো/দোলানো,,10,2011,Jōyō Kanji
娠,pregnancy গর্ভধারণ,,10,2012,Jōyō Kanji
唇,lip ঠোঁট,,10,2013,Jōyō Kanji
農,farming/agriculture কৃষিকাজ/কৃষি,,13,2014,Jōyō Kanji
濃,dark/thick ঘন/গাঢ়,,16,2015,Jōyō Kanji
送,send/see off পাঠানো/বিদায় জানানো,,9,2016,Jōyō Kanji
関,connection/barrier সম্পর্ক/বাধা,,14,2017,Jōyō Kanji
咲,bloom ফুটে ওঠা,,9,2018,Jōyō Kanji
鬼,demon/ogre দানব/ভূত,,10,2019,Jōyō Kanji
醜,ugly/poor-looking কুৎসিত/বিশ্রী,,17,2020,Jōyō Kanji
魂,soul/spirit আত্মা/প্রাণ,,14,2021,Jōyō Kanji
魔,demon/evil দানব/অশুভ শক্তি,,21,2022,Jōyō Kanji
魅,charm/fascinate আকর্ষণ/মুগ্ধ করা,,15,2023,Jōyō Kanji
塊,lump/mass দলা/পিণ্ড,,13,2024,Jōyō Kanji
襲,attack/raid আক্রমণ করা/হানা দেওয়া,,22,2025,Jōyō Kanji
嚇,threaten/intimidate ভয় দেখানো/হুমকি দেওয়া,,17,2026,Jōyō Kanji
朕,I/we (imperial) আমি/আমরা (সম্রাটের ভাষা),,10,2027,Jōyō Kanji
雰,atmosphere/mood পরিবেশ/আবহ,,12,2028,Jōyō Kanji
箇,counter for items/individual item বস্তুর গণনাসূচক শব্দ/একটি বস্তু,,14,2029,Jōyō Kanji
錬,temper/refine শোধন করা/পরিশুদ্ধ করা,,16,2030,Jōyō Kanji
遵,obey/follow মেনে চলা/অনুসরণ করা,,15,2031,Jōyō Kanji
罷,quit/dismiss পদত্যাগ করা/বরখাস্ত করা,,15,2032,Jōyō Kanji
屯,station/encamp অবস্থান করা/শিবির স্থাপন করা,,4,2033,Jōyō Kanji
且,moreover/also তদুপরি/এছাড়াও,,5,2034,Jōyō Kanji
藻,algae/seaweed শৈবাল/সামুদ্রিক শৈবাল,,19,2035,Jōyō Kanji
隷,slave/servant দাস/ভৃত্য,,16,2036,Jōyō Kanji
癒,heal/cure সুস্থ করা/আরোগ্য করা,,18,2037,Jōyō Kanji
丹,red/red pigment লাল/লাল রঞ্জক,,4,2038,Jōyō Kanji
潟,lagoon/lake উপহ্রদ/হ্রদ,,15,2039,Jōyō Kanji
璃,glass/glassy substance কাচ/কাচজাত পদার্থ,,14,2040,Jōyō Kanji
俺,I/me (male) আমি/আমাকে (পুরুষের অনানুষ্ঠানিক),,10,2041,Jōyō Kanji
臼,mortar হামানদিস্তা,,6,2042,Jōyō Kanji
毀,destroy/damage ধ্বংস করা/ক্ষতি করা,,13,2043,Jōyō Kanji
脊,spine/backbone মেরুদণ্ড,,10,2044,Jōyō Kanji
璽,seal/imperial seal সিলমোহর/রাজমোহর,,19,2045,Jōyō Kanji
妖,bewitching/mysterious রহস্যময়/মোহনীয়,,7,2046,Jōyō Kanji
沃,fertile/enrich উর্বর/সমৃদ্ধ করা,,7,2047,Jōyō Kanji
稽,think/delay চিন্তা করা/বিলম্ব করা,,16,2048,Jōyō Kanji
采,pick/gather বাছাই করা/সংগ্রহ করা,,8,2049,Jōyō Kanji
斬,cut/slash কেটে ফেলা/কুপিয়ে কাটা,,11,2050,Jōyō Kanji
巾,cloth/width কাপড়/প্রস্থ,,3,2051,Jōyō Kanji
僅,only/barely মাত্র/কষ্টেসৃষ্টে,,12,2052,Jōyō Kanji
侶,companion/partner সঙ্গী/সহচর,,9,2053,Jōyō Kanji
伎,skill/performer দক্ষতা/শিল্পী,,6,2054,Jōyō Kanji
凄,terrible/awesome ভয়ংকর/অসাধারণ,,10,2055,Jōyō Kanji
冶,smelt/forge ধাতু গলানো/গড়া,,7,2056,Jōyō Kanji
刹,moment/instant মুহূর্ত/ক্ষণ,,8,2057,Jōyō Kanji
剥,peel/strip খোসা ছাড়ানো/ছাড়িয়ে নেওয়া,,10,2058,Jōyō Kanji
匂,scent/smell গন্ধ/সুবাস,,4,2059,Jōyō Kanji
勾,intersect/hook ছেদ করা/হুক,,4,2060,Jōyō Kanji
嘲,mock/deride উপহাস করা/বিদ্রূপ করা,,15,2061,Jōyō Kanji
咽,throat/gullet গলা,,9,2062,Jōyō Kanji
喉,throat গলা,,12,2063,Jōyō Kanji
唾,saliva/spit লালা/থুতু,,11,2064,Jōyō Kanji
呪,curse/curse spell অভিশাপ/মন্ত্র,,8,2065,Jōyō Kanji
唄,folk song লোকগান,,10,2066,Jōyō Kanji
叱,scold বকা দেওয়া,,5,2067,Jōyō Kanji
堆,pile/heap স্তূপ/গাদা,,11,2068,Jōyō Kanji
妬,jealousy/envy ঈর্ষা/হিংসা,,8,2069,Jōyō Kanji
嫉,jealous/envy ঈর্ষা করা/হিংসা করা,,13,2070,Jōyō Kanji
塞,block/obstruct বন্ধ করা/বাধা দেওয়া,,13,2071,Jōyō Kanji
尻,buttocks/rear নিতম্ব/পেছনের অংশ,,5,2072,Jōyō Kanji
崖,cliff খাড়া পাহাড়/খাদ,,11,2073,Jōyō Kanji
弥,increasingly/all the more ক্রমশ/আরও বেশি,,8,2074,Jōyō Kanji
挨,push/approach ঠেলা দেওয়া/কাছে আসা,,10,2075,Jōyō Kanji
捻,twist/twirl পাকানো/মোচড়ানো,,11,2076,Jōyō Kanji
拭,wipe মুছে ফেলা,,9,2077,Jōyō Kanji
捉,catch/grasp ধরা/আয়ত্ত করা,,10,2078,Jōyō Kanji
拶,approach/press কাছে আসা/চাপ দেওয়া,,9,2079,Jōyō Kanji
捗,progress অগ্রগতি,,10,2080,Jōyō Kanji
憧,longing/admiration আকাঙ্ক্ষা/মুগ্ধতা,,15,2081,Jōyō Kanji
湧,surge/spring up উথলে ওঠা/উৎসারিত হওয়া,,12,2082,Jōyō Kanji
沙,sand বালি,,7,2083,Jōyō Kanji
淫,lewdness/indulgence অশ্লীলতা/ভোগবিলাস,,11,2084,Jōyō Kanji
氾,flood/overflow বন্যা/উপচে পড়া,,5,2085,Jōyō Kanji
溺,drown/indulge ডুবে যাওয়া/আসক্ত হওয়া,,13,2086,Jōyō Kanji
汰,select/eliminate বাছাই করা/বাদ দেওয়া,,7,2087,Jōyō Kanji
潰,collapse/crush ধসে পড়া/চূর্ণ করা,,15,2088,Jōyō Kanji
汎,all/general সর্বজনীন/সাধারণ,,6,2089,Jōyō Kanji
釜,cauldron/cooking pot কড়াই/বড় হাঁড়ি,,10,2090,Jōyō Kanji
狙,aim/target লক্ষ্য করা/লক্ষ্য,,8,2091,Jōyō Kanji
萎,wither/shrivel শুকিয়ে যাওয়া/কুঁকড়ে যাওয়া,,11,2092,Jōyō Kanji
蔽,cover/obscure ঢেকে রাখা/আড়াল করা,,16,2093,Jōyō Kanji
芯,core/stem কেন্দ্র/কাণ্ড,,8,2094,Jōyō Kanji
藍,indigo নীল রং/ইন্ডিগো,,18,2095,Jōyō Kanji
苛,severe/harsh কঠোর/নির্দয়,,8,2096,Jōyō Kanji
蓋,cover/lid ঢাকনা/আবরণ,,14,2097,Jōyō Kanji
蔑,despise/ignore তুচ্ছ করা/উপেক্ষা করা,,13,2098,Jōyō Kanji
葛,kudzu/vine কুডজু লতা/লতা,,12,2099,Jōyō Kanji
遜,humble/modest বিনয়ী/নম্র,,12,2100,Jōyō Kanji
隙,gap/opening ফাঁক/স্থান,,13,2101,Jōyō Kanji
曖,vague/ambiguous অস্পষ্ট/দ্ব্যর্থক,,17,2102,Jōyō Kanji
昧,dark/ignorant অন্ধকার/অজ্ঞ,,9,2103,Jōyō Kanji
旺,flourishing/vigorous সমৃদ্ধ/প্রাণবন্ত,,8,2104,Jōyō Kanji
腎,kidney বৃক্ক/কিডনি,,13,2105,Jōyō Kanji
股,thigh/crotch উরু/কুঁচকি,,8,2106,Jōyō Kanji
臆,imagination/guess কল্পনা/অনুমান,,17,2107,Jōyō Kanji
膝,knee হাঁটু,,15,2108,Jōyō Kanji
肘,elbow কনুই,,9,2109,Jōyō Kanji
腺,gland গ্রন্থি,,13,2110,Jōyō Kanji
腫,swell/swelling ফুলে ওঠা/ফোলা,,13,2111,Jōyō Kanji
膳,meal/food খাবার/আহার,,16,2112,Jōyō Kanji
枕,pillow/billow বালিশ/মাথার নিচে রাখা,,8,2113,Jōyō Kanji
椅,chair চেয়ার,,12,2114,Jōyō Kanji
柿,persimmon পার্সিমন ফল,,9,2115,Jōyō Kanji
桁,beam/joist কড়ি/বিম,,10,2116,Jōyō Kanji
梗,stem/obstruction কাণ্ড/বাধা,,11,2117,Jōyō Kanji
椎,stone/vertebra/cedar শিরদাঁড়া/কশেরুকা,,12,2118,Jōyō Kanji
柵,fence/barrier বেড়া/প্রতিবন্ধক,,9,2119,Jōyō Kanji
煎,roast/boil ভাজা/সিদ্ধ করা,,13,2120,Jōyō Kanji
瑠,lapis lazuli/precious stone ল্যাপিস লাজুলি/মূল্যবান পাথর,,14,2121,Jōyō Kanji
斑,spots/pattern দাগ/ছোপ,,12,2122,Jōyō Kanji
弄,play with/manipulate নিয়ে খেলা করা/কারসাজি করা,,7,2123,Jōyō Kanji
玩,play/toy খেলা করা/খেলনা,,8,2124,Jōyō Kanji
畏,fear/awe ভয়/শ্রদ্ধাভয়,,9,2125,Jōyō Kanji
痩,thin/become thin রোগা হওয়া/পাতলা,,15,2126,Jōyō Kanji
痕,mark/scar দাগ/ক্ষতচিহ্ন,,11,2127,Jōyō Kanji
瞭,clear/obvious স্পষ্ট/সুস্পষ্ট,,17,2128,Jōyō Kanji
眉,eyebrow ভ্রু,,9,2129,Jōyō Kanji
窟,cave/cavern গুহা,,13,2130,Jōyō Kanji
裾,hem/lower edge পোশাকের নিচের অংশ/ঝুল,,14,2131,Jōyō Kanji
箸,chopsticks চপস্টিক,,15,2132,Jōyō Kanji
綻,unravel/split খুলে যাওয়া/ফেটে যাওয়া,,14,2133,Jōyō Kanji
舷,side of a ship জাহাজের পাশ,,11,2134,Jōyō Kanji
蜂,bee/wasp মৌমাছি/বোলতা,,13,2135,Jōyō Kanji
罵,insult/abuse গালি দেওয়া/অপমান করা,,16,2136,Jōyō Kanji
戴,wear/receive respectfully পরিধান করা/শ্রদ্ধার সঙ্গে গ্রহণ করা,,18,2137,Jōyō Kanji
謎,riddle/mystery ধাঁধা/রহস্য,,16,2138,Jōyō Kanji
誰,who কে,,15,2139,Jōyō Kanji
詣,visit a shrine/temple মন্দিরে যাওয়া,,13,2140,Jōyō Kanji
諦,give up/accept হাল ছেড়ে দেওয়া/মেনে নেওয়া,,16,2141,Jōyō Kanji
詮,clarify/examine ব্যাখ্যা করা/পরীক্ষা করা,,13,2142,Jōyō Kanji
貌,appearance/looks চেহারা/আকৃতি,,14,2143,Jōyō Kanji
貼,paste/stick লাগানো/সেঁটে দেওয়া,,12,2144,Jōyō Kanji
賂,bribe ঘুষ,,13,2145,Jōyō Kanji
蹴,kick লাথি মারা,,19,2146,Jōyō Kanji
酎,distilled liquor পাতিত মদ,,10,2147,Jōyō Kanji
醒,wake up/clear-headed জেগে ওঠা/সচেতন,,16,2148,Jōyō Kanji
麺,noodles নুডলস,,16,2149,Jōyō Kanji
鍋,pot/pan হাঁড়ি/পাতিল,,17,2150,Jōyō Kanji
鍵,key চাবি,,17,2151,Jōyō Kanji
闇,darkness/obscurity অন্ধকার/অস্পষ্টতা,,17,2152,Jōyō Kanji
頓,suddenly/pause হঠাৎ/বিরতি,,13,2153,Jōyō Kanji
頃,about/around time প্রায়/সময়কাল,,11,2154,Jōyō Kanji
顎,jaw/chin চোয়াল/থুতনি,,18,2155,Jōyō Kanji
餌,food/bait খাবার/টোপ,,14,2156,Jōyō Kanji
餅,rice cake মোচি/চালের পিঠা,,14,2157,Jōyō Kanji
麓,foot of a mountain পাহাড়ের পাদদেশ,,19,2158,Jōyō Kanji
冥,darkness/underworld অন্ধকার/পরলোক,,10,2159,Jōyō Kanji
挫,frustrate/defeat হতাশ করা/পরাজিত করা,,11,2160,Jōyō Kanji
遡,go upstream/go back উজানে যাওয়া/পেছনে ফিরে যাওয়া,,14,2161,Jōyō Kanji
爽,refreshing/pleasant সতেজ/প্রফুল্ল,,11,2162,Jōyō Kanji
勃,rise/sudden surge হঠাৎ বৃদ্ধি/উত্থান,,9,2163,Jōyō Kanji
骸,skeleton/remains কঙ্কাল/অবশেষ,,16,2164,Jōyō Kanji
戚,relative/grief আত্মীয়/দুঃখ,,11,2165,Jōyō Kanji
丼,bowl of food/Donburi খাবারের বাটি/ডনবুরি,,5,2166,Jōyō Kanji
畿,capital region রাজধানী অঞ্চল,,15,2167,Jōyō Kanji
拳,fist মুষ্টি,,10,2168,Jōyō Kanji
阜,hill/mound টিলা/ঢিবি,,8,2169,Jōyō Kanji
那,what/that/那 কী/সেটি,,6,2170,Jōyō Kanji
箋,note/letter paper নোট/চিঠির কাগজ,,14,2171,Jōyō Kanji
彙,category/collection শ্রেণি/সংকলন,,13,2172,Jōyō Kanji
拉,pull/drag টানা/হিড়হিড় করে নেওয়া,,8,2173,Jōyō Kanji
鬱,depression/gloom বিষণ্ণতা/অবসাদ,,29,2174,Jōyō Kanji
嗅,smell/smell out গন্ধ নেওয়া/গন্ধ শোঁকা,,13,2175,Jōyō Kanji
璧,jade disk/precious jewel জেড পাথরের চাকতি/মূল্যবান রত্ন,,18,2176,Jōyō Kanji
瘍,ulcer/skin sore ঘা/আলসার,,14,2177,Jōyō Kanji
踪,trace/footprint চিহ্ন/পদচিহ্ন,,15,2178,Jōyō Kanji
慄,shiver/tremble কাঁপা/শিহরিত হওয়া,,13,2179,Jōyō Kanji
傲,arrogant/proud অহংকারী/গর্বিত,,13,2180,Jōyō Kanji
喩,metaphor/illustrate রূপক/উদাহরণ দিয়ে বোঝানো,,12,2181,Jōyō Kanji
羞,shame লজ্জা,,11,2182,Jōyō Kanji
惧,fear ভয়,,11,2183,Jōyō Kanji
貪,greed/long for লোভ/আকাঙ্ক্ষা করা,,11,2184,Jōyō Kanji
塡,fill/insert পূরণ করা/ভরাট করা,,13,2185,Jōyō Kanji
緻,fine/detailed সূক্ষ্ম/নিখুঁত,,16,2186,Jōyō Kanji
辣,spicy/hot ঝাল/তীব্র,,14,2187,Jōyō Kanji
摯,sincere/earnest আন্তরিক/একনিষ্ঠ,,15,2188,Jōyō Kanji
諧,harmony/fit সামঞ্জস্য/সুরেলা,,16,2189,Jōyō Kanji
哺,nurse/feed স্তন্যপান করানো/খাওয়ানো,,10,2190,Jōyō Kanji
恣,self-indulgent/arbitrary স্বেচ্ছাচারী/খেয়ালী,,10,2191,Jōyō Kanji
憬,long for/aspire আকাঙ্ক্ষা করা/আশা করা,,15,2192,Jōyō Kanji
訃,obituary/death notice মৃত্যুসংবাদ,,9,2193,Jōyō Kanji
錮,lock/seal বন্ধ করা/আটকে রাখা,,16,2194,Jōyō Kanji
籠,basket/cage/contain ঝুড়ি/খাঁচা/আবদ্ধ করা,,22,2195,Jōyō Kanji
楷,model/standard আদর্শ/মানদণ্ড,,13,2196,Jōyō Kanji
頰,cheek গাল,,16,2197,Jōyō Kanji
丑,ox/second zodiac sign বলদ/রাশিচক্রের দ্বিতীয় চিহ্ন,,5,2198,Jinmeiyō Kanji
卯,rabbit/fourth zodiac sign খরগোশ/রাশিচক্রের চতুর্থ চিহ্ন,,5,2199,Jinmeiyō Kanji
巳,snake/sixth zodiac sign সাপ/রাশিচক্রের ষষ্ঠ চিহ্ন,,3,2200,Jinmeiyō Kanji
此,this এই,,6,2201,Jinmeiyō Kanji
柴,firewood ঝোপঝাড়ের কাঠ/জ্বালানি কাঠ,,10,2202,Jinmeiyō Kanji
砦,fort/stronghold দুর্গ/দুর্গপ্রাচীর,,11,2203,Jinmeiyō Kanji
些,some/a little কিছু/সামান্য,,8,2204,Jinmeiyō Kanji
髭,mustache/beard গোঁফ/দাড়ি,,17,2205,Jinmeiyō Kanji
禽,bird/fowl পাখি/পক্ষী,,13,2206,Jinmeiyō Kanji
檎,apple আপেল,,17,2207,Jinmeiyō Kanji
憐,pity/compassion করুণা/সহানুভূতি,,15,2208,Jinmeiyō Kanji
燐,phosphorus ফসফরাস,,16,2209,Jinmeiyō Kanji
麟,kirin/mythical beast কিরিন/পৌরাণিক প্রাণী,,23,2210,Jinmeiyō Kanji
鱗,scale (fish/reptile) আঁশ,,23,2211,Jinmeiyō Kanji
奄,suddenly/completely হঠাৎ/সম্পূর্ণভাবে,,8,2212,Jinmeiyō Kanji
庵,hermitage/hut কুটির/সন্ন্যাসীর আশ্রম,,11,2213,Jinmeiyō Kanji
掩,cover/conceal ঢেকে রাখা/লুকানো,,11,2214,Jinmeiyō Kanji
悛,amend/repent সংশোধন করা/অনুতপ্ত হওয়া,,10,2215,Jinmeiyō Kanji
駿,excellent/fast horse উৎকৃষ্ট/দ্রুতগামী ঘোড়া,,17,2216,Jinmeiyō Kanji
峻,steep/strict খাড়া/কঠোর,,10,2217,Jinmeiyō Kanji
竣,complete/finish সম্পন্ন করা/শেষ করা,,12,2218,Jinmeiyō Kanji
舅,mother-in-law's brother/uncle শ্বশুরবাড়ির মামা/মামা,,13,2219,Jinmeiyō Kanji
鼠,mouse/rat ইঁদুর,,13,2220,Jinmeiyō Kanji
鑿,chisel/drill ছেনি/ছিদ্র করা,,28,2221,Jinmeiyō Kanji
艘,counter for ships জাহাজ গণনার একক,,16,2222,Jinmeiyō Kanji
犀,rhinoceros গণ্ডার,,11,2223,Jinmeiyō Kanji
皐,water's edge/May জলের ধারের স্থান/মে মাস,,11,2224,Jinmeiyō Kanji
畷,path between rice fields ধানক্ষেতের মাঝের পথ,,13,2225,Jinmeiyō Kanji
綴,spell/compile জোড়া লাগানো/সংকলন করা,,14,2226,Jinmeiyō Kanji
爾,you/that তুমি/সেই,,14,2227,Jinmeiyō Kanji
鎧,armor বর্ম,,18,2228,Jinmeiyō Kanji
凱,triumph/victory বিজয়/জয়,,12,2229,Jinmeiyō Kanji
呑,swallow/gulp গিলে ফেলা/গলাধঃকরণ করা,,7,2230,Jinmeiyō Kanji
韮,leek পেঁয়াজজাতীয় শাক,,12,2231,Jinmeiyō Kanji
籤,lot/fortune slip লটারির চিরকুট/ভাগ্যচিরকুট,,23,2232,Jinmeiyō Kanji
懺,penitence/repentance অনুতাপ/প্রায়শ্চিত্ত,,20,2233,Jinmeiyō Kanji
芻,straw/chaff খড়/ভুসি,,10,2234,Jinmeiyō Kanji
雛,chick/young bird ছানা/পাখির বাচ্চা,,18,2235,Jinmeiyō Kanji
趨,tend toward/hasten অভিমুখী হওয়া/দ্রুত এগোনো,,17,2236,Jinmeiyō Kanji
尤,especially/particularly বিশেষভাবে/বিশেষত,,4,2237,Jinmeiyō Kanji
厖,huge/massive বিশাল/বিরাট,,9,2238,Jinmeiyō Kanji
或,some/certain অথবা/কোনো,,8,2239,Jinmeiyō Kanji
兎,rabbit খরগোশ,,7,2240,Jinmeiyō Kanji
也,to be/also হওয়া/এছাড়াও,,3,2241,Jinmeiyō Kanji
尭,lofty/legendary emperor উচ্চ/পৌরাণিক সম্রাট,,8,2242,Jinmeiyō Kanji
巴,strongly desire/cling আকাঙ্ক্ষা করা/আকড়ে ধরা,,4,2243,Jinmeiyō Kanji
甫,just/beginning সদ্য/শুরু,,7,2244,Jinmeiyō Kanji
疋,counter for animals পশু গণনার একক,,5,2245,Jinmeiyō Kanji
菫,violet/flower বেগুনি ফুল,,12,2246,Jinmeiyō Kanji
曼,long/extended দীর্ঘ/প্রসারিত,,11,2247,Jinmeiyō Kanji
云,say/so-called বলা/কথিত,,4,2248,Jinmeiyō Kanji
卜,divination/fortune telling ভাগ্য গণনা/ভবিষ্যদ্বাণী,,2,2249,Jinmeiyō Kanji
喬,tall/high উঁচু/দীর্ঘকায়,,12,2250,Jinmeiyō Kanji
莫,do not/none না করা/কিছুই নয়,,10,2251,Jinmeiyō Kanji
倭,Japan/ancient Japan জাপান/প্রাচীন জাপান,,10,2252,Jinmeiyō Kanji
侠,chivalry/heroic ব্যক্তি বীরত্বপূর্ণ/বীর,,8,2253,Jinmeiyō Kanji
倦,tired/weary ক্লান্ত/অবসন্ন,,11,2254,Jinmeiyō Kanji
佼,beautiful/excellent সুন্দর/উৎকৃষ্ট,,8,2255,Jinmeiyō Kanji
俄,suddenly/soon হঠাৎ/শীঘ্রই,,9,2256,Jinmeiyō Kanji
佃,farmer/tenant farmer কৃষক/বর্গাচাষী,,7,2257,Jinmeiyō Kanji
伶,clever/actor বুদ্ধিমান/অভিনেতা,,7,2258,Jinmeiyō Kanji
仔,careful/offspring যত্নশীল/সন্তান,,5,2259,Jinmeiyō Kanji
仇,enemy/revenge শত্রু/প্রতিশোধ,,4,2260,Jinmeiyō Kanji
伽,assist/attend সহায়তা করা/সেবা করা,,7,2261,Jinmeiyō Kanji
僻,biased/remote পক্ষপাতদুষ্ট/দুর্গম,,15,2262,Jinmeiyō Kanji
儲,save/profit সঞ্চয় করা/লাভ,,17,2263,Jinmeiyō Kanji
倖,happiness/good fortune সুখ/সৌভাগ্য,,10,2264,Jinmeiyō Kanji
僑,emigrant/expatriate প্রবাসী,,14,2265,Jinmeiyō Kanji
侃,frank/outspoken স্পষ্টভাষী/সোজাসাপ্টা,,8,2266,Jinmeiyō Kanji
倶,together/both একসাথে/উভয়,,10,2267,Jinmeiyō Kanji
侭,as is/remain as it is যেমন আছে তেমন/অপরিবর্তিত,,8,2268,Jinmeiyō Kanji
佑,help/protect সাহায্য করা/রক্ষা করা,,7,2269,Jinmeiyō Kanji
俣,mistake/accident ভুল/দুর্ঘটনা,,9,2270,Jinmeiyō Kanji
傭,employ/hire নিয়োগ করা/ভাড়া করা,,13,2271,Jinmeiyō Kanji
偲,remember/recall স্মরণ করা/মনে করা,,11,2272,Jinmeiyō Kanji
脩,study/repair অধ্যয়ন করা/মেরামত করা,,11,2273,Jinmeiyō Kanji
倅,son/offspring পুত্র/সন্তান,,10,2274,Jinmeiyō Kanji
做,make/do তৈরি করা/করা,,11,2275,Jinmeiyō Kanji
冴,clear/sharp পরিষ্কার/তীক্ষ্ণ,,7,2276,Jinmeiyō Kanji
凋,wither/decline শুকিয়ে যাওয়া/অবনতি হওয়া,,10,2277,Jinmeiyō Kanji
凌,overcome/endure অতিক্রম করা/সহ্য করা,,10,2278,Jinmeiyō Kanji
凛,dignified/strict মর্যাদাপূর্ণ/কঠোর,,15,2279,Jinmeiyō Kanji
凧,kite ঘুড়ি,,5,2280,Jinmeiyō Kanji
凪,calm/calm sea শান্ত/শান্ত সমুদ্র,,6,2281,Jinmeiyō Kanji
夙,early/long ago ভোরে/অনেক আগে,,6,2282,Jinmeiyō Kanji
鳳,phoenix (male)/mythical bird ফিনিক্স/পৌরাণিক পাখি,,14,2283,Jinmeiyō Kanji
劉,kill/destroy হত্যা করা/ধ্বংস করা,,15,2284,Jinmeiyō Kanji
剃,shave কামানো,,9,2285,Jinmeiyō Kanji
厭,dislike/hate অপছন্দ করা/ঘৃণা করা,,14,2286,Jinmeiyō Kanji
雁,wild goose বুনো হাঁস,,12,2287,Jinmeiyō Kanji
贋,fake/counterfeit নকল/জাল,,19,2288,Jinmeiyō Kanji
厨,kitchen রান্নাঘর,,12,2289,Jinmeiyō Kanji
仄,lean/slant হেলে থাকা/তির্যক হওয়া,,4,2290,Jinmeiyō Kanji
哨,sentry/watch প্রহরা/পাহারা,,10,2291,Jinmeiyō Kanji
咎,blame/fault দোষ/দোষারোপ করা,,8,2292,Jinmeiyō Kanji
囁,whisper ফিসফিস করা,,21,2293,Jinmeiyō Kanji
喋,chat/talk বকবক করা/কথা বলা,,12,2294,Jinmeiyō Kanji
嘩,noisy/uproarious কোলাহলপূর্ণ/হট্টগোলপূর্ণ,,13,2295,Jinmeiyō Kanji
噂,gossip/rumor গুজব/পরচর্চা,,15,2296,Jinmeiyō Kanji
咳,cough কাশি,,9,2297,Jinmeiyō Kanji
喧,noisy/loud কোলাহলপূর্ণ/শোরগোলপূর্ণ,,12,2298,Jinmeiyō Kanji
叩,hit/knock আঘাত করা/কড়া নাড়া,,5,2299,Jinmeiyō Kanji
嘘,lie/falsehood মিথ্যা/মিথ্যাচার,,14,2300,Jinmeiyō Kanji
啄,peck ঠোকরানো,,10,2301,Jinmeiyō Kanji
吠,bark/howl ঘেউ ঘেউ করা/হুংকার দেওয়া,,7,2302,Jinmeiyō Kanji
吊,hang ঝুলানো,,6,2303,Jinmeiyō Kanji
噛,bite/chew কামড়ানো/চিবানো,,15,2304,Jinmeiyō Kanji
叶,come true/fulfill পূরণ হওয়া/পূরণ করা,,5,2305,Jinmeiyō Kanji
吻,kiss/beak চুম্বন/ঠোঁট,,7,2306,Jinmeiyō Kanji
吃,stutter/stammer তোতলানো,,6,2307,Jinmeiyō Kanji
噺,talk/story গল্প/আলাপ,,16,2308,Jinmeiyō Kanji
噌,noisy/boisterous কোলাহলপূর্ণ/চঞ্চল,,14,2309,Jinmeiyō Kanji
邑,village/town গ্রাম/শহর,,6,2310,Jinmeiyō Kanji
呆,absent-minded/stupid অন্যমনস্ক/বোকা,,7,2311,Jinmeiyō Kanji
喰,eat খাওয়া,,12,2312,Jinmeiyō Kanji
埴,clay মাটি/কাদামাটি,,11,2313,Jinmeiyō Kanji
坤,southwest/earth দক্ষিণ-পশ্চিম/পৃথিবী,,8,2314,Jinmeiyō Kanji
壕,trench/ditch পরিখা/খাত,,17,2315,Jinmeiyō Kanji
垢,dirt/grime ময়লা/মলিনতা,,9,2316,Jinmeiyō Kanji
坦,level/flat সমতল/মসৃণ,,8,2317,Jinmeiyō Kanji
埠,pier/wharf ঘাট/জেটি,,11,2318,Jinmeiyō Kanji
填,fill/insert পূরণ করা/ভরাট করা,,13,2319,Jinmeiyō Kanji
堰,dam/weir বাঁধ/জলরোধ,,12,2320,Jinmeiyō Kanji
堵,block/barrier বাধা/অবরোধ,,11,2321,Jinmeiyō Kanji
嬰,baby/infant শিশু/শিশু সন্তান,,17,2322,Jinmeiyō Kanji
姦,wickedness/adultery দুষ্টতা/ব্যভিচার,,9,2323,Jinmeiyō Kanji
婢,maid/servant দাসী/পরিচারিকা,,11,2324,Jinmeiyō Kanji
婉,gentle/graceful কোমল/মার্জিত,,11,2325,Jinmeiyō Kanji
娼,prostitute পতিতা,,11,2326,Jinmeiyō Kanji
妓,geisha/performer গেইশা/শিল্পী,,7,2327,Jinmeiyō Kanji
娃,baby/doll শিশু/পুতুল,,9,2328,Jinmeiyō Kanji
姪,niece ভাগ্নি/ভাতিজি,,9,2329,Jinmeiyō Kanji
嬬,weak woman/concubine দুর্বল নারী/উপপত্নী,,17,2330,Jinmeiyō Kanji
姥,grandmother বৃদ্ধা/দাদি-নানি,,9,2331,Jinmeiyō Kanji
姑,aunt/father's sister পিসি/ফুফু,,8,2332,Jinmeiyō Kanji
姐,older sister বড় বোন,,8,2333,Jinmeiyō Kanji
嬉,happy/playful আনন্দিত/খেলাচ্ছলে,,15,2334,Jinmeiyō Kanji
孕,pregnancy গর্ভধারণ,,5,2335,Jinmeiyō Kanji
孜,diligent/industrious অধ্যবসায়ী/পরিশ্রমী,,7,2336,Jinmeiyō Kanji
宥,forgive/pardon ক্ষমা করা,,9,2337,Jinmeiyō Kanji
寓,temporary residence/embody অস্থায়ী বাসস্থান/প্রতীকীভাবে প্রকাশ করা,,12,2338,Jinmeiyō Kanji
宏,broad/vast প্রশস্ত/বিস্তৃত,,7,2339,Jinmeiyō Kanji
牢,prison/firm কারাগার/দৃঢ়,,7,2340,Jinmeiyō Kanji
宋,Song dynasty/China সং রাজবংশ/চীন,,7,2341,Jinmeiyō Kanji
宍,meat মাংস,,7,2342,Jinmeiyō Kanji
屠,slaughter জবাই করা,,11,2343,Jinmeiyō Kanji
屁,fart বায়ুত্যাগ,,7,2344,Jinmeiyō Kanji
屑,scrap/worthless খুচরা অংশ/তুচ্ছ,,10,2345,Jinmeiyō Kanji
屡,often/frequently প্রায়ই/বারবার,,12,2346,Jinmeiyō Kanji
屍,corpse/dead body মৃতদেহ,,9,2347,Jinmeiyō Kanji
屏,screen/barrier পর্দা/বাধা,,9,2348,Jinmeiyō Kanji
嵩,height/lofty উচ্চতা/উচ্চ,,13,2349,Jinmeiyō Kanji
崚,rugged mountain খাড়া/দুর্গম পাহাড়,,11,2350,Jinmeiyō Kanji
峨,lofty/steep উচ্চ/খাড়া,,10,2351,Jinmeiyō Kanji
嶺,mountain ridge পর্বতশ্রেণি/পাহাড়ের শিরা,,17,2352,Jinmeiyō Kanji
嵌,insert/fit into বসানো/গেঁথে দেওয়া,,12,2353,Jinmeiyō Kanji
嵯,rugged/steep দুর্গম/খাড়া,,13,2354,Jinmeiyō Kanji
帖,note/document/flat counter নোট/দলিল/পাতলা বস্তুর গণনাসূচক,,8,2355,Jinmeiyō Kanji
幡,banner/flag পতাকা/ধ্বজা,,15,2356,Jinmeiyō Kanji
幟,flag/banner পতাকা/ধ্বজা,,15,2357,Jinmeiyō Kanji
庖,kitchen রান্নাঘর,,8,2358,Jinmeiyō Kanji
廓,enclosure/district ঘের/অঞ্চল,,14,2359,Jinmeiyō Kanji
庇,protect/eaves আশ্রয় দেওয়া/কার্নিশ,,7,2360,Jinmeiyō Kanji
鷹,hawk/eagle বাজপাখি/ঈগল,,24,2361,Jinmeiyō Kanji
庄,village/estate গ্রাম/জমিদারি,,6,2362,Jinmeiyō Kanji
廟,shrine/mausoleum মন্দির/সমাধিসৌধ,,15,2363,Jinmeiyō Kanji
彊,strong/boundary শক্তিশালী/সীমানা,,16,2364,Jinmeiyō Kanji
弛,loosen/relax শিথিল করা/ঢিলা করা,,6,2365,Jinmeiyō Kanji
粥,porridge জাউ/পাতলা ভাত,,12,2366,Jinmeiyō Kanji
挽,pull/haul টানা/বহন করা,,10,2367,Jinmeiyō Kanji
撞,collide/bump ধাক্কা খাওয়া/ধাক্কা দেওয়া,,15,2368,Jinmeiyō Kanji
扮,disguise/act ছদ্মবেশ নেওয়া/অভিনয় করা,,7,2369,Jinmeiyō Kanji
掠,rob/skim লুট করা/হালকাভাবে ছোঁয়া,,11,2370,Jinmeiyō Kanji
掴,grab/grasp আঁকড়ে ধরা/ধরা,,11,2371,Jinmeiyō Kanji
捺,press/hold down চাপ দেওয়া/চেপে ধরা,,11,2372,Jinmeiyō Kanji
掻,scratch/scrape আঁচড়ানো/চুলকানো,,11,2373,Jinmeiyō Kanji
撰,compile/select সংকলন করা/নির্বাচন করা,,15,2374,Jinmeiyō Kanji
揃,gather/complete জড়ো করা/সম্পূর্ণ করা,,12,2375,Jinmeiyō Kanji
捌,handle/deal with সামলানো/পরিচালনা করা,,10,2376,Jinmeiyō Kanji
撹,stir/agitate নাড়ানো/উত্তেজিত করা,,15,2377,Jinmeiyō Kanji
摺,rub/fold ঘষা/ভাঁজ করা,,14,2378,Jinmeiyō Kanji
按,press/according to চাপ দেওয়া/অনুযায়ী,,9,2379,Jinmeiyō Kanji
播,sow/broadcast বপন করা/সম্প্রচার করা,,15,2380,Jinmeiyō Kanji
揖,bow/salute নত হওয়া/অভিবাদন করা,,12,2381,Jinmeiyō Kanji
托,entrust/support ন্যস্ত করা/সমর্থন করা,,6,2382,Jinmeiyō Kanji
捧,hold up/offer তুলে ধরা/অর্পণ করা,,11,2383,Jinmeiyō Kanji
撚,twist/twine পাকানো/মোচড়ানো,,15,2384,Jinmeiyō Kanji
挺,straight/stand out সোজা/উল্লেখযোগ্য,,10,2385,Jinmeiyō Kanji
擾,disturb/agitate বিরক্ত করা/উত্তেজিত করা,,18,2386,Jinmeiyō Kanji
撫,pat/caress আদর করে হাত বুলানো,,15,2387,Jinmeiyō Kanji
撒,scatter/sprinkle ছড়িয়ে দেওয়া/ছিটানো,,15,2388,Jinmeiyō Kanji
擢,select/promote নির্বাচন করা/পদোন্নতি দেওয়া,,17,2389,Jinmeiyō Kanji
捷,victory/swift বিজয়/দ্রুত,,11,2390,Jinmeiyō Kanji
抉,decide/choose সিদ্ধান্ত নেওয়া/বেছে নেওয়া,,7,2391,Jinmeiyō Kanji
怯,cowardly/afraid ভীরু/ভীত,,8,2392,Jinmeiyō Kanji
惟,think/only চিন্তা করা/শুধু,,11,2393,Jinmeiyō Kanji
惚,fall in love/dazed প্রেমে পড়া/বিমূঢ়,,11,2394,Jinmeiyō Kanji
怜,compassion/sympathy করুণা/সহানুভূতি,,8,2395,Jinmeiyō Kanji
惇,sincere/kind আন্তরিক/দয়ালু,,11,2396,Jinmeiyō Kanji
恰,just/exactly ঠিক/হুবহু,,9,2397,Jinmeiyō Kanji
恢,restore/large পুনরুদ্ধার করা/বিস্তৃত,,9,2398,Jinmeiyō Kanji
悌,respect for elders বড়দের প্রতি শ্রদ্ধা,,10,2399,Jinmeiyō Kanji
澪,waterway/water channel জলপথ/জলের ধারা,,16,2400,Jinmeiyō Kanji
洸,sparkling water ঝলমলে জল,,9,2401,Jinmeiyō Kanji
滉,deep/wide water গভীর/বিস্তৃত জল,,13,2402,Jinmeiyō Kanji
漱,rinse/gargle কুলি করা/গার্গল করা,,14,2403,Jinmeiyō Kanji
洲,island/continent দ্বীপ/ভূখণ্ড,,9,2404,Jinmeiyō Kanji
洵,truly/indeed সত্যিই/নিশ্চয়ই,,9,2405,Jinmeiyō Kanji
滲,seep/soak in চুঁইয়ে পড়া/শোষিত হওয়া,,14,2406,Jinmeiyō Kanji
洒,wash/sprinkle ধোয়া/ছিটানো,,9,2407,Jinmeiyō Kanji
沐,bathe/wash গোসল করা/ধোয়া,,7,2408,Jinmeiyō Kanji
泪,tears অশ্রু,,8,2409,Jinmeiyō Kanji
渾,whole/turbid সম্পূর্ণ/ঘোলা,,12,2410,Jinmeiyō Kanji
涜,profanation/defilement অপবিত্র করা/অপমান,,10,2411,Jinmeiyō Kanji
梁,beam/bridge girder কড়ি/সেতুর প্রধান কাঠামো,,11,2412,Jinmeiyō Kanji
澱,sediment/deposit তলানি/পলি,,16,2413,Jinmeiyō Kanji
洛,Luo River/ancient capital লুও নদী/প্রাচীন রাজধানী,,9,2414,Jinmeiyō Kanji
汝,you তুমি/আপনি,,6,2415,Jinmeiyō Kanji
漉,filter/strain ছেঁকে নেওয়া,,14,2416,Jinmeiyō Kanji
瀕,be on the verge of প্রান্তে থাকা/নিকটবর্তী হওয়া,,20,2417,Jinmeiyō Kanji
濠,moat/ditch পরিখা/খাল,,17,2418,Jinmeiyō Kanji
溌,sprinkle/lively ছিটানো/প্রাণবন্ত,,12,2419,Jinmeiyō Kanji
湊,harbor/port বন্দর,,12,2420,Jinmeiyō Kanji
淋,drip/solitary ঝরা/একাকী,,11,2421,Jinmeiyō Kanji
浩,vast/abundant বিশাল/প্রচুর,,10,2422,Jinmeiyō Kanji
汀,water's edge নদীর তীর/জলের ধারে,,5,2423,Jinmeiyō Kanji
鴻,swan/goose/hong বৃহৎ হাঁসজাতীয় পাখি,,17,2424,Jinmeiyō Kanji
潅,irrigate/pour সেচ দেওয়া/ঢালা,,14,2425,Jinmeiyō Kanji
溢,overflow উপচে পড়া,,13,2426,Jinmeiyō Kanji
湛,deep/clear গভীর/স্বচ্ছ,,12,2427,Jinmeiyō Kanji
淳,pure/genuine বিশুদ্ধ/খাঁটি,,11,2428,Jinmeiyō Kanji
渥,kind/rich স্নেহশীল/সমৃদ্ধ,,12,2429,Jinmeiyō Kanji
灘,rapids/shallow rough water খরস্রোতা/অগভীর উত্তাল জল,,21,2430,Jinmeiyō Kanji
汲,draw water/fetch জল তোলা/আনা,,7,2431,Jinmeiyō Kanji
瀞,calm water শান্ত জল,,17,2432,Jinmeiyō Kanji
溜,drip/accumulate চুইয়ে পড়া/জমা হওয়া,,13,2433,Jinmeiyō Kanji
渕,deep pool/abyss গভীর জলাশয়/গভীর খাদ,,11,2434,Jinmeiyō Kanji
沌,confused/chaotic বিশৃঙ্খল/অস্পষ্ট,,7,2435,Jinmeiyō Kanji
濾,filter/strain ছেঁকে নেওয়া,,18,2436,Jinmeiyō Kanji
濡,get wet/wet ভিজে যাওয়া/ভেজা,,17,2437,Jinmeiyō Kanji
淀,stagnate/stagnant water স্থির হয়ে থাকা/স্থির জল,,11,2438,Jinmeiyō Kanji
涅,black mud/black কালো কাদা/কালো,,10,2439,Jinmeiyō Kanji
斧,axe কুঠার,,8,2440,Jinmeiyō Kanji
爺,grandfather/old man দাদা/বৃদ্ধ পুরুষ,,13,2441,Jinmeiyō Kanji
猾,cunning/sly ধূর্ত/চতুর,,13,2442,Jinmeiyō Kanji
猥,obscene/vulgar অশ্লীল/অশালীন,,12,2443,Jinmeiyō Kanji
狡,cunning/sly ধূর্ত/চালাক,,9,2444,Jinmeiyō Kanji
狸,raccoon dog/tanuki তানুকি/বনবিড়ালজাতীয় প্রাণী,,10,2445,Jinmeiyō Kanji
狼,wolf নেকড়ে,,10,2446,Jinmeiyō Kanji
狽,confusion/distress বিভ্রান্তি/দুর্দশা,,10,2447,Jinmeiyō Kanji
狗,dog কুকুর,,8,2448,Jinmeiyō Kanji
狐,fox শিয়াল,,9,2449,Jinmeiyō Kanji
狛,guardian dog/lion রক্ষক কুকুর/সিংহমূর্তি,,8,2450,Jinmeiyō Kanji
獅,lion সিংহ,,13,2451,Jinmeiyō Kanji
狒,baboon বেবুন,,8,2452,Jinmeiyō Kanji
莨,tobacco তামাক,,11,2453,Jinmeiyō Kanji
茉,jasmine জুঁই,,8,2454,Jinmeiyō Kanji
莉,jasmine জুঁই,,10,2455,Jinmeiyō Kanji
苺,strawberry স্ট্রবেরি,,9,2456,Jinmeiyō Kanji
萩,bush clover শরৎফুল/বুশ ক্লোভার,,12,2457,Jinmeiyō Kanji
藝,art/craft শিল্প/কারুশিল্প,,19,2458,Jinmeiyō Kanji
薙,mow/cut down কেটে ফেলা/ছেঁটে ফেলা,,16,2459,Jinmeiyō Kanji
蓑,raincoat/rain cape বৃষ্টির পোশাক/খড়ের চাদর,,13,2460,Jinmeiyō Kanji
苔,moss শ্যাওলা,,8,2461,Jinmeiyō Kanji
蕩,wander/indulge ঘুরে বেড়ানো/ভোগে ডুবে থাকা,,15,2462,Jinmeiyō Kanji
蔓,vine/creeper লতা,,14,2463,Jinmeiyō Kanji
蓮,lotus পদ্ম,,12,2464,Jinmeiyō Kanji
芙,lotus পদ্ম,,7,2465,Jinmeiyō Kanji
蓉,lotus/hibiscus পদ্ম/জবা,,13,2466,Jinmeiyō Kanji
蘭,orchid অর্কিড,,19,2467,Jinmeiyō Kanji
芦,reed/bulrush নলখাগড়া,,7,2468,Jinmeiyō Kanji
薯,potato/yam আলু/কন্দ,,17,2469,Jinmeiyō Kanji
菖,iris আইরিস ফুল,,11,2470,Jinmeiyō Kanji
蕉,banana/banana plant কলা/কলাগাছ,,15,2471,Jinmeiyō Kanji
蕎,buckwheat বাকউইট,,15,2472,Jinmeiyō Kanji
蕗,butterbur/edible plant একধরনের ভোজ্য উদ্ভিদ,,16,2473,Jinmeiyō Kanji
茄,eggplant বেগুন,,8,2474,Jinmeiyō Kanji
蔭,shade/shadow ছায়া,,13,2475,Jinmeiyō Kanji
蓬,mugwort/overgrown weed মগওয়ার্ট/আগাছা,,14,2476,Jinmeiyō Kanji
芥,mustard/peanut mustard সরিষা/সরিষাজাত উদ্ভিদ,,7,2477,Jinmeiyō Kanji
萌,bud/sprout কুঁড়ি/অঙ্কুর,,11,2478,Jinmeiyō Kanji
葡,grape আঙুর,,12,2479,Jinmeiyō Kanji
萄,grape আঙুর,,11,2480,Jinmeiyō Kanji
蘇,revive/restore পুনরুজ্জীবিত করা/পুনরুদ্ধার করা,,19,2481,Jinmeiyō Kanji
蕃,grow/foreign বৃদ্ধি পাওয়া/বিদেশি,,16,2482,Jinmeiyō Kanji
苓,herb/poria ভেষজ/পোরিয়া,,8,2483,Jinmeiyō Kanji
菰,wild rice/plant বুনো ধান/জলজ উদ্ভিদ,,12,2484,Jinmeiyō Kanji
蒙,darkness/ignorance অজ্ঞতা/অন্ধকার,,14,2485,Jinmeiyō Kanji
茅,miscanthus/thatch ঘাসজাত উদ্ভিদ/ছনের ঘাস,,8,2486,Jinmeiyō Kanji
芭,banana plant কলাগাছ,,7,2487,Jinmeiyō Kanji
苅,mow/cut grass ঘাস কাটা,,7,2488,Jinmeiyō Kanji
葱,green onion/shallot পেঁয়াজপাতা/কাঁচা পেঁয়াজ,,12,2489,Jinmeiyō Kanji
葵,hollyhock/sunflower হোলিহক/সূর্যমুখী,,12,2490,Jinmeiyō Kanji
葺,thatch/repair roof ছাদ ছাওয়া/ছাদ মেরামত করা,,12,2491,Jinmeiyō Kanji
蕊,stamen/flower center ফুলের গর্ভকেশর/ফুলের কেন্দ্র,,15,2492,Jinmeiyō Kanji
茸,mushroom/soft growth মাশরুম/নরম অঙ্কুর,,9,2493,Jinmeiyō Kanji
蒔,sow/plant বীজ বপন করা/রোপণ করা,,13,2494,Jinmeiyō Kanji
芹,celery/parsley সেলারি/পার্সলি,,7,2495,Jinmeiyō Kanji
苫,thatch/mat ছনের ছাউনি/চাটাই,,8,2496,Jinmeiyō Kanji
蒼,blue/pale blue নীল/ফ্যাকাশে নীল,,14,2497,Jinmeiyō Kanji
藁,straw খড়,,17,2498,Jinmeiyō Kanji
蕪,turnip শালগম,,15,2499,Jinmeiyō Kanji
藷,sweet potato/ato মিষ্টি আলু/কন্দ,,18,2500,Jinmeiyō Kanji
薮,thicket/bush ঝোপঝাড়,,16,2501,Jinmeiyō Kanji
蒜,garlic রসুন,,13,2502,Jinmeiyō Kanji
蕨,bracken fern ফার্নজাতীয় উদ্ভিদ,,15,2503,Jinmeiyō Kanji
蔚,dense/lush ঘন/সজীব,,14,2504,Jinmeiyō Kanji
茜,madder/red dye মঞ্জিষ্ঠা/লাল রং,,9,2505,Jinmeiyō Kanji
莞,rush/reed নলখাগড়া/খাগড়া,,10,2506,Jinmeiyō Kanji
蒐,collect/gather সংগ্রহ করা,,14,2507,Jinmeiyō Kanji
菅,sedge/grass শণজাতীয় ঘাস,,11,2508,Jinmeiyō Kanji
葦,reed নলখাগড়া,,13,2509,Jinmeiyō Kanji
迪,guide/lead পথ দেখানো/নেতৃত্ব দেওয়া,,7,2510,Jinmeiyō Kanji
辿,follow a path/trace পথ অনুসরণ করা/খুঁজে বের করা,,5,2511,Jinmeiyō Kanji
這,crawl/creep হামাগুড়ি দেওয়া/ধীরে এগোনো,,9,2512,Jinmeiyō Kanji
迂,roundabout/indirect ঘুরপথের/পরোক্ষ,,5,2513,Jinmeiyō Kanji
遁,escape/evade পালিয়ে যাওয়া/এড়িয়ে যাওয়া,,11,2514,Jinmeiyō Kanji
逢,meet/encounter দেখা করা/সাক্ষাৎ হওয়া,,9,2515,Jinmeiyō Kanji
遥,far/distant দূর/দূরবর্তী,,11,2516,Jinmeiyō Kanji
遼,far/distant দূরবর্তী/বিস্তৃত,,14,2517,Jinmeiyō Kanji
逼,press/force চাপ দেওয়া/বাধ্য করা,,11,2518,Jinmeiyō Kanji
迄,until/up to পর্যন্ত,,5,2519,Jinmeiyō Kanji
逗,stop/stay থামা/অবস্থান করা,,9,2520,Jinmeiyō Kanji
郁,fragrance/gloom সুগন্ধ/বিষণ্ণতা,,8,2521,Jinmeiyō Kanji
鄭,Zheng/Chinese surname ঝেং/চীনা পদবি,,14,2522,Jinmeiyō Kanji
隈,corner/recess কোণ/আড়াল,,12,2523,Jinmeiyō Kanji
憑,rely on/possess নির্ভর করা/আচ্ছন্ন করা,,16,2524,Jinmeiyō Kanji
惹,invite/provoke আমন্ত্রণ করা/উসকে দেওয়া,,13,2525,Jinmeiyō Kanji
悉,know/understand জানা/বোঝা,,11,2526,Jinmeiyō Kanji
忽,suddenly/neglect হঠাৎ/অবহেলা করা,,8,2527,Jinmeiyō Kanji
惣,all/whole সব/সম্পূর্ণ,,12,2528,Jinmeiyō Kanji
愈,get better/more and more ভালো হওয়া/ক্রমশ বেশি,,13,2529,Jinmeiyō Kanji
恕,forgive/understand ক্ষমা করা/বুঝে নেওয়া,,10,2530,Jinmeiyō Kanji
昴,Pleiades/constellation কৃত্তিকা নক্ষত্রমণ্ডল,,9,2531,Jinmeiyō Kanji
晋,advance/promote অগ্রসর হওয়া/পদোন্নতি দেওয়া,,10,2532,Jinmeiyō Kanji
晟,brightness/prosperity উজ্জ্বলতা/সমৃদ্ধি,,11,2533,Jinmeiyō Kanji
暈,dizzy/halo মাথা ঘোরা/আলোকবলয়,,13,2534,Jinmeiyō Kanji
暉,sunlight/radiance সূর্যের আলো/দীপ্তি,,13,2535,Jinmeiyō Kanji
旱,drought খরা,,7,2536,Jinmeiyō Kanji
晏,late/peaceful দেরি/শান্ত,,10,2537,Jinmeiyō Kanji
晨,morning ভোর/সকাল,,11,2538,Jinmeiyō Kanji
晒,dry in the sun/air রোদে শুকানো/প্রকাশ্যে দেখানো,,10,2539,Jinmeiyō Kanji
晃,shine/dazzle ঝলমল করা/চমকানো,,10,2540,Jinmeiyō Kanji
曝,expose to sun/expose রোদে দেওয়া/প্রকাশ করা,,19,2541,Jinmeiyō Kanji
曙,dawn ভোর/উষা,,17,2542,Jinmeiyō Kanji
昂,rise/raise up ওঠা/উচ্চ করা,,8,2543,Jinmeiyō Kanji
昏,darkness/faint অন্ধকার/অজ্ঞান হওয়া,,8,2544,Jinmeiyō Kanji
晦,darkness/last day of month অন্ধকার/মাসের শেষ দিন,,10,2545,Jinmeiyō Kanji
膿,pus/abscess পুঁজ/ফোঁড়া,,17,2546,Jinmeiyō Kanji
腑,internal organs/internal organs অভ্যন্তরীণ অঙ্গ,,12,2547,Jinmeiyō Kanji
胱,bladder মূত্রাশয়,,10,2548,Jinmeiyō Kanji
胚,embryo ভ্রূণ,,9,2549,Jinmeiyō Kanji
肛,anus মলদ্বার,,7,2550,Jinmeiyō Kanji
脆,fragile/crisp ভঙ্গুর/মচমচে,,10,2551,Jinmeiyō Kanji
肋,rib পাঁজর,,6,2552,Jinmeiyō Kanji
腔,cavity/body cavity গহ্বর/দেহগহ্বর,,12,2553,Jinmeiyō Kanji
肱,upper arm বাহুর ওপরের অংশ,,8,2554,Jinmeiyō Kanji
胡,beard/nonsense দাড়ি/অর্থহীন কথা,,9,2555,Jinmeiyō Kanji
楓,maple ম্যাপল গাছ,,13,2556,Jinmeiyō Kanji
楊,willow উইলো গাছ,,13,2557,Jinmeiyō Kanji
椋,jujube tree/ornamental tree একধরনের গাছ,,12,2558,Jinmeiyō Kanji
榛,hazel/tree hazel হ্যাজেল গাছ,,14,2559,Jinmeiyō Kanji
櫛,comb চিরুনি,,17,2560,Jinmeiyō Kanji
槌,hammer/mallet হাতুড়ি,,13,2561,Jinmeiyō Kanji
樵,firewood/woodcutter জ্বালানি কাঠ/কাঠুরে,,16,2562,Jinmeiyō Kanji
梯,ladder সিঁড়ি/মই,,11,2563,Jinmeiyō Kanji
柑,mandarin/orange কমলা জাতীয় ফল,,9,2564,Jinmeiyō Kanji
杭,stake/pile খুঁটি/পাইল,,8,2565,Jinmeiyō Kanji
柊,holly/holly tree হলি গাছ,,9,2566,Jinmeiyō Kanji
柚,yuzu/citrus ইউজু ফল,,9,2567,Jinmeiyō Kanji
椀,bowl বাটি,,12,2568,Jinmeiyō Kanji
栂,hemlock tree হেমলক গাছ,,9,2569,Jinmeiyō Kanji
柾,straight-grained wood সোজা আঁশযুক্ত কাঠ,,9,2570,Jinmeiyō Kanji
榊,sakaki tree সাকাকি গাছ,,13,2571,Jinmeiyō Kanji
樫,oak/evergreen oak ওক গাছ,,16,2572,Jinmeiyō Kanji
槙,podocarpus tree পডোকার্পাস গাছ,,14,2573,Jinmeiyō Kanji
楢,oak tree ওক গাছ,,13,2574,Jinmeiyō Kanji
橘,mandarin orange/citrus ট্যাঞ্জেরিন/সাইট্রাস ফল,,16,2575,Jinmeiyō Kanji
桧,cypress/hiba cypress সাইপ্রেস গাছ,,10,2576,Jinmeiyō Kanji
棲,live/dwell বসবাস করা,,12,2577,Jinmeiyō Kanji
栖,nest/dwell বাসা/বসবাস করা,,10,2578,Jinmeiyō Kanji
桔,balloon flower/桔梗 বেলুন ফুল,,10,2579,Jinmeiyō Kanji
杜,stop/prevent/pear tree বন্ধ করা/প্রতিরোধ করা/নাশপাতি গাছ,,7,2580,Jinmeiyō Kanji
杷,loquat লোকাট ফল,,8,2581,Jinmeiyō Kanji
梶,oar/paulownia branch দাঁড়/গাছের ডাল,,11,2582,Jinmeiyō Kanji
杵,pestle মুষল,,8,2583,Jinmeiyō Kanji
杖,cane/stick লাঠি/ছড়ি,,7,2584,Jinmeiyō Kanji
樽,barrel/cask পিপা/ব্যারেল,,16,2585,Jinmeiyō Kanji
櫓,turret/oar tower দুর্গের মিনার/দাঁড়,,19,2586,Jinmeiyō Kanji
橿,oak tree ওক গাছ,,17,2587,Jinmeiyō Kanji
杓,ladle/dipper হাতা/বাটি তোলার পাত্র,,7,2588,Jinmeiyō Kanji
李,plum বরই/প্লাম,,7,2589,Jinmeiyō Kanji
棉,cotton তুলা,,12,2590,Jinmeiyō Kanji
楯,shield/defense ঢাল/প্রতিরক্ষা,,13,2591,Jinmeiyō Kanji
榎,lotus tree/Chinese hackberry একধরনের গাছ,,14,2592,Jinmeiyō Kanji
樺,birch/birch tree বার্চ গাছ,,14,2593,Jinmeiyō Kanji
槍,spear বর্শা,,14,2594,Jinmeiyō Kanji
柘,mulberry tree তুঁত গাছ,,9,2595,Jinmeiyō Kanji
梱,bundle/package বোঝা/প্যাকেট,,11,2596,Jinmeiyō Kanji
枇,loquat লোকাট ফল,,8,2597,Jinmeiyō Kanji
樋,gutter/water pipe নালা/জলের পাইপ,,14,2598,Jinmeiyō Kanji
橇,sled/sledge স্লেজ,,16,2599,Jinmeiyō Kanji
槃,tray/large bowl ট্রে/বড় বাটি,,14,2600,Jinmeiyō Kanji
栞,bookmark পথনির্দেশিকা/বুকমার্ক,,10,2601,Jinmeiyō Kanji
椰,coconut palm নারকেল গাছ,,13,2602,Jinmeiyō Kanji
檀,sandalwood/sandalwood tree চন্দন কাঠ/চন্দন গাছ,,17,2603,Jinmeiyō Kanji
樗,chinaberry tree/worthless tree একধরনের গাছ/মূল্যহীন গাছ,,15,2604,Jinmeiyō Kanji
槻,zelkova tree জেলকোভা গাছ,,15,2605,Jinmeiyō Kanji
椙,Japanese cedar জাপানি সিডার গাছ,,12,2606,Jinmeiyō Kanji
彬,refined/cultured মার্জিত/সংস্কৃতিমনা,,11,2607,Jinmeiyō Kanji
桶,bucket/tub বালতি/টব,,11,2608,Jinmeiyō Kanji
楕,oval ডিম্বাকৃতি,,13,2609,Jinmeiyō Kanji
樒,shikimi tree শিকিমি গাছ,,15,2610,Jinmeiyō Kanji
毬,ball/urchin বল/সামুদ্রিক কাঁটাযুক্ত প্রাণী,,11,2611,Jinmeiyō Kanji
燿,shine/glitter জ্বলজ্বল করা/দীপ্তি ছড়ানো,,18,2612,Jinmeiyō Kanji
燎,bonfire/blaze অগ্নিকুণ্ড/দাউদাউ আগুন,,16,2613,Jinmeiyō Kanji
炬,torch মশাল,,9,2614,Jinmeiyō Kanji
焚,burn/burn up পোড়ানো/জ্বালিয়ে দেওয়া,,12,2615,Jinmeiyō Kanji
灸,moxibustion/heat treatment মক্সিবাস্টশন/উষ্ণ চিকিৎসা,,7,2616,Jinmeiyō Kanji
燭,candle আলোকবর্তিকা/মোমবাতি,,17,2617,Jinmeiyō Kanji
煽,fan/flame/incite উসকে দেওয়া/উত্তেজিত করা,,14,2618,Jinmeiyō Kanji
煤,soot কালি/ধোঁয়ার ময়লা,,13,2619,Jinmeiyō Kanji
煉,refine/temper শোধন করা/পরিশোধন করা,,12,2620,Jinmeiyō Kanji
燦,brilliant/sparkling উজ্জ্বল/ঝলমলে,,17,2621,Jinmeiyō Kanji
灼,scorch/burn দগ্ধ করা/পোড়ানো,,7,2622,Jinmeiyō Kanji
烙,scorch/brand দগ্ধ করা/ছাপ দেওয়া,,10,2623,Jinmeiyō Kanji
焔,flame শিখা,,12,2624,Jinmeiyō Kanji
熔,melt/fuse গলানো/গলিয়ে জোড়া লাগানো,,14,2625,Jinmeiyō Kanji
烹,cook/boil রান্না করা/সেদ্ধ করা,,10,2626,Jinmeiyō Kanji
牽,pull/lead টানা/নেতৃত্ব দেওয়া,,11,2627,Jinmeiyō Kanji
牝,female animal স্ত্রী প্রাণী,,6,2628,Jinmeiyō Kanji
牡,male animal পুরুষ প্রাণী,,7,2629,Jinmeiyō Kanji
瑶,beautiful jade মূল্যবান জেড পাথর,,13,2630,Jinmeiyō Kanji
琳,beautiful jade সুন্দর জেড পাথর,,12,2631,Jinmeiyō Kanji
琉,precious stone মূল্যবান পাথর,,11,2632,Jinmeiyō Kanji
瑳,beautiful/white teeth সুন্দর/সাদা দাঁত,,14,2633,Jinmeiyō Kanji
琢,polish/cultivate পালিশ করা/উন্নত করা,,11,2634,Jinmeiyō Kanji
珊,coral প্রবাল,,8,2635,Jinmeiyō Kanji
瑚,coral প্রবাল,,13,2636,Jinmeiyō Kanji
瑞,auspicious/lucky শুভ/সৌভাগ্যপূর্ণ,,13,2637,Jinmeiyō Kanji
珪,silica/quartz সিলিকা/কোয়ার্টজ,,10,2638,Jinmeiyō Kanji
玖,black jade/precious stone কালো জেড/মূল্যবান পাথর,,7,2639,Jinmeiyō Kanji
瑛,crystal/shine স্ফটিক/দীপ্তি,,12,2640,Jinmeiyō Kanji
玲,sound of jewels/jewel-like ঝংকার/রত্নের মতো সুন্দর,,9,2641,Jinmeiyō Kanji
畢,finish/complete শেষ করা/সম্পূর্ণ করা,,10,2642,Jinmeiyō Kanji
畦,ridge between fields ক্ষেতের আল,,11,2643,Jinmeiyō Kanji
痒,itch চুলকানি,,11,2644,Jinmeiyō Kanji
痰,phlegm কফ,,13,2645,Jinmeiyō Kanji
疹,rash/eruption ফুসকুড়ি/চর্মরোগ,,10,2646,Jinmeiyō Kanji
痔,hemorrhoids অর্শ/পাইলস,,11,2647,Jinmeiyō Kanji
癌,cancer ক্যান্সার,,17,2648,Jinmeiyō Kanji
痺,numbness/paralysis অবশভাব/পক্ষাঘাত,,13,2649,Jinmeiyō Kanji
眸,pupil/eye চোখের মণি,,11,2650,Jinmeiyō Kanji
眩,dizzy/dazzling মাথা ঘোরা/চোখ ধাঁধানো,,10,2651,Jinmeiyō Kanji
雉,pheasant তিতির,,13,2652,Jinmeiyō Kanji
矩,rule/square কাঠামো/নিয়ম,,10,2653,Jinmeiyō Kanji
磐,rock/boulder পাথর/বড় শিলা,,15,2654,Jinmeiyō Kanji
碇,anchor নোঙর,,13,2655,Jinmeiyō Kanji
碧,blue-green/jade নীল-সবুজ/জেড,,14,2656,Jinmeiyō Kanji
硯,inkstone কালির পাথর,,12,2657,Jinmeiyō Kanji
砥,whetstone শানপাথর,,10,2658,Jinmeiyō Kanji
碗,bowl বাটি,,13,2659,Jinmeiyō Kanji
碍,obstacle/obstruct বাধা/বাধা দেওয়া,,13,2660,Jinmeiyō Kanji
碩,large/great বড়/মহান,,14,2661,Jinmeiyō Kanji
磯,rocky shore পাথুরে সমুদ্রতীর,,17,2662,Jinmeiyō Kanji
砺,sharpen/polish ধার দেওয়া/ঘষে পালিশ করা,,10,2663,Jinmeiyō Kanji
碓,rice-pounding mortar ধান ভাঙার পাথরের যন্ত্র,,13,2664,Jinmeiyō Kanji
禦,defend/protect প্রতিরোধ করা/রক্ষা করা,,17,2665,Jinmeiyō Kanji
祷,pray/prayer প্রার্থনা করা/প্রার্থনা,,19,2666,Jinmeiyō Kanji
祐,divine protection/aid ঈশ্বরের আশীর্বাদ/সহায়তা,,9,2667,Jinmeiyō Kanji
祇,god/deity দেবতা,,8,2668,Jinmeiyō Kanji
祢,shrine/deity মন্দির/দেবতা,,9,2669,Jinmeiyō Kanji
禄,fortune/salary সৌভাগ্য/বেতন,,12,2670,Jinmeiyō Kanji
禎,happiness/good fortune সুখ/সৌভাগ্য,,13,2671,Jinmeiyō Kanji
秤,scale/weighing balance দাঁড়িপাল্লা/ওজন মাপার যন্ত্র,,10,2672,Jinmeiyō Kanji
黍,millet বাজরা,,12,2673,Jinmeiyō Kanji
禿,baldness/bald টাক/টাক পড়া,,7,2674,Jinmeiyō Kanji
稔,harvest/fruitfulness ফসল/ফলনশীলতা,,13,2675,Jinmeiyō Kanji
稗,barnyard grass/weed আগাছা/একধরনের ঘাস,,13,2676,Jinmeiyō Kanji
穣,abundant harvest/ear of grain প্রচুর ফসল/শস্যের শীষ,,18,2677,Jinmeiyō Kanji
稜,ridge/edge ধার/শিরা,,13,2678,Jinmeiyō Kanji
稀,rare/scarce বিরল/দুর্লভ,,12,2679,Jinmeiyō Kanji
穆,solemn/peaceful গম্ভীর/শান্ত,,16,2680,Jinmeiyō Kanji
窺,peek/spy উঁকি দেওয়া/গোপনে দেখা,,16,2681,Jinmeiyō Kanji
窄,narrow সংকীর্ণ,,10,2682,Jinmeiyō Kanji
穿,pierce/put on ফুটো করা/পরিধান করা,,9,2683,Jinmeiyō Kanji
竃,stove/kiln চুলা/ভাটা,,17,2684,Jinmeiyō Kanji
竪,vertical/upright উল্লম্ব/খাড়া,,14,2685,Jinmeiyō Kanji
颯,fresh breeze/wind শীতল বাতাস/বায়ু,,14,2686,Jinmeiyō Kanji
站,stand/stop দাঁড়ানো/থামা,,10,2687,Jinmeiyō Kanji
靖,peaceful/peaceful state শান্তিপূর্ণ/শান্তি,,13,2688,Jinmeiyō Kanji
妾,concubine উপপত্নী,,8,2689,Jinmeiyō Kanji
衿,collar/neckline জামার কলার/গলার অংশ,,9,2690,Jinmeiyō Kanji
袷,lined kimono/lining-যুক্ত কিমোনো,,11,2691,Jinmeiyō Kanji
袴,trousers/skirt-like hakama হাকামা/পায়জামা,,11,2692,Jinmeiyō Kanji
襖,sliding door স্লাইডিং দরজা,,18,2693,Jinmeiyō Kanji
笙,mouth organ/woodwind instrument শো বাদ্যযন্ত্র,,11,2694,Jinmeiyō Kanji
筏,raft ভেলা,,12,2695,Jinmeiyō Kanji
簾,bamboo blind/curtain বাঁশের পর্দা,,19,2696,Jinmeiyō Kanji
箪,food box/covered container খাবারের বাক্স/ঢাকনাযুক্ত পাত্র,,15,2697,Jinmeiyō Kanji
竿,pole/rod খুঁটি/দণ্ড,,9,2698,Jinmeiyō Kanji
箆,spatula/scoop খুন্তি/চামচজাতীয় সরঞ্জাম,,14,2699,Jinmeiyō Kanji
箔,foil/leaf ধাতব পাত/পাতলা আবরণ,,14,2700,Jinmeiyō Kanji
笥,chest/box বাক্স/সিন্দুক,,11,2701,Jinmeiyō Kanji
箭,arrow তীর,,15,2702,Jinmeiyō Kanji
筑,build/ancient instrument নির্মাণ করা/প্রাচীন বাদ্যযন্ত্র,,12,2703,Jinmeiyō Kanji
篭,basket/cage ঝুড়ি/খাঁচা,,16,2704,Jinmeiyō Kanji
篠,bamboo grass বাঁশজাতীয় ঘাস,,17,2705,Jinmeiyō Kanji
纂,compile/collect সংকলন করা/সংগ্রহ করা,,20,2706,Jinmeiyō Kanji
竺,India/bamboo ভারত/বাঁশ,,8,2707,Jinmeiyō Kanji
箕,winnowing basket কুলো,,14,2708,Jinmeiyō Kanji
笈,book box/portable bookcase বই রাখার বাক্স,,9,2709,Jinmeiyō Kanji
篇,volume/section খণ্ড/অধ্যায়,,15,2710,Jinmeiyō Kanji
筈,should/be expected উচিত/প্রত্যাশিত,,12,2711,Jinmeiyō Kanji
簸,winnow/sift ঝাড়াই করা/ছেঁকে নেওয়া,,19,2712,Jinmeiyō Kanji
粕,dregs/residue অবশিষ্টাংশ/তলানি,,11,2713,Jinmeiyō Kanji
糟,lees/dregs মদের তলানি/অবশিষ্টাংশ,,17,2714,Jinmeiyō Kanji
糊,glue/paste আঠা/লেই,,15,2715,Jinmeiyō Kanji
籾,unhulled rice ধানের শস্য,,9,2716,Jinmeiyō Kanji
糠,rice bran তুষ/চালের কুঁড়া,,17,2717,Jinmeiyō Kanji
糞,feces/manure মল/সার,,17,2718,Jinmeiyō Kanji
粟,millet বাজরা,,12,2719,Jinmeiyō Kanji
繋,connect/tie সংযুক্ত করা/বেঁধে রাখা,,19,2720,Jinmeiyō Kanji
綸,thread/silk সুতো/রেশম,,14,2721,Jinmeiyō Kanji
絨,woolen fabric পশমি কাপড়,,12,2722,Jinmeiyō Kanji
絆,bond/tie বন্ধন/সম্পর্ক,,11,2723,Jinmeiyō Kanji
緋,scarlet/crimson গাঢ় লাল/রক্তিম,,14,2724,Jinmeiyō Kanji
綜,manage/coordinate সমন্বয় করা/পরিচালনা করা,,14,2725,Jinmeiyō Kanji
紐,string/cord দড়ি/ফিতা,,10,2726,Jinmeiyō Kanji
紘,large/broad বিস্তৃত/প্রশস্ত,,10,2727,Jinmeiyō Kanji
纏,wrap/collect জড়ানো/একত্র করা,,21,2728,Jinmeiyō Kanji
絢,gorgeous/ornate জাঁকজমকপূর্ণ/অলংকৃত,,12,2729,Jinmeiyō Kanji
繍,embroidery সূচিকর্ম,,17,2730,Jinmeiyō Kanji
紬,pongee/silk fabric রেশমি কাপড়,,11,2731,Jinmeiyō Kanji
綺,beautiful/ornate সুন্দর/অলংকৃত,,14,2732,Jinmeiyō Kanji
綾,patterned silk/figure নকশাদার রেশম/নকশা,,14,2733,Jinmeiyō Kanji
絃,string/instrument string তার/বাদ্যযন্ত্রের তার,,11,2734,Jinmeiyō Kanji
縞,stripe/striped pattern ডোরা/ডোরাকাটা নকশা,,16,2735,Jinmeiyō Kanji
綬,ribbon/medal ribbon ফিতা/পদকের ফিতা,,14,2736,Jinmeiyō Kanji
紗,gauze/thin silk পাতলা রেশম/গজ কাপড়,,10,2737,Jinmeiyō Kanji
舵,rudder/helm হাল/দিকনিয়ন্ত্রণ,,11,2738,Jinmeiyō Kanji
聯,join/connect সংযুক্ত করা/যোগ করা,,17,2739,Jinmeiyō Kanji
聡,wise/clever বুদ্ধিমান/চতুর,,14,2740,Jinmeiyō Kanji
聘,employ/engage নিয়োগ করা/চাকরিতে নেওয়া,,13,2741,Jinmeiyō Kanji
耽,indulge/immerse ডুবে থাকা/আসক্ত হওয়া,,10,2742,Jinmeiyō Kanji
耶,exclamation/yes বিস্ময়সূচক শব্দ/হ্যাঁ,,9,2743,Jinmeiyō Kanji
蚤,flea মাছি-পোকা/পিসু,,10,2744,Jinmeiyō Kanji
蟹,crab কাঁকড়া,,19,2745,Jinmeiyō Kanji
蛋,egg ডিম,,11,2746,Jinmeiyō Kanji
蟄,hibernate/lie dormant শীতনিদ্রায় থাকা/নিষ্ক্রিয় থাকা,,17,2747,Jinmeiyō Kanji
蝿,fly মাছি,,15,2748,Jinmeiyō Kanji
蟻,ant পিঁপড়া,,19,2749,Jinmeiyō Kanji
蝋,wax মোম,,14,2750,Jinmeiyō Kanji
蝦,shrimp/prawn চিংড়ি,,15,2751,Jinmeiyō Kanji
蛸,octopus অক্টোপাস,,13,2752,Jinmeiyō Kanji
螺,snail/conch শামুক/শঙ্খ,,17,2753,Jinmeiyō Kanji
蝉,cicada ঝিঁঝিঁ পোকা,,10,2754,Jinmeiyō Kanji
蛙,frog ব্যাঙ,,12,2755,Jinmeiyō Kanji
蛾,moth মথ/রেশম পোকা,,13,2756,Jinmeiyō Kanji
蛤,clam ঝিনুক,,12,2757,Jinmeiyō Kanji
蛭,leech জোঁক,,12,2758,Jinmeiyō Kanji
蛎,oyster ঝিনুক,,11,2759,Jinmeiyō Kanji
罫,ruling/ruled line দাগ/লাইন,,13,2760,Jinmeiyō Kanji
袈,Buddhist robe বৌদ্ধ সন্ন্যাসীর পোশাক,,11,2761,Jinmeiyō Kanji
裟,Buddhist robe বৌদ্ধ সন্ন্যাসীর পোশাক,,13,2762,Jinmeiyō Kanji
截,cut off/intercept কেটে ফেলা/আটকানো,,14,2763,Jinmeiyō Kanji
哉,exclamation of surprise বিস্ময়সূচক শব্দ,,9,2764,Jinmeiyō Kanji
詢,inquire/ask জিজ্ঞাসা করা/অনুসন্ধান করা,,13,2765,Jinmeiyō Kanji
諄,detailed/earnest বিস্তারিত/আন্তরিক,,15,2766,Jinmeiyō Kanji
讐,revenge/vengeance প্রতিশোধ/প্রতিহিংসা,,23,2767,Jinmeiyō Kanji
諌,advise/reprimand উপদেশ দেওয়া/তিরস্কার করা,,15,2768,Jinmeiyō Kanji
諒,understand/consider বোঝা/বিবেচনা করা,,15,2769,Jinmeiyō Kanji
讃,praise প্রশংসা করা,,22,2770,Jinmeiyō Kanji
訊,ask/inquire জিজ্ঞাসা করা/অনুসন্ধান করা,,10,2771,Jinmeiyō Kanji
訣,secret/separation গোপন কথা/বিচ্ছেদ,,11,2772,Jinmeiyō Kanji
詑,deceive প্রতারণা করা,,12,2773,Jinmeiyō Kanji
誼,friendship/friendly relations বন্ধুত্ব/সৌহার্দ্য,,15,2774,Jinmeiyō Kanji
謬,error/mistake ভুল/ত্রুটি,,18,2775,Jinmeiyō Kanji
詫,apologize/excuse ক্ষমা চাওয়া/অজুহাত,,13,2776,Jinmeiyō Kanji
諏,consult/ask পরামর্শ করা/জিজ্ঞাসা করা,,15,2777,Jinmeiyō Kanji
諺,proverb প্রবাদ,,16,2778,Jinmeiyō Kanji
誹,slander/criticize অপবাদ দেওয়া/সমালোচনা করা,,15,2779,Jinmeiyō Kanji
謂,say/call বলা/নাম দেওয়া,,16,2780,Jinmeiyō Kanji
諜,spy/spycraft গুপ্তচর/গুপ্তচরবৃত্তি,,16,2781,Jinmeiyō Kanji
註,note/annotation টীকা/ব্যাখ্যা,,12,2782,Jinmeiyō Kanji
譬,compare/illustrate তুলনা করা/উদাহরণ দেওয়া,,20,2783,Jinmeiyō Kanji
轟,roar/thunder গর্জন করা/বজ্রধ্বনি,,21,2784,Jinmeiyō Kanji
輔,assist/support সহায়তা করা/সমর্থন করা,,14,2785,Jinmeiyō Kanji
輻,spoke (wheel) চাকার শিক,,16,2786,Jinmeiyō Kanji
輯,compile/collect সংকলন করা/একত্র করা,,16,2787,Jinmeiyō Kanji
豹,leopard চিতাবাঘ,,10,2788,Jinmeiyō Kanji
賎,cheap/base সস্তা/হীন,,13,2789,Jinmeiyō Kanji
貰,receive/get পাওয়া/গ্রহণ করা,,12,2790,Jinmeiyō Kanji
賑,busy/lively প্রাণবন্ত/ব্যস্ত,,14,2791,Jinmeiyō Kanji
躓,stumble/trip হোঁচট খাওয়া,,22,2792,Jinmeiyō Kanji
蹄,hoof খুর,,16,2793,Jinmeiyō Kanji
蹟,footprint/trace পদচিহ্ন/চিহ্ন,,18,2794,Jinmeiyō Kanji
跨,straddle/cross দুই পাশে পা দিয়ে বসা/অতিক্রম করা,,13,2795,Jinmeiyō Kanji
跪,kneel হাঁটু গেড়ে বসা,,13,2796,Jinmeiyō Kanji
醤,soy sauce/seasoning সয়া সস/মসলা,,17,2797,Jinmeiyō Kanji
醍,refined sake/clarity উৎকৃষ্ট সাকে/স্বচ্ছতা,,16,2798,Jinmeiyō Kanji
醐,ghee/clarified butter ঘি,,16,2799,Jinmeiyō Kanji
醇,pure/mellow বিশুদ্ধ/মৃদু,,15,2800,Jinmeiyō Kanji
麹,koji/malt কোজি/মাল্ট,,15,2801,Jinmeiyō Kanji
釦,button বোতাম,,11,2802,Jinmeiyō Kanji
銚,teapot/kettle চায়ের পাত্র/কেটলি,,14,2803,Jinmeiyō Kanji
鋤,hoe/weed কাস্তে-জাতীয় কৃষিযন্ত্র/আগাছা পরিষ্কার করা,,14,2804,Jinmeiyō Kanji
鏑,arrowhead/whistling arrow তীরের ফলক/শব্দকারী তীর,,19,2805,Jinmeiyō Kanji
鋸,saw করাত,,16,2806,Jinmeiyō Kanji
錐,awl/cone শলাকা/শঙ্কু,,16,2807,Jinmeiyō Kanji
鍬,hoe কোদাল,,17,2808,Jinmeiyō Kanji
鋲,rivet/tack রিভেট/পেরেক,,15,2809,Jinmeiyō Kanji
錫,tin টিন,,16,2810,Jinmeiyō Kanji
錨,anchor নোঙর,,16,2811,Jinmeiyō Kanji
釘,nail পেরেক,,10,2812,Jinmeiyō Kanji
鑓,spear/lance বর্শা,,21,2813,Jinmeiyō Kanji
鋒,point/edge অগ্রভাগ/ধার,,15,2814,Jinmeiyō Kanji
鎚,hammer হাতুড়ি,,17,2815,Jinmeiyō Kanji
鉦,gong/gong bell ঘণ্টা/ঘণ্টাধ্বনি,,13,2816,Jinmeiyō Kanji
錆,rust মরিচা,,16,2817,Jinmeiyō Kanji
鍾,bell/collect ঘণ্টা/সংগ্রহ করা,,17,2818,Jinmeiyō Kanji
鋏,scissors কাঁচি,,15,2819,Jinmeiyō Kanji
閃,flash/gleam ঝলকানো/ঝিলিক,,10,2820,Jinmeiyō Kanji
悶,distress/anguish যন্ত্রণা/অস্থিরতা,,12,2821,Jinmeiyō Kanji
閤,inner room/closed door অভ্যন্তরীণ কক্ষ/বন্ধ দরজা,,14,2822,Jinmeiyō Kanji
雫,drop/drip ফোঁটা/জলফোঁটা,,11,2823,Jinmeiyō Kanji
霞,haze/mist কুয়াশা/আবছায়া,,17,2824,Jinmeiyō Kanji
翰,writing brush/letter লেখার তুলি/চিঠি,,16,2825,Jinmeiyō Kanji
斡,mediate/manage মধ্যস্থতা করা/পরিচালনা করা,,14,2826,Jinmeiyō Kanji
鞍,saddle জিন,,15,2827,Jinmeiyō Kanji
鞭,whip চাবুক,,18,2828,Jinmeiyō Kanji
鞘,scabbard/sheath খাপ,,16,2829,Jinmeiyō Kanji
鞄,bag/briefcase ব্যাগ/ব্রিফকেস,,14,2830,Jinmeiyō Kanji
靭,tough/flexible শক্ত/নমনীয়,,12,2831,Jinmeiyō Kanji
鞠,ball বল,,17,2832,Jinmeiyō Kanji
顛,top/end/overturn শীর্ষ/শেষ/উল্টে দেওয়া,,19,2833,Jinmeiyō Kanji
穎,sharp/talented তীক্ষ্ণ/প্রতিভাবান,,16,2834,Jinmeiyō Kanji
頬,cheek গাল,,15,2835,Jinmeiyō Kanji
頗,very/considerably বেশ/অনেক,,14,2836,Jinmeiyō Kanji
頌,praise/ode প্রশংসা/প্রশংসাগীতি,,13,2837,Jinmeiyō Kanji
頚,neck ঘাড়,,14,2838,Jinmeiyō Kanji
餐,meal/food আহার/খাবার,,16,2839,Jinmeiyō Kanji
饗,entertain/feast আপ্যায়ন করা/ভোজ,,22,2840,Jinmeiyō Kanji
蝕,eclipse/eat away গ্রহণ/ক্ষয় করা,,14,2841,Jinmeiyō Kanji
飴,candy/caramel মিষ্টি/ক্যারামেল,,13,2842,Jinmeiyō Kanji
駕,ride/vehicle আরোহণ করা/যানবাহন,,15,2843,Jinmeiyō Kanji
騨,dappled horse ছোপযুক্ত ঘোড়া,,19,2844,Jinmeiyō Kanji
馳,run/drive দৌড়ানো/দ্রুত চালানো,,13,2845,Jinmeiyō Kanji
騙,deceive/cheat প্রতারণা করা/ঠকানো,,19,2846,Jinmeiyō Kanji
馴,get used to/tame অভ্যস্ত হওয়া/পোষ মানানো,,13,2847,Jinmeiyō Kanji
駁,refute/contradict খণ্ডন করা/বিরোধিতা করা,,14,2848,Jinmeiyō Kanji
駈,run/drive দৌড়ানো/তাড়ানো,,15,2849,Jinmeiyō Kanji
驢,donkey গাধা,,26,2850,Jinmeiyō Kanji
鰻,eel ঈল মাছ,,22,2851,Jinmeiyō Kanji
鯛,sea bream সামুদ্রিক ব্রীম মাছ,,19,2852,Jinmeiyō Kanji
鰯,sardine সার্ডিন মাছ,,21,2853,Jinmeiyō Kanji
鱒,trout ট্রাউট মাছ,,23,2854,Jinmeiyō Kanji
鮭,salmon স্যামন মাছ,,17,2855,Jinmeiyō Kanji
鮪,tuna টুনা মাছ,,17,2856,Jinmeiyō Kanji
鮎,sweetfish/ayu আয়ু মাছ,,16,2857,Jinmeiyō Kanji
鯵,mackerel scad ম্যাকারেল স্ক্যাড মাছ,,19,2858,Jinmeiyō Kanji
鱈,cod কড মাছ,,22,2859,Jinmeiyō Kanji
鯖,mackerel ম্যাকারেল মাছ,,19,2860,Jinmeiyō Kanji
鮫,shark হাঙর,,17,2861,Jinmeiyō Kanji
鰹,bonito বোনিটো মাছ,,22,2862,Jinmeiyō Kanji
鰍,loach লোচ মাছ,,20,2863,Jinmeiyō Kanji
鰐,crocodile/alligator কুমির,,20,2864,Jinmeiyō Kanji
鮒,crucian carp ক্রুশিয়ান কার্প,,16,2865,Jinmeiyō Kanji
鮨,sushi সুশি,,17,2866,Jinmeiyō Kanji
鰭,fin পাখনা,,21,2867,Jinmeiyō Kanji
鴎,seagull সমুদ্রপাখি/গাঙচিল,,14,2868,Jinmeiyō Kanji
鵬,giant mythical bird বিশাল পৌরাণিক পাখি,,19,2869,Jinmeiyō Kanji
鸚,parrot টিয়া পাখি,,28,2870,Jinmeiyō Kanji
鵡,parrot টিয়া পাখি,,19,2871,Jinmeiyō Kanji
鵜,cormorant পানকৌড়ি,,18,2872,Jinmeiyō Kanji
鷺,heron/egret বক,,24,2873,Jinmeiyō Kanji
鷲,eagle ঈগল,,23,2874,Jinmeiyō Kanji
鴨,duck হাঁস,,16,2875,Jinmeiyō Kanji
鳶,kite (bird) চিল,,14,2876,Jinmeiyō Kanji
梟,owl পেঁচা,,11,2877,Jinmeiyō Kanji
塵,dust/trash ধুলো/ময়লা,,14,2878,Jinmeiyō Kanji
麒,kirin (male)/mythical beast কিরিন/পৌরাণিক প্রাণী,,19,2879,Jinmeiyō Kanji
瞑,close one's eyes/meditate চোখ বন্ধ করা/ধ্যান করা,,15,2880,Jinmeiyō Kanji
暝,darkness/dusk অন্ধকার/সন্ধ্যা,,14,2881,Jinmeiyō Kanji
坐,sit বসা,,7,2882,Jinmeiyō Kanji
朔,new moon/first day of month অমাবস্যা/মাসের প্রথম দিন,,10,2883,Jinmeiyō Kanji
曳,pull/drag টানা/হিড়হিড় করে নেওয়া,,7,2884,Jinmeiyō Kanji
洩,leak/let out ফাঁস হওয়া/বের করে দেওয়া,,9,2885,Jinmeiyō Kanji
彗,comet ধূমকেতু,,11,2886,Jinmeiyō Kanji
慧,wisdom প্রজ্ঞা/বুদ্ধিমত্তা,,15,2887,Jinmeiyō Kanji
嘉,excellent/praise উৎকৃষ্ট/প্রশংসা,,14,2888,Jinmeiyō Kanji
兇,evil/vicious দুষ্ট/হিংস্র,,6,2889,Jinmeiyō Kanji
兜,helmet/covering হেলমেট/আবরণ,,11,2890,Jinmeiyō Kanji
欝,gloom/depression বিষণ্ণতা/অবসাদ,,25,2891,Jinmeiyō Kanji
劫,disaster/robbery বিপর্যয়/লুট,,7,2892,Jinmeiyō Kanji
歎,sigh/lament দীর্ঘশ্বাস/আক্ষেপ,,14,2893,Jinmeiyō Kanji
輿,palanquin/transport পালকি/যান,,17,2894,Jinmeiyō Kanji
巽,southeast/obedience দক্ষিণ-পূর্ব/আনুগত্য,,12,2895,Jinmeiyō Kanji
歪,distort/crookedness বিকৃত করা/বাঁকা,,9,2896,Jinmeiyō Kanji
翠,jade green/kingfisher পান্না-সবুজ/মাছরাঙা,,14,2897,Jinmeiyō Kanji
黛,black pigment/eyebrow black কালো রঞ্জক/ভ্রুর কালো রং,,16,2898,Jinmeiyō Kanji
鼎,three-legged vessel/tripod তিন পায়ার পাত্র,,13,2899,Jinmeiyō Kanji
鹵,salt/brine লবণ/লবণাক্ত জল,,11,2900,Jinmeiyō Kanji
鹸,soap/alkali সাবান/ক্ষার,,19,2901,Jinmeiyō Kanji
虔,devout/reverent ধর্মভীরু/শ্রদ্ধাশীল,,10,2902,Jinmeiyō Kanji
燕,swallow/peace আবাবিল/শান্তি,,16,2903,Jinmeiyō Kanji
嘗,taste/try স্বাদ নেওয়া/চেষ্টা করা,,14,2904,Jinmeiyō Kanji
殆,almost/nearly প্রায়/প্রায়-প্রায়,,9,2905,Jinmeiyō Kanji
孟,eldest/first জ্যেষ্ঠ/প্রথম,,8,2906,Jinmeiyō Kanji
牌,sign/placard/牌 সাইনবোর্ড/ফলক,,12,2907,Jinmeiyō Kanji
覗,peek/peek into উঁকি দেওয়া/গোপনে দেখা,,12,2908,Jinmeiyō Kanji
彪,spot/tiger pattern বাঘের ডোরা/ছোপ,,11,2909,Jinmeiyō Kanji
秦,Qin dynasty/China চিন রাজবংশ/চীন,,10,2910,Jinmeiyō Kanji
雀,sparrow চড়ুই,,11,2911,Jinmeiyō Kanji
隼,falcon বাজপাখি,,10,2912,Jinmeiyō Kanji
耀,shine/glitter দীপ্তি ছড়ানো/ঝলমল করা,,20,2913,Jinmeiyō Kanji
夷,foreigner/subdue বিদেশি/দমন করা,,6,2914,Jinmeiyō Kanji
嚢,bag/pouch থলে/ব্যাগ,,22,2915,Jinmeiyō Kanji
暢,flow freely/pleasantly স্বচ্ছন্দে প্রবাহিত হওয়া/প্রফুল্ল,,14,2916,Jinmeiyō Kanji
廻,go around/turn around ঘুরে বেড়ানো/ঘুরানো,,9,2917,Jinmeiyō Kanji
欣,joy/delight আনন্দ/প্রফুল্লতা,,8,2918,Jinmeiyō Kanji
毅,firm/strong-willed দৃঢ়/অটল,,15,2919,Jinmeiyō Kanji
斯,this/such এই/এমন,,12,2920,Jinmeiyō Kanji
匙,spoon চামচ,,11,2921,Jinmeiyō Kanji
匡,correct/save সংশোধন করা/রক্ষা করা,,6,2922,Jinmeiyō Kanji
肇,begin/founding শুরু করা/প্রতিষ্ঠা করা,,14,2923,Jinmeiyō Kanji
麿,personal name/name suffix ব্যক্তিনাম/নামের প্রত্যয়,,18,2924,Jinmeiyō Kanji
叢,clump/thicket ঝোপঝাড়/গুচ্ছ,,18,2925,Jinmeiyō Kanji
肴,side dish/snack জলখাবার/সাইড ডিশ,,8,2926,Jinmeiyō Kanji
斐,beautiful/patterned সুন্দর/নকশাদার,,12,2927,Jinmeiyō Kanji
卿,lord/minister প্রভু/মন্ত্রী,,12,2928,Jinmeiyō Kanji
翫,play with/enjoy উপভোগ করা/খেলা করা,,15,2929,Jinmeiyō Kanji
於,at/in/from এ/তে/থেকে,,8,2930,Jinmeiyō Kanji
套,set of/covering সেট/আবরণ,,10,2931,Jinmeiyō Kanji
叛,rebel/revolt বিদ্রোহ করা/বিদ্রোহ,,9,2932,Jinmeiyō Kanji
尖,pointed/sharp সূচালো/ধারালো,,6,2933,Jinmeiyō Kanji
壷,jar/pot কলস/পাত্র,,11,2934,Jinmeiyō Kanji
叡,intelligent/wise বুদ্ধিমান/প্রজ্ঞাবান,,16,2935,Jinmeiyō Kanji
酋,chief/leader প্রধান/নেতা,,9,2936,Jinmeiyō Kanji
鴬,bush warbler বুশ ওয়ার্বলার পাখি,,16,2937,Jinmeiyō Kanji
赫,radiant/splendid উজ্জ্বল/দীপ্তিমান,,14,2938,Jinmeiyō Kanji
臥,lie down/lie শুয়ে থাকা,,9,2939,Jinmeiyō Kanji
甥,nephew ভাগ্নে/ভাতিজা,,13,2940,Jinmeiyō Kanji
瓢,gourd/bottle gourd লাউ/বোতল লাউ,,17,2941,Jinmeiyō Kanji
琵,琵琶 lute পিপা বাদ্যযন্ত্র,,12,2942,Jinmeiyō Kanji
琶,lute/pipa পিপা বাদ্যযন্ত্র,,12,2943,Jinmeiyō Kanji
叉,fork/branching fork কাঁটা/শাখাবিভাজন,,3,2944,Jinmeiyō Kanji
舜,Shun/legendary emperor শুন/পৌরাণিক সম্রাট,,13,2945,Jinmeiyō Kanji
畠,field/farmland ক্ষেত/চাষের জমি,,10,2946,Jinmeiyō Kanji
圃,garden/orchard বাগান/ফলবাগান,,10,2947,Jinmeiyō Kanji
丞,assist/minister সহায়ক/মন্ত্রী,,6,2948,Jinmeiyō Kanji
亮,clear/bright স্বচ্ছ/উজ্জ্বল,,9,2949,Jinmeiyō Kanji
胤,offspring/descendant বংশধর/সন্তান,,9,2950,Jinmeiyō Kanji
疏,neglect/sparse অবহেলা করা/বিরল,,12,2951,Jinmeiyō Kanji
膏,fat/ointment চর্বি/মলম,,14,2952,Jinmeiyō Kanji
魁,pioneer/leader অগ্রদূত/নেতা,,14,2953,Jinmeiyō Kanji
馨,fragrance/splendid সুগন্ধ/চমৎকার,,20,2954,Jinmeiyō Kanji
牒,document/official note দলিল/সরকারি নোট,,13,2955,Jinmeiyō Kanji
瞥,glimpse এক ঝলক দেখা,,17,2956,Jinmeiyō Kanji
睾,testicle অণ্ডকোষ,,14,2957,Jinmeiyō Kanji
巫,shaman/witchcraft শামান/জাদুবিদ্যা,,7,2958,Jinmeiyō Kanji
敦,kind/earnest দয়ালু/আন্তরিক,,12,2959,Jinmeiyō Kanji
奎,star/constellation নক্ষত্র/নক্ষত্রমণ্ডল,,9,2960,Jinmeiyō Kanji
翔,fly/soar উড়ে বেড়ানো/আকাশে ভেসে চলা,,12,2961,Jinmeiyō Kanji
皓,white/bright শুভ্র/উজ্জ্বল,,12,2962,Jinmeiyō Kanji
黎,dark/black/黎 people অন্ধকার/কালো,,15,2963,Jinmeiyō Kanji
赳,brave/valiant সাহসী/বীর,,10,2964,Jinmeiyō Kanji
已,already/stop ইতিমধ্যে/থামা,,3,2965,Jinmeiyō Kanji
棘,thorn/obstacle কাঁটা/বাধা,,12,2966,Jinmeiyō Kanji
聚,gather/assemble জড়ো করা/সমবেত হওয়া,,14,2967,Jinmeiyō Kanji
甦,revive/revive পুনরুজ্জীবিত হওয়া,,12,2968,Jinmeiyō Kanji
剪,cut/trim কাটা/ছাঁটা,,11,2969,Jinmeiyō Kanji
躾,training/manners শিষ্টাচার শিক্ষা/প্রশিক্ষণ,,16,2970,Jinmeiyō Kanji
夥,many/numerous অনেক/অসংখ্য,,14,2971,Jinmeiyō Kanji
鼾,snoring নাক ডাকা,,17,2972,Jinmeiyō Kanji
祟,curse/evil influence অভিশাপ/অশুভ প্রভাব,,10,2973,Jinmeiyō Kanji
粁,kilometer কিলোমিটার,,9,2974,Jinmeiyō Kanji
糎,centimeter সেন্টিমিটার,,15,2975,Jinmeiyō Kanji
粍,millimeter মিলিমিটার,,10,2976,Jinmeiyō Kanji
噸,ton টন,,16,2977,Jinmeiyō Kanji
哩,mile মাইল,,10,2978,Jinmeiyō Kanji
浬,nautical mile নটিক্যাল মাইল,,10,2979,Jinmeiyō Kanji
吋,inch ইঞ্চি,,6,2980,Jinmeiyō Kanji
呎,foot ফুট,,7,2981,Jinmeiyō Kanji
梵,Sanskrit/Brahma সংস্কৃত/ব্রহ্মা,,11,2982,Jinmeiyō Kanji
陀,Buddhist syllable/陀 বৌদ্ধ ধর্মীয় শব্দ/ধ্বনি,,8,2983,Jinmeiyō Kanji
薩,Bodhisattva/萨 বোধিসত্ত্ব,,16,2984,Jinmeiyō Kanji
菩,Bodhi/菩 বোধি,,11,2985,Jinmeiyō Kanji
唖,mute/dumb বোবা/মূক,,10,2986,Jinmeiyō Kanji
迦,Buddhist name syllable বৌদ্ধ নামের ধ্বনি,,7,2987,Jinmeiyō Kanji
牟,moo/cow sound গরুর ডাক,,6,2988,Jinmeiyō Kanji
珈,jade ornament/ornamental stone জেড অলংকার/মূল্যবান পাথর,,9,2989,Jinmeiyō Kanji
琲,coffee/coffee chain কফি/কফির শৃঙ্খল,,12,2990,Jinmeiyō Kanji
檜,cypress/ヒノキ হিনোকি সাইপ্রেস গাছ,,17,2991,Jinmeiyō Kanji
轡,bridle/reins ঘোড়ার লাগাম,,22,2992,Jinmeiyō Kanji
淵,abyss/deep pool গভীর জল/খাদ,,12,2993,Jinmeiyō Kanji
伍,five/association of five পাঁচ/পাঁচজনের দল,,6,2994,Jinmeiyō Kanji
什,what/miscellaneous কী/বিবিধ,,4,2995,Jinmeiyō Kanji
萬,ten thousand/innumerable দশ হাজার/অসংখ্য,,12,2996,Jinmeiyō Kanji
邁,go forward/advance এগিয়ে যাওয়া/অগ্রসর হওয়া,,15,2997,Jinmeiyō Kanji
逞,flourish/show off সমৃদ্ধ হওয়া/দক্ষতা দেখানো,,9,2998,Jinmeiyō Kanji
燈,lamp/light বাতি/আলো,,16,2999,Jinmeiyō Kanji
裡,inside/within ভিতরে/অভ্যন্তরে,,12,3000,Jinmeiyō Kanji
薗,garden/park বাগান/উদ্যান,,16,3001,Jinmeiyō Kanji
鋪,shop/store/铺 দোকান/ব্যবসায়িক প্রতিষ্ঠান,,15,3002,Jinmeiyō Kanji
嶋,island দ্বীপ,,14,3003,Jinmeiyō Kanji
峯,peak/summit শিখর/চূড়া,,10,3004,Jinmeiyō Kanji
巌,rock/cliff শিলা/পাথুরে পাহাড়,,20,3005,Jinmeiyō Kanji
埜,field/wilderness ক্ষেত/প্রান্তর,,11,3006,Jinmeiyō Kanji
舘,building/hall ভবন/প্রাঙ্গণ,,16,3007,Jinmeiyō Kanji
龍,dragon ড্রাগন,,16,3008,Jinmeiyō Kanji
寵,favor/patronage স্নেহ/অনুগ্রহ,,19,3009,Jinmeiyō Kanji
聾,deafness বধিরতা,,22,3010,Jinmeiyō Kanji
慾,desire/greed আকাঙ্ক্ষা/লোভ,,15,3011,Jinmeiyō Kanji
亙,span/across বিস্তৃত হওয়া/জুড়ে থাকা,,6,3012,Jinmeiyō Kanji
躯,body/physique দেহ/শরীর,,11,3013,Jinmeiyō Kanji
嶽,mountain/peak পর্বত/চূড়া,,17,3014,Jinmeiyō Kanji
國,country/nation দেশ/জাতি,,11,3015,Jinmeiyō Kanji
脛,shin/lower leg পায়ের সামনের অংশ/নিম্ন পা,,11,3016,Jinmeiyō Kanji
勁,strong/powerful শক্তিশালী/বলিষ্ঠ,,9,3017,Jinmeiyō Kanji
祀,worship/enshrine পূজা করা/উৎসর্গ করা,,8,3018,Jinmeiyō Kanji
祓,purify/exorcise শুদ্ধ করা/অশুভ দূর করা,,10,3019,Jinmeiyō Kanji
躇,hesitate/step দ্বিধা করা/পা ফেলা,,19,3020,Jinmeiyō Kanji
壽,longevity/life দীর্ঘায়ু/জীবন,,14,3021,Jinmeiyō Kanji
躊,hesitate দ্বিধা করা,,21,3022,Jinmeiyō Kanji
饅,bun/steamed bun বান/ভাপা পিঠা,,20,3023,Jinmeiyō Kanji
嘔,vomit/throw up বমি করা,,14,3024,Jinmeiyō Kanji
鼈,soft-shelled turtle নরম খোলসের কচ্ছপ,,25,3025,Jinmeiyō Kanji
亨,prosperity/smoothly সমৃদ্ধি/সুষ্ঠুভাবে,,7,3026,Jinmeiyō Kanji
侑,encourage/recommend উৎসাহিত করা/সুপারিশ করা,,8,3027,Jinmeiyō Kanji
梧,paulownia tree পলোনিয়া গাছ,,11,3028,Jinmeiyō Kanji
欽,admire/respect শ্রদ্ধা করা/সম্মান করা,,12,3029,Jinmeiyō Kanji
煕,prosperous/bright সমৃদ্ধ/উজ্জ্বল,,13,3030,Jinmeiyō Kanji
而,and/while এবং/যখন,,6,3031,Jinmeiyō Kanji
掟,rule/regulation নিয়ম/বিধি,,11,3032,Jinmeiyō Kanji