彼,he/him সে/তাকে,,8,1,Jōyō Kanji
日,day  দিন,,4,2,Jōyō Kanji
私,private/I ব্যক্তিগত/আমি,,7,3,Jōyō Kanji
女,woman  নারী,,3,4,Jōyō Kanji
人,person মানুষ,,2,5,Jōyō Kanji
大,big  বড়,,3,6,Jōyō Kanji
今,now এখন,,4,7,Jōyō Kanji
行,go/act যাওয়া/কাজ করা,,6,8,Jōyō Kanji
事,thing/matter বিষয়/ঘটনা,,8,9,Jōyō Kanji
会,meet/meeting  দেখা করা/সভা,,6,10,Jōyō Kanji
学,study/learning  পড়াশোনা/শিক্ষা,,8,11,Jōyō Kanji
見,see  দেখা,,7,12,Jōyō Kanji
生,life/live জন্ম/জীবন/বাঁচা,,5,13,Jōyō Kanji
出,exit/go out  বের হওয়া,,5,14,Jōyō Kanji
手,hand  হাত,,4,15,Jōyō Kanji
年,year বছর,,6,16,Jōyō Kanji
上,above  উপরে,,3,17,Jōyō Kanji
本,book/origin  বই/মূল,,5,18,Jōyō Kanji
子,child  শিশু,,3,19,Jōyō Kanji
一,one  এক,,1,20,Jōyō Kanji
物,thing/thing বস্তু/জিনিস,,8,21,Jōyō Kanji
来,come/next আসা/পরবর্তী,,7,22,Jōyō Kanji
車,car/vehicle  গাড়ি,,7,23,Jōyō Kanji
時,time  সময়,,10,24,Jōyō Kanji
家,house/family  বাড়ি/পরিবার,,10,25,Jōyō Kanji
入,enter  প্রবেশ করা,,2,26,Jōyō Kanji
話,talk/story  কথা/গল্প,,13,27,Jōyō Kanji
食,eat/food খাওয়া/খাদ্য,,9,28,Jōyō Kanji
気,spirit/air মনোভাব/বায়ু,,6,29,Jōyō Kanji
書,write/book  লেখা/বই,,10,30,Jōyō Kanji
合,fit/combine  মেলা/একত্র করা,,6,31,Jōyō Kanji
分,divide/part  ভাগ করা/অংশ,,4,32,Jōyō Kanji
社,company/shrine কোম্পানি/মন্দির,,7,33,Jōyō Kanji
国,country  দেশ,,8,34,Jōyō Kanji
中,inside  ভিতর,,4,35,Jōyō Kanji
間,space/interval স্থান/ব্যবধান,,12,36,Jōyō Kanji
明,bright  উজ্জ্বল,,8,37,Jōyō Kanji
月,moon  চাঁদ,,4,38,Jōyō Kanji
新,new নতুন,,13,39,Jōyō Kanji
下,below  নিচে,,3,40,Jōyō Kanji
長,long/leader দীর্ঘ/নেতা,,8,41,Jōyō Kanji
電,electricity  বিদ্যুৎ,,13,42,Jōyō Kanji
地,ground/earth  মাটি/পৃথিবী,,6,43,Jōyō Kanji
切,cut  কাটা,,4,44,Jōyō Kanji
好,like  পছন্দ করা,,6,45,Jōyō Kanji
仕,serve/work সেবা করা/কাজ করা,,5,46,Jōyō Kanji
部,section/part বিভাগ/অংশ,,11,47,Jōyō Kanji
道,road/way  রাস্তা/পথ,,12,48,Jōyō Kanji
前,before/front  আগে/সামনে,,9,49,Jōyō Kanji
通,pass through/traffic পার হওয়া/যাতায়াত,,10,50,Jōyō Kanji
買,buy  কেনা,,12,51,Jōyō Kanji
意,idea/intention  ধারণা/উদ্দেশ্য,,13,52,Jōyō Kanji
持,hold/have  ধরে রাখা/থাকা,,9,53,Jōyō Kanji
強,strong/strength শক্তিশালী/শক্তি,,11,54,Jōyō Kanji
方,direction/method  দিক/পদ্ধতি,,4,55,Jōyō Kanji
父,father বাবা,,4,56,Jōyō Kanji
自,self  নিজে,,6,57,Jōyō Kanji
言,say/word  বলা/কথা,,7,58,Jōyō Kanji
友,friend  বন্ধু,,4,59,Jōyō Kanji
近,near/close কাছাকাছি,,7,60,Jōyō Kanji
理,reason/logic  কারণ/যুক্তি,,11,61,Jōyō Kanji
水,water  পানি,,4,62,Jōyō Kanji
場,place  স্থান,,12,63,Jōyō Kanji
何,what কী,,7,64,Jōyō Kanji
聞,hear/ask শোনা/জিজ্ঞাসা করা,,14,65,Jōyō Kanji
昨,yesterday/previous গতকাল/পূর্ববর্তী,,9,66,Jōyō Kanji
業,work/business কাজ/ব্যবসা,,13,67,Jōyō Kanji
問,question/ask প্রশ্ন/জিজ্ঞাসা করা,,11,68,Jōyō Kanji
母,mother  মা,,5,69,Jōyō Kanji
最,most/extreme  সর্বাধিক/চরম,,12,70,Jōyō Kanji
高,high/expensive  উঁচু/দামি,,10,71,Jōyō Kanji
金,gold/money  সোনা/টাকা,,8,72,Jōyō Kanji
屋,shop/roof দোকান/ছাদ,,9,73,Jōyō Kanji
取,take  নেওয়া,,8,74,Jōyō Kanji
着,wear/arrive  পরা/পৌঁছানো,,12,75,Jōyō Kanji
外,outside  বাইরে,,5,76,Jōyō Kanji
朝,morning  সকাল,,12,77,Jōyō Kanji
目,eye  চোখ,,5,78,Jōyō Kanji
者,person/person who ব্যক্তি,,8,79,Jōyō Kanji
先,previous/ahead  আগে/সামনে,,6,80,Jōyō Kanji
後,after/behind পরে/পেছনে,,9,81,Jōyō Kanji
名,name  নাম,,6,82,Jōyō Kanji
校,school স্কুল,,10,83,Jōyō Kanji
動,move/movement নড়া/গতি,,11,84,Jōyō Kanji
達,reach/attain  পৌঁছানো/অর্জন করা,,12,85,Jōyō Kanji
体,body শরীর,,7,86,Jōyō Kanji
風,wind  বাতাস,,9,87,Jōyō Kanji
供,offer/provide প্রদান করা/সরবরাহ করা,,8,88,Jōyō Kanji
作,make/create তৈরি করা/সৃষ্টি করা,,7,89,Jōyō Kanji
親,parent/intimate বাবা-মা/ঘনিষ্ঠ,,16,90,Jōyō Kanji
少,few  অল্প,,4,91,Jōyō Kanji
毎,every  প্রত্যেক,,6,92,Jōyō Kanji
力,power/strength শক্তি,,2,93,Jōyō Kanji
全,whole/all  সম্পূর্ণ/সব,,6,94,Jōyō Kanji
度,degree/time মাত্রা/বার,,9,95,Jōyō Kanji
用,use/usage ব্যবহার,,5,96,Jōyō Kanji
雨,rain  বৃষ্টি,,8,97,Jōyō Kanji
知,know/knowledge জানা/জ্ঞান,,8,98,Jōyō Kanji
付,attach/give সংযুক্ত করা/দেওয়া,,5,99,Jōyō Kanji
発,start/depart/emit শুরু করা/রওনা হওয়া/নিঃসরণ করা,,9,100,Jōyō Kanji
題,topic/problem  বিষয়/সমস্যা,,18,101,Jōyō Kanji
語,word/language  শব্দ/ভাষা,,14,102,Jōyō Kanji
要,need/important প্রয়োজন/গুরুত্বপূর্ণ,,9,103,Jōyō Kanji
休,rest বিশ্রাম নেওয়া,,6,104,Jōyō Kanji
味,taste  স্বাদ,,8,105,Jōyō Kanji
無,none/nothing নেই/কিছুই নয়,,12,106,Jōyō Kanji
立,stand  দাঁড়ানো,,5,107,Jōyō Kanji
空,empty/sky খালি/আকাশ,,8,108,Jōyō Kanji
教,teach শিক্ষা দেওয়া,,11,109,Jōyō Kanji
当,hit/correct উপযুক্ত হওয়া/আঘাত করা,,6,110,Jōyō Kanji
文,writing/sentence লেখা/বাক্য,,4,111,Jōyō Kanji
小,small  ছোট,,3,112,Jōyō Kanji
多,many  অনেক,,6,113,Jōyō Kanji
店,shop/store  দোকান,,8,114,Jōyō Kanji
心,heart/mind  হৃদয়/মন,,4,115,Jōyō Kanji
不,not/non- না/অ-,,4,116,Jōyō Kanji
思,think  চিন্তা করা,,9,117,Jōyō Kanji
使,use ব্যবহার করা,,8,118,Jōyō Kanji
面,face/surface মুখ/পৃষ্ঠ,,9,119,Jōyō Kanji
品,goods  পণ্য,,9,120,Jōyō Kanji
結,tie/decide বাঁধা/সিদ্ধান্ত করা,,12,121,Jōyō Kanji
開,open খুলা,,12,122,Jōyō Kanji
夜,night রাত,,8,123,Jōyō Kanji
引,pull/draw টানা,,4,124,Jōyō Kanji
料,material/fee উপকরণ/ফি,,10,125,Jōyō Kanji
始,begin/start  শুরু করা,,8,126,Jōyō Kanji
旅,travel/journey ভ্রমণ/যাত্রা,,10,127,Jōyō Kanji
紙,paper কাগজ,,10,128,Jōyō Kanji
議,discuss/deliberate  আলোচনা করা/বিবেচনা করা,,20,129,Jōyō Kanji
音,sound  শব্দ,,9,130,Jōyō Kanji
運,carry/luck  বহন করা/ভাগ্য,,12,131,Jōyō Kanji
花,flower ফুল,,7,132,Jōyō Kanji
員,employee    কর্মী,,10,133,Jōyō Kanji
定,fix/decide  নির্ধারণ করা/স্থির করা,,8,134,Jōyō Kanji
計,measure/plan  পরিমাপ করা/পরিকল্পনা,,9,135,Jōyō Kanji
足,foot/leg পা,,7,136,Jōyō Kanji
受,receive/accept  গ্রহণ করা,,8,137,Jōyō Kanji
交,mix/interchange মেশানো/বিনিময়,,6,138,Jōyō Kanji
成,become/achieve  হওয়া/অর্জন করা,,6,139,Jōyō Kanji
込,crowded/into  ভিড় করা/ভিতরে,,5,140,Jōyō Kanji
数,number/count সংখ্যা/গণনা,,13,141,Jōyō Kanji
海,sea  সমুদ্র,,9,142,Jōyō Kanji
京,capital  রাজধানী,,8,143,Jōyō Kanji
画,picture/plan ছবি/পরিকল্পনা,,8,144,Jōyō Kanji
駅,station স্টেশন,,14,145,Jōyō Kanji
真,true  সত্য,,10,146,Jōyō Kanji
歩,walk/step  হাঁটা/পদক্ষেপ,,8,147,Jōyō Kanji
機,machine/opportunity যন্ত্র/সুযোগ,,16,148,Jōyō Kanji
回,turn/times  বার/ঘোরা,,6,149,Jōyō Kanji
読,read  পড়া,,14,150,Jōyō Kanji
服,clothes/obey পোশাক/অনুগত হওয়া,,8,151,Jōyō Kanji
有,have/exist  থাকা/অস্তিত্ব থাকা,,6,152,Jōyō Kanji
転,turn/roll  ঘোরা/গড়ানো,,11,153,Jōyō Kanji
所,place স্থান,,8,154,Jōyō Kanji
的,target  লক্ষ্য,,8,155,Jōyō Kanji
早,early  তাড়াতাড়ি,,6,156,Jōyō Kanji
過,pass/exceed পার হওয়া/অতিক্রম করা,,12,157,Jōyō Kanji
山,mountain  পাহাড়,,3,158,Jōyō Kanji
売,sell  বিক্রি করা,,7,159,Jōyō Kanji
良,good ভালো,,7,160,Jōyō Kanji
実,truth/fruit বাস্তবতা/ফল,,8,161,Jōyō Kanji
帰,return ফিরে আসা,,10,162,Jōyō Kanji
飲,drink পান করা,,12,163,Jōyō Kanji
必,without fail/necessary  অবশ্যই/অপরিহার্য,,5,164,Jōyō Kanji
円,circle/yen বৃত্ত/ইয়েন,,4,165,Jōyō Kanji
違,differ/wrong ভিন্ন হওয়া/ভুল,,13,166,Jōyō Kanji
直,fix  সংশোধন করা,,8,167,Jōyō Kanji
白,white  সাদা,,5,168,Jōyō Kanji
試,test/try  পরীক্ষা করা/চেষ্টা করা,,13,169,Jōyō Kanji
予,previously/give আগে/দেওয়া,,4,170,Jōyō Kanji
選,choose/select নির্বাচন করা,,15,171,Jōyō Kanji
週,week  সপ্তাহ,,11,172,Jōyō Kanji
勉,exert oneself/strive পরিশ্রম করা/চেষ্টা করা,,10,173,Jōyō Kanji
夏,summer  গ্রীষ্ম,,10,174,Jōyō Kanji
住,live বাস করা,,7,175,Jōyō Kanji
重,heavy/important ভারী/গুরুত্বপূর্ণ,,9,176,Jōyō Kanji
変,change/strange পরিবর্তন/অদ্ভুত,,9,177,Jōyō Kanji
乗,ride/board চড়া/আরোহণ করা,,9,178,Jōyō Kanji
同,same  একই,,6,179,Jōyō Kanji
都,capital/metropolis রাজধানী/মহানগর,,11,180,Jōyō Kanji
口,mouth  মুখ,,3,181,Jōyō Kanji
色,color রং,,6,182,Jōyō Kanji
主,main/master  প্রধান/মালিক,,5,183,Jōyō Kanji
世,generation  প্রজন্ম,,5,184,Jōyō Kanji
調,investigate/tone  তদন্ত করা/সুর,,15,185,Jōyō Kanji
町,town  শহর,,7,186,Jōyō Kanji
平,flat/peaceful সমতল/শান্তিপূর্ণ,,5,187,Jōyō Kanji
止,stop  থামা,,4,188,Jōyō Kanji
送,send/see off পাঠানো/বিদায় জানানো,,9,189,Jōyō Kanji
東,east  পূর্ব,,8,190,Jōyō Kanji
代,substitute/generation বিকল্প/প্রজন্ম,,5,191,Jōyō Kanji
正,correct/justice  সঠিক/ন্যায়,,5,192,Jōyō Kanji
進,advance/progress  এগোনো/অগ্রগতি করা,,11,193,Jōyō Kanji
木,tree/wood  গাছ/কাঠ,,4,194,Jōyō Kanji
番,turn/number পালা/নম্বর,,12,195,Jōyō Kanji
悪,bad/evil খারাপ/অশুভ,,11,196,Jōyō Kanji
楽,pleasant/music আনন্দদায়ক/সঙ্গীত,,13,197,Jōyō Kanji
降,descend/fall নামা/পড়া,,10,198,Jōyō Kanji
性,nature/sex স্বভাব/লিঙ্গ,,8,199,Jōyō Kanji
集,gather/collect  জড়ো করা/সংগ্রহ করা,,12,200,Jōyō Kanji
表,surface/table পৃষ্ঠ/তালিকা,,8,201,Jōyō Kanji
市,city/market  শহর/বাজার,,5,202,Jōyō Kanji
荷,luggage/load মালপত্র/বোঝা,,10,203,Jōyō Kanji
男,man/male পুরুষ,,7,204,Jōyō Kanji
字,character/letter  অক্ষর,,6,205,Jōyō Kanji
便,convenient/convenience সুবিধাজনক/সুবিধা,,9,206,Jōyō Kanji
赤,red লাল,,7,207,Jōyō Kanji
内,inside/within ভিতর/অভ্যন্তর,,4,208,Jōyō Kanji
身,body শরীর,,7,209,Jōyō Kanji
説,explain/theory  ব্যাখ্যা করা/তত্ত্ব,,14,210,Jōyō Kanji
指,point/finger  নির্দেশ করা/আঙুল,,9,211,Jōyō Kanji
祖,ancestor পূর্বপুরুষ,,9,212,Jōyō Kanji
次,next  পরবর্তী,,6,213,Jōyō Kanji
夕,evening  সন্ধ্যা,,3,214,Jōyō Kanji
飛,fly উড়া,,9,215,Jōyō Kanji
習,learn/practice  শেখা/অনুশীলন করা,,11,216,Jōyō Kanji
対,opposite/pair বিপরীত/জোড়া,,7,217,Jōyō Kanji
験,test/experience পরীক্ষা/অভিজ্ঞতা,,18,218,Jōyō Kanji
建,build  নির্মাণ করা,,9,219,Jōyō Kanji
病,illness/disease অসুস্থতা/রোগ,,10,220,Jōyō Kanji
相,mutual/appearance  পারস্পরিক/চেহারা,,9,221,Jōyō Kanji
二,two  দুই,,2,222,Jōyō Kanji
靴,shoes জুতা,,13,223,Jōyō Kanji
経,pass through/manage অতিক্রম করা/পরিচালনা করা,,11,224,Jōyō Kanji
類,type/kind প্রকার/ধরন,,18,225,Jōyō Kanji
葉,leaf  পাতা,,12,226,Jōyō Kanji
解,solve/understand সমাধান করা/বোঝা,,13,227,Jōyō Kanji
利,benefit/profit লাভ/সুবিধা,,7,228,Jōyō Kanji
関,connection/barrier সম্পর্ক/বাধা,,14,229,Jōyō Kanji
婚,marriage বিবাহ,,11,230,Jōyō Kanji
質,quality/question গুণমান/প্রশ্ন,,15,231,Jōyō Kanji
科,section/subject বিভাগ/বিষয়,,9,232,Jōyō Kanji
犬,dog  কুকুর,,4,233,Jōyō Kanji
司,manage/direct পরিচালনা করা/নিয়ন্ত্রণ করা,,5,234,Jōyō Kanji
考,think/consider চিন্তা করা/বিবেচনা করা,,6,235,Jōyō Kanji
公,public  জনসাধারণের/সরকারি,,4,236,Jōyō Kanji
洗,wash  ধোয়া,,9,237,Jōyō Kanji
故,former/reason  প্রাক্তন/কারণ,,9,238,Jōyō Kanji
然,nature/so  প্রকৃতি/এভাবে,,12,239,Jōyō Kanji
論,argument/theory যুক্তি/তত্ত্ব,,15,240,Jōyō Kanji
待,wait অপেক্ষা করা,,9,241,Jōyō Kanji
期,period/expectation সময়কাল/প্রত্যাশা,,12,242,Jōyō Kanji
布,cloth/distribute  কাপড়/বিতরণ করা,,5,243,Jōyō Kanji
終,end/finish শেষ করা,,11,244,Jōyō Kanji
決,decide/settle সিদ্ধান্ত নেওয়া/নিষ্পত্তি করা,,7,245,Jōyō Kanji
答,answer উত্তর,,12,246,Jōyō Kanji
園,garden/park  বাগান/উদ্যান,,13,247,Jōyō Kanji
記,record/write  লিপিবদ্ধ করা/লেখা,,10,248,Jōyō Kanji
顔,face মুখ,,18,249,Jōyō Kanji
落,fall/drop  পড়ে যাওয়া,,12,250,Jōyō Kanji
掛,hang/spend  ঝোলানো/ব্যয় করা,,11,251,Jōyō Kanji
格,status/standard  মর্যাদা/মানদণ্ড,,10,252,Jōyō Kanji
流,flow  প্রবাহিত হওয়া,,10,253,Jōyō Kanji
急,hurry/urgent তাড়াহুড়ো করা/জরুরি,,9,254,Jōyō Kanji
素,element/plainness উপাদান/সরলতা,,10,255,Jōyō Kanji
火,fire  আগুন,,4,256,Jōyō Kanji
曲,bend/music বাঁক/সঙ্গীত,,6,257,Jōyō Kanji
優,superior/gentle উৎকৃষ্ট/নম্র,,17,258,Jōyō Kanji
歌,song/sing  গান/গান গাওয়া,,14,259,Jōyō Kanji
天,heaven/sky  আকাশ/স্বর্গ,,4,260,Jōyō Kanji
絵,picture/painting ছবি/চিত্র,,12,261,Jōyō Kanji
美,beautiful  সুন্দর,,9,262,Jōyō Kanji
点,point  বিন্দু,,9,263,Jōyō Kanji
働,work কাজ করা,,13,264,Jōyō Kanji
件,matter/case বিষয়/ঘটনা,,6,265,Jōyō Kanji
温,warm/temperature উষ্ণ/তাপমাত্রা,,12,266,Jōyō Kanji
活,live/active  জীবিত/সক্রিয়,,9,267,Jōyō Kanji
勤,work/diligence কাজ করা/অধ্যবসায়,,12,268,Jōyō Kanji
両,both/both sides উভয়/দুই পক্ষ,,6,269,Jōyō Kanji
息,breath/son  শ্বাস/পুত্র,,10,270,Jōyō Kanji
野,field/plain মাঠ/প্রান্তর,,11,271,Jōyō Kanji
弟,younger brother ছোট ভাই,,7,272,Jōyō Kanji
昼,daytime/noon দিনের বেলা/দুপুর,,9,273,Jōyō Kanji
館,building/hall ভবন/প্রাঙ্গণ,,16,274,Jōyō Kanji
夫,husband/man  স্বামী/পুরুষ,,4,275,Jōyō Kanji
安,cheap/safe  সস্তা/নিরাপদ,,6,276,Jōyō Kanji
約,promise/approximately প্রতিশ্রুতি/প্রায়,,9,277,Jōyō Kanji
難,difficult/hard কঠিন,,18,278,Jōyō Kanji
線,line রেখা,,15,279,Jōyō Kanji
工,craft  কাজ,,3,280,Jōyō Kanji
初,first/beginning  প্রথম/শুরু,,7,281,Jōyō Kanji
組,group/assemble দল/একত্র করা,,11,282,Jōyō Kanji
我,I/me  আমি,,7,283,Jōyō Kanji
割,divide/cut ভাগ করা/কাটা,,12,284,Jōyō Kanji
差,difference  পার্থক্য,,10,285,Jōyō Kanji
返,return/give back  ফেরত দেওয়া,,7,286,Jōyō Kanji
資,resources/capital  সম্পদ/মূলধন,,13,287,Jōyō Kanji
化,change/transform পরিবর্তন করা/রূপান্তর করা,,4,288,Jōyō Kanji
民,people/citizen জনগণ/নাগরিক,,5,289,Jōyō Kanji
果,fruit/result ফল/ফলাফল,,8,290,Jōyō Kanji
連,connect/take along  সংযুক্ত করা/সঙ্গে নেওয়া,,10,291,Jōyō Kanji
図,diagram/plan চিত্র/পরিকল্পনা,,7,292,Jōyō Kanji
寝,sleep/go to bed ঘুমানো/শুতে যাওয়া,,13,293,Jōyō Kanji
猫,cat  বিড়াল,,11,294,Jōyō Kanji
向,direction/facing  দিক/মুখ করা,,6,295,Jōyō Kanji
映,reflect/project প্রতিফলিত করা/প্রদর্শন করা,,9,296,Jōyō Kanji
様,appearance/manner ধরন/রূপ,,14,297,Jōyō Kanji
広,wide/spacious  প্রশস্ত/বিস্তৃত,,5,298,Jōyō Kanji
誰,who কে,,15,299,Jōyō Kanji
得,gain/obtain অর্জন করা/পাওয়া,,11,300,Jōyō Kanji
続,continue/continuation চালিয়ে যাওয়া/ধারাবাহিকতা,,13,301,Jōyō Kanji
信,believe/trust বিশ্বাস করা,,9,302,Jōyō Kanji
台,stand/platform  মঞ্চ/স্ট্যান্ড,,5,303,Jōyō Kanji
能,ability/capability ক্ষমতা/সামর্থ্য,,10,304,Jōyō Kanji
加,add যোগ করা,,5,305,Jōyō Kanji
現,appear/present  প্রকাশ পাওয়া/বর্তমান,,11,306,Jōyō Kanji
院,institution/hospital প্রতিষ্ঠান/হাসপাতাল,,10,307,Jōyō Kanji
原,plain  সমভূমি,,10,308,Jōyō Kanji
失,lose/miss  হারানো/ভুল করা,,5,309,Jōyō Kanji
娘,daughter/girl মেয়ে/কন্যা,,10,310,Jōyō Kanji
遊,play/travel খেলা/ভ্রমণ করা,,12,311,Jōyō Kanji
客,guest/customer  অতিথি/ক্রেতা,,9,312,Jōyō Kanji
古,old  পুরোনো,,5,313,Jōyō Kanji
姉,older sister  বড় বোন,,8,314,Jōyō Kanji
授,teach/give  শিক্ষা দেওয়া/প্রদান করা,,11,315,Jōyō Kanji
支,support  সমর্থন করা,,4,316,Jōyō Kanji
産,produce/birth উৎপাদন/জন্ম,,11,317,Jōyō Kanji
和,harmony/peace শান্তি/সম্প্রীতি,,8,318,Jōyō Kanji
庭,garden/yard  বাগান/উঠান,,10,319,Jōyō Kanji
球,ball/sphere বল/গোলক,,11,320,Jōyō Kanji
遅,late/slow দেরি/ধীর,,12,321,Jōyō Kanji
妹,younger sister  ছোট বোন,,8,322,Jōyō Kanji
元,beginning    শুরু,,4,323,Jōyō Kanji
士,samurai/warrior  সামুরাই/যোদ্ধা,,3,324,Jōyō Kanji
雑,miscellaneous/rough  বিবিধ/অগোছালো,,14,325,Jōyō Kanji
法,law/method  আইন/পদ্ধতি,,8,326,Jōyō Kanji
忘,forget  ভুলে যাওয়া,,7,327,Jōyō Kanji
勝,win/victory জয় করা/বিজয়,,12,328,Jōyō Kanji
伝,transmit/tell জানানো/প্রচার করা,,6,329,Jōyō Kanji
兄,older brother  বড় ভাই,,5,330,Jōyō Kanji
痛,pain/hurt ব্যথা/আঘাত করা,,12,331,Jōyō Kanji
冷,cold/cool ঠান্ডা/শীতল,,7,332,Jōyō Kanji
太,fat  মোটা,,4,333,Jōyō Kanji
界,world/boundary  জগৎ/সীমানা,,9,334,Jōyō Kanji
式,style/ceremony  ধরন/অনুষ্ঠান,,6,335,Jōyō Kanji
川,stream    প্রবাহ,,3,336,Jōyō Kanji
情,feeling/emotion অনুভূতি/আবেগ,,11,337,Jōyō Kanji
職,job/duty  চাকরি/দায়িত্ব,,18,338,Jōyō Kanji
張,stretch/expand টানা/প্রসারিত করা,,11,339,Jōyō Kanji
術,technique/art কৌশল/বিদ্যা,,11,340,Jōyō Kanji
守,protect/guard  রক্ষা করা,,6,341,Jōyō Kanji
参,participate/go অংশগ্রহণ করা/যাওয়া,,8,342,Jōyō Kanji
反,against/opposite  বিরুদ্ধে/বিপরীত,,4,343,Jōyō Kanji
応,respond/answer  সাড়া দেওয়া/উত্তর দেওয়া,,7,344,Jōyō Kanji
保,protect/maintain রক্ষা করা/বজায় রাখা,,9,345,Jōyō Kanji
覚,remember/awaken  মনে রাখা/জেগে ওঠা,,12,346,Jōyō Kanji
消,erase  মুছে ফেলা,,10,347,Jōyō Kanji
席,seat/place আসন/স্থান,,10,348,Jōyō Kanji
速,fast/speed দ্রুত/গতি,,10,349,Jōyō Kanji
感,feeling/sense  অনুভূতি/অনুভব,,13,350,Jōyō Kanji
族,family/tribe পরিবার/গোষ্ঠী,,11,351,Jōyō Kanji
突,stab/collision হঠাৎ ধাক্কা দেওয়া/আঘাত করা,,8,352,Jōyō Kanji
昔,past/old days অতীত/পুরনো দিন,,8,353,Jōyō Kanji
育,raise/educate  লালন করা/শিক্ষা দেওয়া,,8,354,Jōyō Kanji
注,attention/note  মনোযোগ/টীকা,,8,355,Jōyō Kanji
確,certain/confirm  নিশ্চিত/নিশ্চিত করা,,15,356,Jōyō Kanji
辞,quit/word辞辞ত্যাগ করা/শব্দ,,13,357,Jōyō Kanji
政,politics/government  রাজনীতি/সরকার,,9,358,Jōyō Kanji
万,ten thousand  দশ হাজার,,3,359,Jōyō Kanji
財,wealth/property  সম্পদ,,10,360,Jōyō Kanji
晴,clear weather/clear আকাশ পরিষ্কার/স্বচ্ছ,,12,361,Jōyō Kanji
暑,hot গরম,,12,362,Jōyō Kanji
肉,meat মাংস,,6,363,Jōyō Kanji
半,half অর্ধেক,,5,364,Jōyō Kanji
起,rise/wake  ওঠা/জাগা,,10,365,Jōyō Kanji
眠,sleep ঘুম/ঘুমানো,,10,366,Jōyō Kanji
雪,snow তুষার,,11,367,Jōyō Kanji
震,shake/earthquake কাঁপানো/ভূমিকম্প,,15,368,Jōyō Kanji
怪,strange/suspicious  অদ্ভুত/সন্দেহজনক,,8,369,Jōyō Kanji
単,simple/single সরল/একক,,9,370,Jōyō Kanji
苦,suffer/bitter  কষ্ট পাওয়া/তিক্ত,,8,371,Jōyō Kanji
製,make/manufacture  তৈরি করা/উৎপাদন করা,,14,372,Jōyō Kanji
申,say/apply বলা/আবেদন করা,,5,373,Jōyō Kanji
具,tool  সরঞ্জাম,,8,374,Jōyō Kanji
薬,medicine/drug ওষুধ,,16,375,Jōyō Kanji
届,deliver/reach পৌঁছানো/সরবরাহ করা,,8,376,Jōyō Kanji
若,young  তরুণ,,8,377,Jōyō Kanji
窓,window  জানালা,,11,378,Jōyō Kanji
飯,rice/meal ভাত/খাবার,,12,379,Jōyō Kanji
払,pay/wipe  পরিশোধ করা/মুছে ফেলা,,5,380,Jōyō Kanji
声,voice/sound কণ্ঠস্বর/শব্দ,,7,381,Jōyō Kanji
茶,tea  চা,,9,382,Jōyō Kanji
愛,love  ভালোবাসা,,13,383,Jōyō Kanji
願,wish  ইচ্ছা,,19,384,Jōyō Kanji
費,expense/cost খরচ/ব্যয়,,12,385,Jōyō Kanji
角,angle/corner কোণ/কোণা,,7,386,Jōyō Kanji
並,line up/ordinary সারিবদ্ধ করা/সাধারণ,,8,387,Jōyō Kanji
務,duty/work দায়িত্ব/কাজ,,11,388,Jōyō Kanji
戦,war/fight যুদ্ধ/লড়াই,,13,389,Jōyō Kanji
医,medicine/doctor চিকিৎসা/ডাক্তার,,7,390,Jōyō Kanji
曜,weekday  সপ্তাহের দিন,,18,391,Jōyō Kanji
土,soil  মাটি,,3,392,Jōyō Kanji
寒,cold ঠান্ডা,,12,393,Jōyō Kanji
英,England/excellent ইংল্যান্ড/চমৎকার,,8,394,Jōyō Kanji
写,copy/photograph অনুলিপি করা/ছবি তোলা,,5,395,Jōyō Kanji
皆,all/everyone  সবাই/সব,,9,396,Jōyō Kanji
僕,I/me আমি,,14,397,Jōyō Kanji
位,rank/position পদমর্যাদা/অবস্থান,,7,398,Jōyō Kanji
死,death/die  মৃত্যু/মারা যাওয়া,,6,399,Jōyō Kanji
頃,about/around time প্রায়/সময়কাল,,11,400,Jōyō Kanji
留,stay/keep থাকা/রাখা,,10,401,Jōyō Kanji
呼,call/breathe ডাকা/শ্বাস নেওয়া,,8,402,Jōyō Kanji
船,ship/boat জাহাজ/নৌকা,,11,403,Jōyō Kanji
値,value/price মূল্য/দাম,,10,404,Jōyō Kanji
厳,strict/severe কঠোর/তীব্র,,17,405,Jōyō Kanji
常,usual/always  সাধারণ/সবসময়,,11,406,Jōyō Kanji
算,calculate হিসাব করা,,14,407,Jōyō Kanji
役,service/duty দায়িত্ব/সেবা,,7,408,Jōyō Kanji
越,cross/exceed  পার হওয়া/অতিক্রম করা,,12,409,Jōyō Kanji
特,special  বিশেষ,,10,410,Jōyō Kanji
替,replace/exchange  প্রতিস্থাপন করা/বদলানো,,12,411,Jōyō Kanji
警,warn/police  সতর্ক করা/পুলিশ,,19,412,Jōyō Kanji
器,container  পাত্র,,15,413,Jōyō Kanji
緒,beginning/cord শুরু/দড়ি,,14,414,Jōyō Kanji
午,noon  দুপুর,,4,415,Jōyō Kanji
座,seat/sit আসন/বসা,,10,416,Jōyō Kanji
髪,hair চুল,,14,417,Jōyō Kanji
階,floor/step তলা/ধাপ,,12,418,Jōyō Kanji
暖,warm উষ্ণ,,13,419,Jōyō Kanji
首,neck    ঘাড়,,9,420,Jōyō Kanji
段,step/stage ধাপ/পর্যায়,,9,421,Jōyō Kanji
村,village  গ্রাম,,7,422,Jōyō Kanji
散,scatter/disperse ছড়িয়ে দেওয়া/বিচ্ছিন্ন করা,,12,423,Jōyō Kanji
路,road/route রাস্তা/পথ,,13,424,Jōyō Kanji
断,cut off/decide বিচ্ছিন্ন করা/সিদ্ধান্ত নেওয়া,,11,425,Jōyō Kanji
報,report/reward প্রতিবেদন করা/পুরস্কার,,12,426,Jōyō Kanji
可,possible  সম্ভব,,5,427,Jōyō Kanji
徒,follower/empty অনুসারী/শূন্য,,10,428,Jōyō Kanji
済,finish/settle শেষ করা/মীমাংসা করা,,11,429,Jōyō Kanji
減,decrease/reduce  কমে যাওয়া/কমানো,,12,430,Jōyō Kanji
形,shape/form আকৃতি/রূপ,,7,431,Jōyō Kanji
種,seed/kind বীজ/ধরন,,14,432,Jōyō Kanji
頼,rely/request নির্ভর করা/অনুরোধ করা,,16,433,Jōyō Kanji
害,harm/damage ক্ষতি/অপকার,,10,434,Jōyō Kanji
状,condition/form  অবস্থা/আকার,,7,435,Jōyō Kanji
治,cure/govern  চিকিৎসা করা/শাসন করা,,8,436,Jōyō Kanji
深,deep গভীর,,11,437,Jōyō Kanji
追,chase/follow তাড়া করা/অনুসরণ করা,,9,438,Jōyō Kanji
暮,live/spend time  জীবনযাপন করা/সময় কাটানো,,14,439,Jōyō Kanji
観,view/observe  দেখা/পর্যবেক্ষণ করা,,18,440,Jōyō Kanji
十,ten  দশ,,2,441,Jōyō Kanji
根,root শিকড়,,10,442,Jōyō Kanji
青,blue/green নীল/সবুজ,,8,443,Jōyō Kanji
置,put/place  রাখা,,13,444,Jōyō Kanji
走,run  দৌড়ানো,,7,445,Jōyō Kanji
魚,fish  মাছ,,11,446,Jōyō Kanji
去,leave/past  চলে যাওয়া/অতীত,,5,447,Jōyō Kanji
別,separate  আলাদা,,7,448,Jōyō Kanji
頭,head মাথা,,16,449,Jōyō Kanji
細,thin/detailed পাতলা/বিস্তারিত,,11,450,Jōyō Kanji
嫌,dislike/hate অপছন্দ করা/ঘৃণা করা,,13,451,Jōyō Kanji
邪,evil/wickedness মন্দ/অশুভ,,8,452,Jōyō Kanji
増,increase  বৃদ্ধি করা,,14,453,Jōyō Kanji
商,commerce/trade  ব্যবসা/বাণিজ্য,,11,454,Jōyō Kanji
残,remain/leave behind  অবশিষ্ট থাকা/ফেলে যাওয়া,,10,455,Jōyō Kanji
以,by/with/than দ্বারা/দিয়ে/থেকে,,5,456,Jōyō Kanji
談,talk/discussion  আলোচনা,,15,457,Jōyō Kanji
例,example উদাহরণ,,8,458,Jōyō Kanji
態,condition/appearance অবস্থা/রূপ,,14,459,Jōyō Kanji
任,duty/entrust দায়িত্ব/অর্পণ করা,,6,460,Jōyō Kanji
犯,commit a crime/offend অপরাধ করা/লঙ্ঘন করা,,5,461,Jōyō Kanji
察,inspect/guess পরীক্ষা করা/অনুমান করা,,14,462,Jōyō Kanji
杯,cup/glass কাপ/গ্লাস,,8,463,Jōyō Kanji
左,left  বাম,,5,464,Jōyō Kanji
酒,sake/alcohol সাকে/মদ,,10,465,Jōyō Kanji
背,back  পিঠ,,9,466,Jōyō Kanji
郵,mail/post ডাক/ডাকব্যবস্থা,,11,467,Jōyō Kanji
局,office/bureau দপ্তর/বিভাগ,,7,468,Jōyō Kanji
誌,magazine/record  পত্রিকা/লিপি,,14,469,Jōyō Kanji
漢,Chinese/Chinese person চীনা/চীনা ব্যক্তি,,13,470,Jōyō Kanji
歯,tooth দাঁত,,12,471,Jōyō Kanji
命,life/command জীবন/আদেশ,,8,472,Jōyō Kanji
負,defeat    পরাজয়,,9,473,Jōyō Kanji
側,side পাশ,,11,474,Jōyō Kanji
量,quantity/measure  পরিমাণ/মাপ,,12,475,Jōyō Kanji
隣,neighbor/adjacent প্রতিবেশী/সংলগ্ন,,16,476,Jōyō Kanji
焼,burn/roast পোড়ানো/ভাজা,,12,477,Jōyō Kanji
価,value/price মূল্য/দাম,,8,478,Jōyō Kanji
打,hit/strike  আঘাত করা,,5,479,Jōyō Kanji
技,skill/technique  দক্ষতা/কৌশল,,7,480,Jōyō Kanji
求,seek/request খোঁজা/চাওয়া,,7,481,Jōyō Kanji
鳴,cry/sound ডাক দেওয়া/শব্দ করা,,14,482,Jōyō Kanji
洋,ocean/western  মহাসাগর/পাশ্চাত্য,,9,483,Jōyō Kanji
課,lesson/section পাঠ/বিভাগ,,15,484,Jōyō Kanji
卒,graduate/finish স্নাতক হওয়া/শেষ করা,,8,485,Jōyō Kanji
興,interest/prosperity আগ্রহ/সমৃদ্ধি,,16,486,Jōyō Kanji
改,change/reform  পরিবর্তন করা/সংস্কার করা,,7,487,Jōyō Kanji
績,achievement/results কৃতিত্ব/ফলাফল,,17,488,Jōyō Kanji
換,exchange/change বিনিময় করা/পরিবর্তন করা,,12,489,Jōyō Kanji
独,alone  একা,,9,490,Jōyō Kanji
迷,lose one's way/confused পথ হারানো/বিভ্রান্ত,,9,491,Jōyō Kanji
喜,joy/be pleased আনন্দ/আনন্দিত হওয়া,,12,492,Jōyō Kanji
放,release/let go  ছেড়ে দেওয়া,,8,493,Jōyō Kanji
防,prevent/defend প্রতিরোধ করা/রক্ষা করা,,7,494,Jōyō Kanji
勢,power/momentum শক্তি/গতি,,13,495,Jōyō Kanji
収,collect/receive সংগ্রহ করা/গ্রহণ করা,,4,496,Jōyō Kanji
傷,injury/hurt আঘাত/আহত করা,,13,497,Jōyō Kanji
三,three  তিন,,3,498,Jōyō Kanji
四,four  চার,,5,499,Jōyō Kanji
宿,inn/stay সরাইখানা/থাকা,,11,500,Jōyō Kanji
誕,birth  জন্ম,,15,501,Jōyō Kanji
忙,busy  ব্যস্ত,,6,502,Jōyō Kanji
疲,tired/fatigue ক্লান্ত/ক্লান্তি,,10,503,Jōyō Kanji
晩,evening/night সন্ধ্যা/রাত,,12,504,Jōyō Kanji
遠,far  দূর,,13,505,Jōyō Kanji
冬,winter  শীতকাল,,5,506,Jōyō Kanji
熱,heat/hot তাপ/গরম,,15,507,Jōyō Kanji
束,bundle/tie গুচ্ছ/বাঁধা,,7,508,Jōyō Kanji
程,extent/degree মাত্রা/পরিমাণ,,12,509,Jōyō Kanji
欲,desire  ইচ্ছা/আকাঙ্ক্ষা,,11,510,Jōyō Kanji
甘,sweet মিষ্টি,,5,511,Jōyō Kanji
笑,laugh/smile হাসা,,10,512,Jōyō Kanji
努,effort প্রচেষ্টা,,7,513,Jōyō Kanji
列,row/line  সারি,,6,514,Jōyō Kanji
北,north  উত্তর,,5,515,Jōyō Kanji
第,number/order নম্বর/ক্রম,,11,516,Jōyō Kanji
配,distribute/arrange বিতরণ করা/ব্যবস্থা করা,,10,517,Jōyō Kanji
婦,woman/wife নারী/স্ত্রী,,11,518,Jōyō Kanji
団,group  দল,,6,519,Jōyō Kanji
非,not/wrong না/ভুল,,8,520,Jōyō Kanji
激,violent/intense  তীব্র/প্রবল,,16,521,Jōyō Kanji
室,room  কক্ষ,,9,522,Jōyō Kanji
械,machine/device  যন্ত্র,,11,523,Jōyō Kanji
判,judge/judgment বিচার করা/রায়,,7,524,Jōyō Kanji
敗,defeat/fail  পরাজয়/ব্যর্থ হওয়া,,11,525,Jōyō Kanji
油,oil তেল,,8,526,Jōyō Kanji
振,shake/swing নাড়ানো/দোলানো,,10,527,Jōyō Kanji
寄,approach/stop by  কাছে আসা/ঘুরে আসা,,11,528,Jōyō Kanji
歴,history  ইতিহাস,,14,529,Jōyō Kanji
刺,stab/thorn  ছুরিকাঘাত করা/কাঁটা,,8,530,Jōyō Kanji
望,hope/desire  আশা/আকাঙ্ক্ষা,,11,531,Jōyō Kanji
整,arrange/organize সাজানো/গুছানো,,16,532,Jōyō Kanji
労,labor/work শ্রম/কাজ,,7,533,Jōyō Kanji
賞,prize/reward  পুরস্কার,,15,534,Jōyō Kanji
共,together/both একসাথে/উভয়,,6,535,Jōyō Kanji
専,specialize  বিশেষায়িত হওয়া,,9,536,Jōyō Kanji
演,perform/act পরিবেশন করা/অভিনয় করা,,14,537,Jōyō Kanji
歳,age/year  বয়স/বছর,,13,538,Jōyō Kanji
描,draw/depict  আঁকা/চিত্রিত করা,,11,539,Jōyō Kanji
丈,length/height  দৈর্ঘ্য/উচ্চতা,,3,540,Jōyō Kanji
閉,close বন্ধ করা,,11,541,Jōyō Kanji
低,low নিচু/নিম্ন,,7,542,Jōyō Kanji
仮,temporary/assume অস্থায়ী/ধরে নেওয়া,,6,543,Jōyō Kanji
短,short সংক্ষিপ্ত/খাটো,,12,544,Jōyō Kanji
神,god/spirit ঈশ্বর/আত্মা,,9,545,Jōyō Kanji
辺,area/vicinity  এলাকা/আশপাশ,,5,546,Jōyō Kanji
締,tighten/close শক্ত করা/বন্ধ করা,,15,547,Jōyō Kanji
停,stop থামা,,11,548,Jōyō Kanji
倒,fall/knock down পড়ে যাওয়া/ফেলে দেওয়া,,10,549,Jōyō Kanji
箱,box বাক্স,,15,550,Jōyō Kanji
石,stone  পাথর,,5,551,Jōyō Kanji
田,rice field  ধানক্ষেত,,5,552,Jōyō Kanji
暗,dark  অন্ধকার,,13,553,Jōyō Kanji
陽,sun/positive সূর্য/ইতিবাচক,,12,554,Jōyō Kanji
西,west পশ্চিম,,6,555,Jōyō Kanji
号,number/name নম্বর/নাম,,5,556,Jōyō Kanji
末,end  শেষ,,5,557,Jōyō Kanji
券,ticket/coupon টিকিট/কুপন,,8,558,Jōyō Kanji
除,remove/exclude অপসারণ করা/বাদ দেওয়া,,10,559,Jōyō Kanji
制,control/system  নিয়ন্ত্রণ/ব্যবস্থা,,8,560,Jōyō Kanji
許,permit/allow  অনুমতি দেওয়া,,11,561,Jōyō Kanji
担,carry/bear  বহন করা/দায়িত্ব নেওয়া,,8,562,Jōyō Kanji
営,operate/manage পরিচালনা করা,,12,563,Jōyō Kanji
限,limit সীমা,,9,564,Jōyō Kanji
似,resemble/similar সাদৃশ্য থাকা/মতো হওয়া,,7,565,Jōyō Kanji
等,etc./equal ইত্যাদি/সমান,,12,566,Jōyō Kanji
険,dangerous/steep বিপজ্জনক/খাড়া,,11,567,Jōyō Kanji
認,recognize/acknowledge  চিনতে পারা/স্বীকার করা,,14,568,Jōyō Kanji
設,establish/set up  স্থাপন করা/প্রতিষ্ঠা করা,,11,569,Jōyō Kanji
島,island দ্বীপ,,10,570,Jōyō Kanji
因,cause/factor  কারণ/উপাদান,,6,571,Jōyō Kanji
節,season/joint/occasion ঋতু/জোড়/সময়,,13,572,Jōyō Kanji
査,investigate পরীক্ষা/তদন্ত করা,,9,573,Jōyō Kanji
登,climb/register আরোহণ করা/নিবন্ধন করা,,12,574,Jōyō Kanji
捕,catch/ capture ধরা/আটক করা,,10,575,Jōyō Kanji
助,help সাহায্য করা,,7,576,Jōyō Kanji
健,healthy স্বাস্থ্যবান,,11,577,Jōyō Kanji
景,scenery/view  দৃশ্য,,12,578,Jōyō Kanji
訳,meaning/translate অর্থ/অনুবাদ করা,,11,579,Jōyō Kanji
仲,relationship/companion সম্পর্ক/সঙ্গী,,6,580,Jōyō Kanji
植,plant  রোপণ করা,,12,581,Jōyō Kanji
固,hard/firm  শক্ত/দৃঢ়,,8,582,Jōyō Kanji
義,justice/meaning  ন্যায়/অর্থ,,13,583,Jōyō Kanji
募,recruit/collect নিয়োগ করা/সংগ্রহ করা,,12,584,Jōyō Kanji
識,knowledge/recognize  জ্ঞান/চেনা,,19,585,Jōyō Kanji
満,full/satisfy পূর্ণ/সন্তুষ্ট করা,,12,586,Jōyō Kanji
刻,engrave/time খোদাই করা/সময়,,8,587,Jōyō Kanji
寺,temple  মন্দির,,6,588,Jōyō Kanji
机,desk  ডেস্ক,,6,589,Jōyō Kanji
右,right  ডান,,5,590,Jōyō Kanji
他,other অন্য,,5,591,Jōyō Kanji
米,rice চাল/ভাত,,6,592,Jōyō Kanji
未,not yet  এখনও নয়,,5,593,Jōyō Kanji
春,spring বসন্ত,,9,594,Jōyō Kanji
銀,silver রূপা,,14,595,Jōyō Kanji
鳥,bird পাখি,,11,596,Jōyō Kanji
汚,dirty/dirtying নোংরা/নোংরা করা,,6,597,Jōyō Kanji
戻,return ফিরে আসা,,7,598,Jōyō Kanji
伸,stretch/extend প্রসারিত করা,,7,599,Jōyō Kanji
研,polish/research  ঘষে মসৃণ করা/গবেষণা করা,,9,600,Jōyō Kanji
究,investigate/study গবেষণা করা/অধ্যয়ন করা,,7,601,Jōyō Kanji
棚,shelf  তাক,,12,602,Jōyō Kanji
豆,bean/soybean শিম/সয়াবিন,,7,603,Jōyō Kanji
壁,wall দেয়াল,,16,604,Jōyō Kanji
帯,belt/band  বেল্ট/বন্ধনী,,10,605,Jōyō Kanji
再,again/repeatedly আবার/পুনরায়,,6,606,Jōyō Kanji
録,record রেকর্ড/লিপিবদ্ধ করা,,16,607,Jōyō Kanji
黒,black  কালো,,11,608,Jōyō Kanji
菜,vegetable  সবজি,,11,609,Jōyō Kanji
枚,counter for flat objects  সমতল জিনিসের গণনাকারী,,8,610,Jōyō Kanji
就,engage in/settle into গ্রহণ করা/কাজে যোগ দেওয়া,,12,611,Jōyō Kanji
頑,stubborn  একগুঁয়ে,,13,612,Jōyō Kanji
池,pond  পুকুর,,6,613,Jōyō Kanji
呂,spine  মেরুদণ্ড,,7,614,Jōyō Kanji
域,region/area  অঞ্চল/এলাকা,,11,615,Jōyō Kanji
在,exist/be located  অবস্থান করা/থাকা,,6,616,Jōyō Kanji
接,connect/contact  সংযোগ করা/যোগাযোগ করা,,11,617,Jōyō Kanji
効,effect/effective প্রভাব/কার্যকর,,8,618,Jōyō Kanji
危,dangerous বিপজ্জনক,,6,619,Jōyō Kanji
災,disaster  দুর্যোগ,,7,620,Jōyō Kanji
従,follow অনুসরণ করা,,10,621,Jōyō Kanji
案,plan/proposal  পরিকল্পনা/প্রস্তাব,,10,622,Jōyō Kanji
絡,entangle/connect জড়িয়ে দেওয়া/সংযুক্ত করা,,12,623,Jōyō Kanji
比,compare  তুলনা করা,,4,624,Jōyō Kanji
混,mix/confuse  মেশানো/বিভ্রান্ত করা,,11,625,Jōyō Kanji
光,light  আলো,,6,626,Jōyō Kanji
宅,home/house বাড়ি/বাসস্থান,,6,627,Jōyō Kanji
裏,reverse/back  উল্টো দিক/পেছন,,13,628,Jōyō Kanji
積,accumulate/stack জমা করা/স্তূপ করা,,16,629,Jōyō Kanji
護,protect/defend  রক্ষা করা,,20,630,Jōyō Kanji
権,right/authority  অধিকার/কর্তৃত্ব,,15,631,Jōyō Kanji
敵,enemy  শত্রু,,15,632,Jōyō Kanji
絶,discontinue/extinguish বন্ধ করা/নিভিয়ে দেওয়া,,12,633,Jōyō Kanji
舞,dance নাচ,,15,634,Jōyō Kanji
劇,drama/theater নাটক/থিয়েটার,,15,635,Jōyō Kanji
区,ward/district এলাকা/জেলা,,4,636,Jōyō Kanji
想,thought/imagination  চিন্তা/কল্পনা,,13,637,Jōyō Kanji
遣,send/dispatch পাঠানো,,13,638,Jōyō Kanji
順,obey  অনুসরণ করা,,12,639,Jōyō Kanji
境,boundary/environment  সীমানা/পরিবেশ,,14,640,Jōyō Kanji
門,gate/door দরজা/ফটক,,8,641,Jōyō Kanji
陸,land/shore স্থলভাগ/তীর,,11,642,Jōyō Kanji
貸,lend ধার দেওয়া,,12,643,Jōyō Kanji
騒,noisy/commotion কোলাহল/হট্টগোল,,18,644,Jōyō Kanji
富,rich/wealth  ধনী/সম্পদ,,12,645,Jōyō Kanji
秋,autumn শরৎ,,9,646,Jōyō Kanji
菓,sweets/confectionery মিষ্টান্ন,,11,647,Jōyō Kanji
軽,light/easy  হালকা/সহজ,,12,648,Jōyō Kanji
弱,weak দুর্বল,,10,649,Jōyō Kanji
筆,brush/pen তুলি/কলম,,12,650,Jōyō Kanji
皿,plate/dish থালা/পাত্র,,5,651,Jōyō Kanji
坊,boy/monk  ছেলে/সন্ন্যাসী,,7,652,Jōyō Kanji
片,one side/piece এক পাশ/টুকরা,,4,653,Jōyō Kanji
悲,sadness/be sad দুঃখ/দুঃখিত হওয়া,,12,654,Jōyō Kanji
毛,hair/fur চুল/লোম,,4,655,Jōyō Kanji
幹,trunk/main part কাণ্ড/মূল অংশ,,13,656,Jōyō Kanji
沈,sink/submerge ডোবা/নিমজ্জিত হওয়া,,7,657,Jōyō Kanji
総,total/general মোট/সাধারণ,,14,658,Jōyō Kanji
草,grass  ঘাস,,9,659,Jōyō Kanji
寿,longevity/life দীর্ঘায়ু/জীবন,,7,660,Jōyō Kanji
才,ability/age  প্রতিভা/বয়স,,3,661,Jōyō Kanji
鉄,iron  লোহা,,13,662,Jōyō Kanji
季,season ঋতু,,8,663,Jōyō Kanji
盛,prosper/fill সমৃদ্ধ হওয়া/ভরাট করা,,11,664,Jōyō Kanji
存,exist/preserve  থাকা/সংরক্ষণ করা,,6,665,Jōyō Kanji
準,standard/prepare  মানদণ্ড/প্রস্তুত করা,,13,666,Jōyō Kanji
示,show/indicate দেখানো/নির্দেশ করা,,5,667,Jōyō Kanji
備,prepare/equip প্রস্তুত করা/সজ্জিত করা,,12,668,Jōyō Kanji
際,occasion/border সময়/সীমা,,14,669,Jōyō Kanji
容,contain/appearance  ধারণ করা/চেহারা,,10,670,Jōyō Kanji
象,elephant/image হাতি/চিত্র,,12,671,Jōyō Kanji
障,obstacle/hinder বাধা/বাধা দেওয়া,,14,672,Jōyō Kanji
統,unite/govern ঐক্যবদ্ধ করা/শাসন করা,,12,673,Jōyō Kanji
途,way/route পথ/পথরেখা,,10,674,Jōyō Kanji
康,health/healthy স্বাস্থ্য/সুস্থতা,,11,675,Jōyō Kanji
趣,meaning/interest  অর্থ/আগ্রহ,,15,676,Jōyō Kanji
詳,detailed  বিস্তারিত,,13,677,Jōyō Kanji
検,examine/inspect পরীক্ষা করা/পরিদর্শন করা,,12,678,Jōyō Kanji
余,excess/remain অতিরিক্ত/অবশিষ্ট,,7,679,Jōyō Kanji
砂,sand  বালি,,9,680,Jōyō Kanji
板,board/plank  তক্তা/বোর্ড,,8,681,Jōyō Kanji
弁,valve/speech  ভালভ/বক্তব্য,,5,682,Jōyō Kanji
折,fold/break ভাঁজ করা/ভাঙা,,7,683,Jōyō Kanji
師,teacher/master শিক্ষক/গুরু,,10,684,Jōyō Kanji
釣,fishing  বড়শি দিয়ে মাছ ধরা,,11,685,Jōyō Kanji
湯,hot water  গরম পানি,,12,686,Jōyō Kanji
居,be/stay থাকা,,8,687,Jōyō Kanji
包,wrap/package  মোড়ানো/প্যাকেট করা,,5,688,Jōyō Kanji
握,grip/hold আঁকড়ে ধরা/ধরা,,12,689,Jōyō Kanji
街,street শহরের রাস্তা,,12,690,Jōyō Kanji
額,amount/forehead  পরিমাণ/কপাল,,18,691,Jōyō Kanji
講,lecture/explain বক্তৃতা/ব্যাখ্যা করা,,17,692,Jōyō Kanji
囲,surround/enclose ঘিরে রাখা,,7,693,Jōyō Kanji
税,tax কর,,12,694,Jōyō Kanji
印,mark/stamp চিহ্ন/সিলমোহর,,6,695,Jōyō Kanji
乱,disorder  বিশৃঙ্খলা,,7,696,Jōyō Kanji
衆,masses/crowd জনসাধারণ/ভিড়,,12,697,Jōyō Kanji
五,five  পাঁচ,,4,698,Jōyō Kanji
個,individual/one item পৃথক/একটি,,10,699,Jōyō Kanji
九,nine  নয়,,2,700,Jōyō Kanji
百,hundred  একশ,,6,701,Jōyō Kanji
祝,celebrate/congratulate উদযাপন করা/অভিনন্দন করা,,9,702,Jōyō Kanji
咲,bloom ফুটে ওঠা,,9,703,Jōyō Kanji
易,easy/easily সহজ/সহজে,,8,704,Jōyō Kanji
嬉,happy/playful আনন্দিত/খেলাচ্ছলে,,15,705,Jinmeiyō Kanji
塩,salt লবণ,,13,706,Jōyō Kanji
雲,cloud  মেঘ,,12,707,Jōyō Kanji
複,duplicate/multiple  একাধিক/নকল,,14,708,Jōyō Kanji
星,star তারা,,9,709,Jōyō Kanji
撮,photograph/take  ছবি তোলা/নেওয়া,,15,710,Jōyō Kanji
瓶,bottle বোতল,,11,711,Jōyō Kanji
挨,push/approach ঠেলা দেওয়া/কাছে আসা,,10,712,Jōyō Kanji
拶,approach/press কাছে আসা/চাপ দেওয়া,,9,713,Jōyō Kanji
完,perfect    নিখুঁত,,7,714,Jōyō Kanji
壊,break/destroy  ভেঙে ফেলা/ধ্বংস করা,,16,715,Jōyō Kanji
告,revelation    উন্মোচন,,7,716,Jōyō Kanji
掃,sweep পরিষ্কার করা/ঝাড়ু দেওয়া,,11,717,Jōyō Kanji
投,throw  ছুড়ে দেওয়া,,7,718,Jōyō Kanji
練,practice/train অনুশীলন করা/প্রশিক্ষণ নেওয়া,,14,719,Jōyō Kanji
慣,get used to  অভ্যস্ত হওয়া,,14,720,Jōyō Kanji
簡,simple/brief সরল/সংক্ষিপ্ত,,18,721,Jōyō Kanji
怒,anger  রাগ,,9,722,Jōyō Kanji
阪,slope/height ঢাল/উঁচু পথ,,7,723,Jōyō Kanji
夢,dream  স্বপ্ন,,13,724,Jōyō Kanji
型,type/model  ধরন/ছাঁচ,,9,725,Jōyō Kanji
由,reason/cause কারণ,,5,726,Jōyō Kanji
煙,smoke ধোঁয়া,,13,727,Jōyō Kanji
昇,rise  ওঠা,,8,728,Jōyō Kanji
基,base/foundation ভিত্তি/ভিত্তিমূল,,11,729,Jōyō Kanji
祭,festival/celebrate উৎসব/উদযাপন করা,,11,730,Jōyō Kanji
係,person in charge/connection দায়িত্বপ্রাপ্ত ব্যক্তি/সম্পর্ক,,9,731,Jōyō Kanji
府,government office সরকারি দপ্তর,,8,732,Jōyō Kanji
退,retreat/withdraw পিছিয়ে যাওয়া/প্রত্যাহার করা,,9,733,Jōyō Kanji
被,be subjected to/cover  আক্রান্ত হওয়া/ঢেকে দেওয়া,,10,734,Jōyō Kanji
派,group/faction দল/গোষ্ঠী,,9,735,Jōyō Kanji
争,fight/dispute ঝগড়া করা/বিরোধ,,6,736,Jōyō Kanji
互,mutual  পারস্পরিক,,4,737,Jōyō Kanji
領,territory/receive অঞ্চল/গ্রহণ করা,,14,738,Jōyō Kanji
影,shadow/influence ছায়া/প্রভাব,,15,739,Jōyō Kanji
丸,circle  গোল,,3,740,Jōyō Kanji
構,structure/construct গঠন/নির্মাণ করা,,14,741,Jōyō Kanji
横,sideways/horizontal পাশ দিয়ে/অনুভূমিক,,15,742,Jōyō Kanji
静,quiet/calm শান্ত/নীরব,,14,743,Jōyō Kanji
幸,happiness/luck সুখ/সৌভাগ্য,,8,744,Jōyō Kanji
恋,love/romance প্রেম/ভালোবাসা,,10,745,Jōyō Kanji
恐,fear  ভয় পাওয়া,,10,746,Jōyō Kanji
湖,lake  হ্রদ,,12,747,Jōyō Kanji
桜,cherry blossom চেরি ফুল,,10,748,Jōyō Kanji
吸,inhale/suck  শ্বাস নেওয়া/টেনে নেওয়া,,6,749,Jōyō Kanji
駐,station/park অবস্থান করা/গাড়ি রাখা,,15,750,Jōyō Kanji
攻,attack  আক্রমণ করা,,7,751,Jōyō Kanji
姿,figure/appearance  আকৃতি/চেহারা,,9,752,Jōyō Kanji
詰,pack/question  ভরা/জিজ্ঞাসা করা,,13,753,Jōyō Kanji
延,extend/postpone  বাড়ানো/স্থগিত করা,,8,754,Jōyō Kanji
腹,belly/stomach  পেট,,13,755,Jōyō Kanji
展,develop/display বিকাশ করা/প্রদর্শন করা,,10,756,Jōyō Kanji
疑,doubt সন্দেহ করা,,14,757,Jōyō Kanji
率,rate/lead হার/নেতৃত্ব দেওয়া,,11,758,Jōyō Kanji
皮,skin/hide  চামড়া,,5,759,Jōyō Kanji
適,suitable  উপযুক্ত,,14,760,Jōyō Kanji
極,extreme/pole চরম/মেরু,,12,761,Jōyō Kanji
暴,violence/expose সহিংসতা/প্রকাশ করা,,15,762,Jōyō Kanji
省,omit  বাদ দেওয়া,,9,763,Jōyō Kanji
玉,jewel/ball  রত্ন/গোলক,,5,764,Jōyō Kanji
養,nourish/raise লালন করা/পালন করা,,15,765,Jōyō Kanji
筋,muscle/line পেশি/রেখা,,12,766,Jōyō Kanji
視,look at/regard দেখা/বিবেচনা করা,,11,767,Jōyō Kanji
七,seven  সাত,,2,768,Jōyō Kanji
借,borrow ধার নেওয়া,,10,769,Jōyō Kanji
泳,swim  সাঁতার কাটা,,8,770,Jōyō Kanji
緑,green সবুজ,,14,771,Jōyō Kanji
盗,steal/theft চুরি করা/চুরি,,11,772,Jōyō Kanji
妻,wife স্ত্রী,,8,773,Jōyō Kanji
肩,shoulder কাঁধ,,8,774,Jōyō Kanji
腕,arm/skill বাহু/দক্ষতা,,12,775,Jōyō Kanji
渡,cross/transfer পার হওয়া/স্থানান্তর করা,,12,776,Jōyō Kanji
給,supply/pay সরবরাহ করা/বেতন দেওয়া,,12,777,Jōyō Kanji
訪,visit  পরিদর্শন করা,,11,778,Jōyō Kanji
牛,cow/cattle  গরু,,4,779,Jōyō Kanji
更,change/renew  পরিবর্তন করা/নবায়ন করা,,7,780,Jōyō Kanji
薄,thin/light  পাতলা/হালকা,,16,781,Jōyō Kanji
各,each  প্রত্যেক,,6,782,Jōyō Kanji
驚,surprise/be surprised অবাক করা/অবাক হওয়া,,22,783,Jōyō Kanji
則,rule  নিয়ম,,9,784,Jōyō Kanji
株,stock/stump  শেয়ার/গাছের গোড়া,,10,785,Jōyō Kanji
賃,rent/fee ভাড়া/ফি,,13,786,Jōyō Kanji
亡,perish/dead  মারা যাওয়া/মৃত,,3,787,Jōyō Kanji
材,material  উপাদান/কাঠ,,7,788,Jōyō Kanji
復,restore/again পুনরুদ্ধার করা/আবার,,12,789,Jōyō Kanji
航,navigate/voyage নৌযাত্রা করা/ভ্রমণ করা,,10,790,Jōyō Kanji
紅,deep red/crimson গাঢ় লাল,,9,791,Jōyō Kanji
異,different/strange ভিন্ন/অদ্ভুত,,11,792,Jōyō Kanji
党,party/group  দল,,10,793,Jōyō Kanji
修,repair/study মেরামত করা/অধ্যয়ন করা,,10,794,Jōyō Kanji
破,break/destroy  ভাঙা/ধ্বংস করা,,10,795,Jōyō Kanji
逃,escape  পালিয়ে যাওয়া,,9,796,Jōyō Kanji
久,long time দীর্ঘ সময়,,3,797,Jōyō Kanji
響,echo/resound প্রতিধ্বনি করা/অনুরণিত হওয়া,,20,798,Jōyō Kanji
史,history  ইতিহাস,,5,799,Jōyō Kanji
離,separate/leave পৃথক করা/ছেড়ে যাওয়া,,18,800,Jōyō Kanji
礼,thanks/etiquette ধন্যবাদ/শিষ্টাচার,,5,801,Jōyō Kanji
念,thought/attention চিন্তা/মনোযোগ,,8,802,Jōyō Kanji
貧,poor  দরিদ্র,,11,803,Jōyō Kanji
測,fathom    ধারণা,,12,804,Jōyō Kanji
札,tag/label  ট্যাগ/লেবেল,,5,805,Jōyō Kanji
預,deposit/entrust জমা রাখা/অর্পণ করা,,13,806,Jōyō Kanji
濯,wash  ধোয়া,,17,807,Jōyō Kanji
骨,bone হাড়,,10,808,Jōyō Kanji
博,Dr.,,12,809,Jōyō Kanji
催,sponsor/hold আয়োজন করা,,13,810,Jōyō Kanji
免,exempt/permit অব্যাহতি দেওয়া/অনুমতি দেওয়া,,8,811,Jōyō Kanji
証,proof/certificate  প্রমাণ/সনদ,,12,812,Jōyō Kanji
虫,insect  পোকা,,6,813,Jōyō Kanji
柔,soft/gentle নরম/কোমল,,9,814,Jōyō Kanji
針,needle/pin  সূঁচ/পিন,,10,815,Jōyō Kanji
棒,stick/rod লাঠি/দণ্ড,,12,816,Jōyō Kanji
沸,boil ফুটতে থাকা,,8,817,Jōyō Kanji
戸,door/household দরজা/পরিবার,,4,818,Jōyō Kanji
床,floor/bed  মেঝে/বিছানা,,7,819,Jōyō Kanji
迎,welcome/meet স্বাগত জানানো/অভ্যর্থনা করা,,7,820,Jōyō Kanji
慢,ridicule/neglect  উপহাস করা/অবহেলা করা,,14,821,Jōyō Kanji
踏,step/stamp পদক্ষেপ নেওয়া/পা দিয়ে চাপা,,15,822,Jōyō Kanji
梅,plum  বরই,,10,823,Jōyō Kanji
属,belong/category অন্তর্ভুক্ত হওয়া/শ্রেণি,,12,824,Jōyō Kanji
芸,art/performance  শিল্প/অভিনয়,,7,825,Jōyō Kanji
底,bottom/base তলা/ভিত্তি,,8,826,Jōyō Kanji
典,dictionary/ceremony অভিধান/অনুষ্ঠান,,8,827,Jōyō Kanji
環,ring/circle  বৃত্ত/চক্র,,17,828,Jōyō Kanji
快,pleasant/comfortable আনন্দদায়ক/আরামদায়ক,,7,829,Jōyō Kanji
栄,prosperity/glory  সমৃদ্ধি/গৌরব,,9,830,Jōyō Kanji
縮,shrink/shorten সংকুচিত করা/ছোট করা,,17,831,Jōyō Kanji
頂,top  চূড়া,,11,832,Jōyō Kanji
扱,handle/deal with  সামলানো/ব্যবহার করা,,6,833,Jōyō Kanji
級,class/grade শ্রেণি/গ্রেড,,9,834,Jōyō Kanji
詞,word/lyrics শব্দ/গানের কথা,,12,835,Jōyō Kanji
標,sign/mark চিহ্ন/নির্দেশক,,15,836,Jōyō Kanji
八,eight  আট,,2,837,Jōyō Kanji
千,thousand  এক হাজার,,3,838,Jōyō Kanji
泊,stay overnight  রাতযাপন করা,,8,839,Jōyō Kanji
耳,ear  কান,,6,840,Jōyō Kanji
履,put on/wear পরা,,15,841,Jōyō Kanji
泣,cry  কাঁদা,,8,842,Jōyō Kanji
探,search/explore অনুসন্ধান করা,,11,843,Jōyō Kanji
辛,spicy/hard ঝাল/কঠিন,,7,844,Jōyō Kanji
狭,narrow সরু,,9,845,Jōyō Kanji
駄,burdensome/useless বোঝাস্বরূপ/অপ্রয়োজনীয়,,14,846,Jōyō Kanji
層,layer স্তর,,14,847,Jōyō Kanji
協,cooperate সহযোগিতা করা,,8,848,Jōyō Kanji
泉,spring  ঝরনা,,9,849,Jōyō Kanji
噌,noisy/boisterous কোলাহলপূর্ণ/চঞ্চল,,14,850,Jinmeiyō Kanji
南,south দক্ষিণ,,9,851,Jōyō Kanji
臣,minister/subject  মন্ত্রী/প্রজা,,7,852,Jōyō Kanji
納,pay/accept প্রদান করা/গ্রহণ করা,,10,853,Jōyō Kanji
秀,excellent উৎকৃষ্ট,,7,854,Jōyō Kanji
幾,how many/several কতগুলি/কয়েকটি,,12,855,Jōyō Kanji
押,push চাপ দেওয়া,,8,856,Jōyō Kanji
律,law/rule আইন/নিয়ম,,9,857,Jōyō Kanji
規,rule/standard  নিয়ম/মানদণ্ড,,11,858,Jōyō Kanji
造,make/create  তৈরি করা,,10,859,Jōyō Kanji
輪,wheel/ring চাকা/বৃত্ত,,15,860,Jōyō Kanji
欠,lack/yawn  অভাব/হাই তোলা,,4,861,Jōyō Kanji
移,move/transfer স্থানান্তর করা,,11,862,Jōyō Kanji
椅,chair চেয়ার,,12,863,Jōyō Kanji
般,general/kind সাধারণ/প্রকার,,10,864,Jōyō Kanji
禁,prohibit/ban নিষেধ করা,,13,865,Jōyō Kanji
港,harbor/port বন্দর,,12,866,Jōyō Kanji
功,achievement/merit কৃতিত্ব,,5,867,Jōyō Kanji
群,group/flock দল/ঝাঁক,,13,868,Jōyō Kanji
提,present/carry  উপস্থাপন করা/বহন করা,,12,869,Jōyō Kanji
挙,raise/hold up তোলা/উত্থাপন করা,,10,870,Jōyō Kanji
責,blame/responsibility দোষ দেওয়া/দায়িত্ব,,11,871,Jōyō Kanji
採,collect/adopt  সংগ্রহ করা/গ্রহণ করা,,11,872,Jōyō Kanji
玄,mysterious/deep রহস্যময়/গভীর,,5,873,Jōyō Kanji
評,evaluate/critique মূল্যায়ন করা/সমালোচনা,,12,874,Jōyō Kanji
庫,storehouse/warehouse  গুদাম,,10,875,Jōyō Kanji
救,save/rescue উদ্ধার করা,,11,876,Jōyō Kanji
拾,pick up  কুড়িয়ে নেওয়া,,9,877,Jōyō Kanji
波,wave  ঢেউ,,8,878,Jōyō Kanji
隠,hide/conceal লুকানো,,14,879,Jōyō Kanji
秘,secret গোপন,,10,880,Jōyō Kanji
輸,transport  পরিবহন করা,,16,881,Jōyō Kanji
刊,publish/edition প্রকাশ করা/সংস্করণ,,5,882,Jōyō Kanji
農,farming/agriculture কৃষিকাজ/কৃষি,,13,883,Jōyō Kanji
導,guide/lead  পথ দেখানো/নেতৃত্ব দেওয়া,,15,884,Jōyō Kanji
惑,confuse/perplex  বিভ্রান্ত করা,,12,885,Jōyō Kanji
招,invite/summon  আমন্ত্রণ করা/ডাকা,,8,886,Jōyō Kanji
涙,tear অশ্রু,,10,887,Jōyō Kanji
乾,dry  শুকনো,,11,888,Jōyō Kanji
血,blood রক্ত,,6,889,Jōyō Kanji
装,dress/equip  পোশাক পরানো/সজ্জিত করা,,12,890,Jōyō Kanji
弾,bullet/play弹 গুলি/বাদ্যযন্ত্র বাজানো,,12,891,Jōyō Kanji
糸,thread সুতা,,6,892,Jōyō Kanji
畑,farm  খেত,,9,893,Jōyō Kanji
臭,smell  দুর্গন্ধ,,9,894,Jōyō Kanji
飾,decorate/decorations সাজানো/সজ্জা,,13,895,Jōyō Kanji
丁,street    রাস্তা,,2,896,Jōyō Kanji
幼,young/childish অল্পবয়সী/শিশুসুলভ,,5,897,Jōyō Kanji
老,old/aged বৃদ্ধ/পুরনো,,6,898,Jōyō Kanji
踊,dance নাচা,,14,899,Jōyō Kanji
蝶,butterfly  প্রজাপতি,,15,900,Jinmeiyō Kanji
憎,hate  ঘৃণা করা,,14,901,Jōyō Kanji
齢,age বয়স,,17,902,Jōyō Kanji
君,you/lord তুমি/প্রভু,,7,903,Jōyō Kanji
将,leader/future  নেতা/ভবিষ্যৎ,,10,904,Jōyō Kanji
香,fragrance সুগন্ধ,,9,905,Jōyō Kanji
源,source    উৎস,,13,906,Jōyō Kanji
粉,flour/powder ময়দা/গুঁড়া,,10,907,Jōyō Kanji
到,arrive/reach  পৌঁছানো,,8,908,Jōyō Kanji
揃,gather/complete জড়ো করা/সম্পূর্ণ করা,,12,909,Jinmeiyō Kanji
築,build নির্মাণ করা,,16,910,Jōyō Kanji
像,image/figure ছবি/প্রতিমূর্তি,,14,911,Jōyō Kanji
端,end/edge প্রান্ত/শেষ,,14,912,Jōyō Kanji
逆,opposite/reverse বিপরীত/উল্টো,,9,913,Jōyō Kanji
援,aid/support সাহায্য/সমর্থন,,12,914,Jōyō Kanji
爆,explode/explosion বিস্ফোরিত হওয়া/বিস্ফোরণ,,19,915,Jōyō Kanji
染,dye/stain  রং করা/দাগ লাগা,,9,916,Jōyō Kanji
衛,defend/guard রক্ষা করা/প্রহরা দেওয়া,,16,917,Jōyō Kanji
誤,mistake/error ভুল/ত্রুটি,,14,918,Jōyō Kanji
操,operate/manipulate  পরিচালনা করা/নিয়ন্ত্রণ করা,,16,919,Jōyō Kanji
抜,pull out/omit  টেনে বের করা/বাদ দেওয়া,,7,920,Jōyō Kanji
著,write/publish লেখা/প্রকাশ করা,,11,921,Jōyō Kanji
毒,poison বিষ,,8,922,Jōyō Kanji
叔,uncle  চাচা/মামা,,8,923,Jōyō Kanji
系,system/line ব্যবস্থা/ধারা,,7,924,Jōyō Kanji
柄,handle/pattern হাতল/নকশা,,9,925,Jōyō Kanji
荒,rough/wild  রুক্ষ/বুনো,,9,926,Jōyō Kanji
浜,beach/shore সমুদ্রতীর/তীর,,10,927,Jōyō Kanji
麦,wheat/barley গম/যব,,7,928,Jōyō Kanji
雄,male/heroic  পুরুষ/বীরত্বপূর্ণ,,12,929,Jōyō Kanji
児,newborn babe    নবজাতক শিশু,,7,930,Jōyō Kanji
庁,government office  সরকারি দপ্তর,,5,931,Jōyō Kanji
汗,sweat ঘাম,,6,932,Jōyō Kanji
帳,notebook/account book খাতা/হিসাবের বই,,11,933,Jōyō Kanji
猿,monkey  বানর,,13,934,Jōyō Kanji
載,載せる/load/publish  বোঝাই করা/প্রকাশ করা,,13,935,Jōyō Kanji
酸,sour/acid টক/অম্ল,,14,936,Jōyō Kanji
腰,waist/hip কোমর/নিতম্ব,,13,937,Jōyō Kanji
浴,bathe  গোসল করা,,10,938,Jōyō Kanji
鼻,nose  নাক,,14,939,Jōyō Kanji
奇,strange  অদ্ভুত,,8,940,Jōyō Kanji
封,seal  সিল করা,,9,941,Jōyō Kanji
奥,inner part/depth ভিতরের অংশ/গভীরতা,,12,942,Jōyō Kanji
撲,hit/strike আঘাত করা,,15,943,Jōyō Kanji
貯,save/store  সঞ্চয় করা/জমা রাখা,,12,944,Jōyō Kanji
森,forest  বন,,12,945,Jōyō Kanji
鍵,key চাবি,,17,946,Jōyō Kanji
詩,poem  কবিতা,,13,947,Jōyō Kanji
柱,pillar  স্তম্ভ,,9,948,Jōyō Kanji
御,honorific/polite সম্মানসূচক/ভদ্র,,12,949,Jōyō Kanji
企,plan/attempt  পরিকল্পনা করা/চেষ্টা করা,,6,950,Jōyō Kanji
坂,slope/hill  ঢাল/পাহাড়ি রাস্তা,,7,951,Jōyō Kanji
袋,bag ব্যাগ/থলে,,11,952,Jōyō Kanji
胃,stomach  পাকস্থলী,,9,953,Jōyō Kanji
普,general/widespread সাধারণ/ব্যাপক,,12,954,Jōyō Kanji
酔,drunk মাতাল,,11,955,Jōyō Kanji
宇,eaves/space কার্নিশ/মহাকাশ,,6,956,Jōyō Kanji
宙,midair/space আকাশ/মহাকাশ,,8,957,Jōyō Kanji
況,condition  অবস্থা,,8,958,Jōyō Kanji
候,climate/season জলবায়ু/ঋতু,,10,959,Jōyō Kanji
管,pipe/tube নল/পাইপ,,14,960,Jōyō Kanji
殺,kill হত্যা করা,,10,961,Jōyō Kanji
氷,ice  বরফ,,5,962,Jōyō Kanji
揺,shake/sway দোলানো/কাঁপানো,,12,963,Jōyō Kanji
密,dense/secret  ঘন/গোপন,,11,964,Jōyō Kanji
致,cause/do  ঘটানো/করা,,10,965,Jōyō Kanji
周,around/circumference  চারপাশ/পরিধি,,8,966,Jōyō Kanji
幅,width  প্রস্থ,,12,967,Jōyō Kanji
房,room/bunch কক্ষ/গুচ্ছ,,8,968,Jōyō Kanji
討,attack/discuss  আক্রমণ করা/আলোচনা করা,,10,969,Jōyō Kanji
泥,mud কাদা,,8,970,Jōyō Kanji
貼,paste/stick লাগানো/সেঁটে দেওয়া,,12,971,Jōyō Kanji
削,shave  কেটে কমানো,,9,972,Jōyō Kanji
緩,loose/slow ঢিলা/ধীর,,15,973,Jōyō Kanji
困,trouble/distress  বিপদে পড়া/কষ্ট পাওয়া,,7,974,Jōyō Kanji
乏,lack/scarce অভাব/দুর্লভ,,4,975,Jōyō Kanji
射,shoot/emit ছোড়া/নিক্ষেপ করা,,10,976,Jōyō Kanji
看,watch/care for  দেখা/যত্ন নেওয়া,,9,977,Jōyō Kanji
贈,give/present  উপহার দেওয়া,,18,978,Jōyō Kanji
燃,burn  জ্বলা/পোড়া,,16,979,Jōyō Kanji
岸,shore/bank তীর/পাড়,,8,980,Jōyō Kanji
吹,blow  ফুঁ দেওয়া,,7,981,Jōyō Kanji
枝,branch  শাখা/ডাল,,8,982,Jōyō Kanji
珍,rare/precious বিরল/মূল্যবান,,9,983,Jōyō Kanji
鏡,mirror  আয়না,,19,984,Jōyō Kanji
賢,wise জ্ঞানী,,16,985,Jōyō Kanji
鍋,pot/pan হাঁড়ি/পাতিল,,17,986,Jōyō Kanji
濡,get wet/wet ভিজে যাওয়া/ভেজা,,17,987,Jinmeiyō Kanji
灰,ashes  ছাই,,6,988,Jōyō Kanji
儀,ceremony/rite অনুষ্ঠান/আচার,,15,989,Jōyō Kanji
眼,eye চোখ,,11,990,Jōyō Kanji
陰,shade/shadow ছায়া/অন্ধকার,,11,991,Jōyō Kanji
敬,respect  সম্মান করা,,12,992,Jōyō Kanji
傘,umbrella ছাতা,,12,993,Jōyō Kanji
賀,congratulations অভিনন্দন,,12,994,Jōyō Kanji
袖,sleeve হাতার অংশ,,10,995,Jōyō Kanji
至,reach/arrive  পৌঁছানো,,6,996,Jōyō Kanji
避,avoid/evade এড়িয়ে চলা,,16,997,Jōyō Kanji
県,prefecture  প্রিফেকচার/প্রদেশ,,9,998,Jōyō Kanji
志,will/ambition  ইচ্ছা/আকাঙ্ক্ষা,,7,999,Jōyō Kanji
悩,worry/trouble দুশ্চিন্তা করা/বিপদে ফেলা,,10,1000,Jōyō Kanji
益,benefit/profit উপকার/লাভ,,10,1001,Jōyō Kanji
福,fortune/luck সৌভাগ্য,,13,1002,Jōyō Kanji
精,spirit/essence আত্মা/সারাংশ,,14,1003,Jōyō Kanji
含,contain/include ধারণ করা/অন্তর্ভুক্ত করা,,7,1004,Jōyō Kanji
勘,intuition/judgment অন্তর্দৃষ্টি/বিচারবোধ,,11,1005,Jōyō Kanji
軍,army  সেনাবাহিনী,,9,1006,Jōyō Kanji
浮,float  ভাসা,,10,1007,Jōyō Kanji
貴,precious/noble মূল্যবান/সম্মানিত,,12,1008,Jōyō Kanji
臓,organ অঙ্গ,,19,1009,Jōyō Kanji
湿,damp/moist স্যাঁতসেঁতে/আর্দ্র,,12,1010,Jōyō Kanji
跡,trace/remains চিহ্ন/অবশেষ,,13,1011,Jōyō Kanji
墓,grave  কবর,,13,1012,Jōyō Kanji
卓,table  টেবিল,,8,1013,Jōyō Kanji
継,continue/succeed উত্তরাধিকারী হওয়া/চালিয়ে যাওয়া,,13,1014,Jōyō Kanji
貨,goods/commodity পণ্য,,11,1015,Jōyō Kanji
滞,stay/delay  অবস্থান করা/বিলম্ব করা,,13,1016,Jōyō Kanji
略,abbreviation/strategy  সংক্ষিপ্ত রূপ/কৌশল,,11,1017,Jōyō Kanji
圧,pressure  চাপ,,5,1018,Jōyō Kanji
了,complete  সম্পন্ন,,2,1019,Jōyō Kanji
翌,next/following  পরবর্তী,,11,1020,Jōyō Kanji
照,shine  জ্বলা,,13,1021,Jōyō Kanji
診,examine/diagnose পরীক্ষা করা/রোগ নির্ণয় করা,,12,1022,Jōyō Kanji
衣,clothing  পোশাক,,6,1023,Jōyō Kanji
訓,instruction/lesson  নির্দেশনা/শিক্ষা,,10,1024,Jōyō Kanji
舎,building/lodging  ভবন/আবাস,,8,1025,Jōyō Kanji
勇,courage/brave সাহস/সাহসী,,9,1026,Jōyō Kanji
肌,skin  ত্বক,,6,1027,Jōyō Kanji
抱,embrace/hold  জড়িয়ে ধরা/ধরে রাখা,,8,1028,Jōyō Kanji
句,phrase  বাক্যাংশ,,5,1029,Jōyō Kanji
仏,Buddha বুদ্ধ,,4,1030,Jōyō Kanji
俺,I/me (male) আমি/আমাকে (পুরুষের অনানুষ্ঠানিক),,10,1031,Jōyō Kanji
屈,yield/bend নত হওয়া/বাঁকানো,,8,1032,Jōyō Kanji
漏,leak/omit চুইয়ে পড়া/বাদ দেওয়া,,14,1033,Jōyō Kanji
豊,abundant/rich প্রচুর/সমৃদ্ধ,,13,1034,Jōyō Kanji
盆,tray/basin ট্রে/পাত্র,,9,1035,Jōyō Kanji
六,six  ছয়,,4,1036,Jōyō Kanji
孫,grandchild নাতি/নাতনি,,10,1037,Jōyō Kanji
冊,volume/book খণ্ড/বই,,5,1038,Jōyō Kanji
懸,hang/suspend ঝুলানো/স্থগিত করা,,20,1039,Jōyō Kanji
鉛,lead  সীসা,,13,1040,Jōyō Kanji
拭,wipe মুছে ফেলা,,9,1041,Jōyō Kanji
曇,cloudy  মেঘলা,,16,1042,Jōyō Kanji
黄,yellow হলুদ,,11,1043,Jōyō Kanji
胸,chest/breast বুক,,10,1044,Jōyō Kanji
触,touch/contact স্পর্শ করা/যোগাযোগ করা,,13,1045,Jōyō Kanji
喉,throat গলা,,12,1046,Jōyō Kanji
汁,soup    স্যুপ,,5,1047,Jōyō Kanji
林,grove/woods  বন/বৃক্ষসমষ্টি,,8,1048,Jōyō Kanji
州,province  প্রদেশ,,6,1049,Jōyō Kanji
橋,bridge  সেতু,,16,1050,Jōyō Kanji
携,carry/portable  বহন করা/সঙ্গে নেওয়া,,13,1051,Jōyō Kanji
符,token/sign চিহ্ন/প্রতীক,,11,1052,Jōyō Kanji
脱,remove/escape  খুলে ফেলা/পালিয়ে যাওয়া,,11,1053,Jōyō Kanji
帽,hat/cap  টুপি,,12,1054,Jōyō Kanji
施,perform/give প্রয়োগ করা/দেওয়া,,9,1055,Jōyō Kanji
馬,horse ঘোড়া,,10,1056,Jōyō Kanji
策,plan/measure পরিকল্পনা/ব্যবস্থা,,12,1057,Jōyō Kanji
補,supplement/repair পূরণ করা/মেরামত করা,,12,1058,Jōyō Kanji
革,leather/reform চামড়া/সংস্কার,,9,1059,Jōyō Kanji
織,weave/cloth বোনা/বস্ত্র,,18,1060,Jōyō Kanji
拡,expand  প্রসারিত করা,,8,1061,Jōyō Kanji
契,pledge/contract চুক্তি/অঙ্গীকার,,9,1062,Jōyō Kanji
渉,cross/negotiate  পার হওয়া/আলোচনা করা,,11,1063,Jōyō Kanji
条,clause/article  ধারা/অনুচ্ছেদ,,7,1064,Jōyō Kanji
僚,colleague/official সহকর্মী/কর্মকর্তা,,14,1065,Jōyō Kanji
蔵,storehouse গুদাম/ভাণ্ডার,,15,1066,Jōyō Kanji
逮,arrest গ্রেপ্তার করা,,11,1067,Jōyō Kanji
競,compete  প্রতিযোগিতা করা,,20,1068,Jōyō Kanji
捨,throw away/abandon  ফেলে দেওয়া/ত্যাগ করা,,11,1069,Jōyō Kanji
凍,freeze  জমে যাওয়া,,10,1070,Jōyō Kanji
繰,repeat/operate পুনরাবৃত্তি করা/পরিচালনা করা,,19,1071,Jōyō Kanji
暇,free time/leisure অবসর/ফাঁকা সময়,,13,1072,Jōyō Kanji
模,model/pattern  মডেল/নকশা,,14,1073,Jōyō Kanji
厚,thick  পুরু,,9,1074,Jōyō Kanji
謝,thank/apologize ধন্যবাদ দেওয়া/ক্ষমা চাওয়া,,17,1075,Jōyō Kanji
嘘,lie/falsehood মিথ্যা/মিথ্যাচার,,14,1076,Jinmeiyō Kanji
処,deal with/place  মোকাবিলা করা/স্থান,,5,1077,Jōyō Kanji
籍,register/record নিবন্ধন/নথি,,20,1078,Jōyō Kanji
与,give/provide দেওয়া/প্রদান করা,,3,1079,Jōyō Kanji
傾,lean/incline হেলে পড়া/ঝোঁকা,,13,1080,Jōyō Kanji
撃,attack/shoot  আক্রমণ করা/গুলি করা,,15,1081,Jōyō Kanji
偉,great/remarkable মহান/অসাধারণ,,12,1082,Jōyō Kanji
爪,claw/nail  নখ/থাবার নখ,,4,1083,Jōyō Kanji
憩,rest  বিশ্রাম নেওয়া,,16,1084,Jōyō Kanji
井,well কূপ,,4,1085,Jōyō Kanji
炊,cook  রান্না করা,,8,1086,Jōyō Kanji
暦,calendar  ক্যালেন্ডার,,14,1087,Jōyō Kanji
匂,scent/smell গন্ধ/সুবাস,,4,1088,Jōyō Kanji
旗,flag পতাকা,,14,1089,Jōyō Kanji
干,dry/interfere শুকানো/হস্তক্ষেপ করা,,3,1090,Jōyō Kanji
乳,milk/breast  দুধ/স্তন,,8,1091,Jōyō Kanji
穴,hole গর্ত,,5,1092,Jōyō Kanji
缶,can/tin ক্যান/ধাতব পাত্র,,6,1093,Jōyō Kanji
腐,rot/decay পচা/পচন,,14,1094,Jōyō Kanji
敷,spread/lay বিছানো/পাতা,,15,1095,Jōyō Kanji
堂,hall  হলঘর,,11,1096,Jōyō Kanji
章,chapter/badge  অধ্যায়/ব্যাজ,,11,1097,Jōyō Kanji
賑,busy/lively প্রাণবন্ত/ব্যস্ত,,14,1098,Jinmeiyō Kanji
磨,polish/grind  পালিশ করা/ঘষা,,16,1099,Jōyō Kanji
箸,chopsticks চপস্টিক,,15,1100,Jōyō Kanji
欧,Europe ইউরোপ,,8,1101,Jōyō Kanji
清,clear/pure পরিষ্কার/বিশুদ্ধ,,11,1102,Jōyō Kanji
潔,pure/clean বিশুদ্ধ/পরিষ্কার,,15,1103,Jōyō Kanji
噴,spout/spray ছিটানো/উদ্গীরণ করা,,15,1104,Jōyō Kanji
衝,collide/shock সংঘর্ষ করা/ধাক্কা,,15,1105,Jōyō Kanji
沿,along/follow  বরাবর চলা/অনুসরণ করা,,8,1106,Jōyō Kanji
溶,dissolve/melt  দ্রবীভূত করা/গলানো,,13,1107,Jōyō Kanji
騙,deceive/cheat প্রতারণা করা/ঠকানো,,19,1108,Jinmeiyō Kanji
鮮,fresh/vivid  তাজা/উজ্জ্বল,,17,1109,Jōyō Kanji
擦,rub/擦া ঘষা,,17,1110,Jōyō Kanji
剤,medicine/agent ওষুধ/উপাদান,,10,1111,Jōyō Kanji
穏,calm/gentle শান্ত/নম্র,,16,1112,Jōyō Kanji
臨,face/confront সম্মুখীন হওয়া,,18,1113,Jōyō Kanji
均,equal  সমান,,7,1114,Jōyō Kanji
請,request/ask অনুরোধ করা/চাওয়া,,15,1115,Jōyō Kanji
症,symptom/condition উপসর্গ/অবস্থা,,10,1116,Jōyō Kanji
悔,regret  অনুতাপ করা,,9,1117,Jōyō Kanji
誠,sincerity/truth  আন্তরিকতা/সত্য,,13,1118,Jōyō Kanji
硬,hard  শক্ত,,12,1119,Jōyō Kanji
委,entrust/committee অর্পণ করা/কমিটি,,8,1120,Jōyō Kanji
叫,shout/cry চিৎকার করা,,6,1121,Jōyō Kanji
欄,column/section কলাম/অংশ,,20,1122,Jōyō Kanji
郊,suburb/outskirts শহরতলি/শহরের প্রান্ত,,9,1123,Jōyō Kanji
賛,praise/approve  প্রশংসা করা/অনুমোদন করা,,15,1124,Jōyō Kanji
脳,brain মস্তিষ্ক,,11,1125,Jōyō Kanji
添,add/append  যোগ করা,,11,1126,Jōyō Kanji
推,push/recommend  ঠেলা দেওয়া/সুপারিশ করা,,11,1127,Jōyō Kanji
官,government official/office সরকারি কর্মকর্তা/দপ্তর,,8,1128,Jōyō Kanji
駆,run/drive তাড়ানো/দৌড়ানো,,14,1129,Jōyō Kanji
捜,search খোঁজা,,10,1130,Jōyō Kanji
崖,cliff খাড়া পাহাড়/খাদ,,11,1131,Jōyō Kanji
崩,collapse/crumble  ধসে পড়া/ভেঙে পড়া,,11,1132,Jōyō Kanji
沖,open sea  গভীর সমুদ্র,,7,1133,Jōyō Kanji
謎,riddle/mystery ধাঁধা/রহস্য,,16,1134,Jōyō Kanji
王,king  রাজা,,4,1135,Jōyō Kanji
渋,rough/astringent কষা/তিক্ত,,11,1136,Jōyō Kanji
版,edition/printing সংস্করণ/মুদ্রণ,,8,1137,Jōyō Kanji
嵐,storm  ঝড়,,12,1138,Jōyō Kanji
裁,cut/judge  কাটা/বিচার করা,,12,1139,Jōyō Kanji
岩,rock  পাথর/শিলা,,8,1140,Jōyō Kanji
枯,wither  শুকিয়ে যাওয়া,,9,1141,Jōyō Kanji
液,liquid তরল,,11,1142,Jōyō Kanji
編,compile/edit সংকলন/সম্পাদনা,,15,1143,Jōyō Kanji
刑,punishment/penalty  শাস্তি,,6,1144,Jōyō Kanji
微,slight/subtle সামান্য/সূক্ষ্ম,,13,1145,Jōyō Kanji
釘,nail পেরেক,,10,1146,Jinmeiyō Kanji
範,model/example আদর্শ/নমুনা,,15,1147,Jōyō Kanji
緊,tight/tense আঁটসাঁট/উদ্বিগ্ন,,15,1148,Jōyō Kanji
隊,group/unit দল/ইউনিট,,12,1149,Jōyō Kanji
敢,daring/brave  সাহসী/দুঃসাহসী,,12,1150,Jōyō Kanji
旬,ten-day period  দশ দিনের সময়কাল,,6,1151,Jōyō Kanji
姓,family name পদবি/পারিবারিক নাম,,8,1152,Jōyō Kanji
焦,scorch/worry  পুড়ে যাওয়া/উদ্বিগ্ন হওয়া,,12,1153,Jōyō Kanji
輩,fellow/group লোকজন/দল,,15,1154,Jōyō Kanji
掘,dig খনন করা,,11,1155,Jōyō Kanji
善,good/goodness ভালো/কল্যাণ,,12,1156,Jōyō Kanji
噂,gossip/rumor গুজব/পরচর্চা,,15,1157,Jinmeiyō Kanji
灯,lamp  বাতি,,6,1158,Jōyō Kanji
屑,scrap/worthless খুচরা অংশ/তুচ্ছ,,10,1159,Jinmeiyō Kanji
漬,pickle/soak আচার করা/ভিজিয়ে রাখা,,14,1160,Jōyō Kanji
膨,swell/expand ফুলে ওঠা/প্রসারিত হওয়া,,16,1161,Jōyō Kanji
罪,crime/sin অপরাধ/পাপ,,13,1162,Jōyō Kanji
懐,nostalgia/pocket  স্মৃতিকাতরতা/পকেট,,16,1163,Jōyō Kanji
縦,vertical/lengthwise উল্লম্ব/লম্বালম্বি,,16,1164,Jōyō Kanji
損,loss/damage  ক্ষতি/লোকসান,,13,1165,Jōyō Kanji
兵,soldier/military সৈনিক/সামরিক,,7,1166,Jōyō Kanji
径,path/diameter পথ/ব্যাস,,8,1167,Jōyō Kanji
煮,boil/cook সিদ্ধ করা/রান্না করা,,12,1168,Jōyō Kanji
嫁,bride/daughter-in-law  কনে/পুত্রবধূ,,13,1169,Jōyō Kanji
罰,punishment/penalty  শাস্তি/জরিমানা,,14,1170,Jōyō Kanji
溜,drip/accumulate চুইয়ে পড়া/জমা হওয়া,,13,1171,Jinmeiyō Kanji
凝,congeal/concentrate জমাট বাঁধা/মনোযোগ কেন্দ্রীভূত করা,,16,1172,Jōyō Kanji
億,hundred million দশ কোটি,,15,1173,Jōyō Kanji
筒,tube নল,,12,1174,Jōyō Kanji
氏,family name/surname বংশনাম/পদবি,,4,1175,Jōyō Kanji
喧,noisy/loud কোলাহলপূর্ণ/শোরগোলপূর্ণ,,12,1176,Jinmeiyō Kanji
嘩,noisy/uproarious কোলাহলপূর্ণ/হট্টগোলপূর্ণ,,13,1177,Jinmeiyō Kanji
批,criticize/approve  সমালোচনা করা/অনুমোদন করা,,7,1178,Jōyō Kanji
浅,shallow  অগভীর,,9,1179,Jōyō Kanji
紀,chronicle/era ইতিহাস/যুগ,,9,1180,Jōyō Kanji
貿,trade বাণিজ্য,,12,1181,Jōyō Kanji
塗,paint/coating রং করা/প্রলেপ,,13,1182,Jōyō Kanji
糖,sugar চিনি,,16,1183,Jōyō Kanji
濃,dark/thick ঘন/গাঢ়,,16,1184,Jōyō Kanji
誘,invite/entice আমন্ত্রণ করা/প্রলুব্ধ করা,,14,1185,Jōyō Kanji
占,divine  ভবিষ্যৎ গণনা করা,,5,1186,Jōyō Kanji
恥,shame  লজ্জা,,10,1187,Jōyō Kanji
患,suffer/afflict  ভোগা/আক্রান্ত হওয়া,,11,1188,Jōyō Kanji
述,state/mention বর্ণনা করা/উল্লেখ করা,,8,1189,Jōyō Kanji
訴,sue/appeal মামলা করা/অভিযোগ করা,,12,1190,Jōyō Kanji
掲,post/display  প্রকাশ করা/প্রদর্শন করা,,11,1191,Jōyō Kanji
及,reach/and  পৌঁছানো/এবং,,3,1192,Jōyō Kanji
滑,slip/smooth পিছলে যাওয়া/মসৃণ,,13,1193,Jōyō Kanji
徴,sign/collect চিহ্ন/আদায় করা,,14,1194,Jōyō Kanji
牧,pasture/herd  চারণভূমি/পশুর পাল,,8,1195,Jōyō Kanji
抵,resist/oppose প্রতিরোধ করা/বিরোধ করা,,8,1196,Jōyō Kanji
怖,scary/fear  ভয়ঙ্কর/ভয় পাওয়া,,8,1197,Jōyō Kanji
綿,cotton তুলা,,14,1198,Jōyō Kanji
喫,consume/smoke গ্রহণ করা/ধূমপান করা,,12,1199,Jōyō Kanji
怠,lazy/negligent  অলস/অবহেলাপূর্ণ,,9,1200,Jōyō Kanji
扇,fan পাখা,,10,1201,Jōyō Kanji
豚,pig  শূকর,,11,1202,Jōyō Kanji
拍,clap/beat  হাততালি দেওয়া/আঘাত করা,,8,1203,Jōyō Kanji
巡,patrol/go around  টহল দেওয়া/ঘুরে বেড়ানো,,6,1204,Jōyō Kanji
冗,superfluous  অপ্রয়োজনীয়,,4,1205,Jōyō Kanji
寧,rather/peaceful  বরং/শান্তিপূর্ণ,,14,1206,Jōyō Kanji
稚,immature অপরিণত,,13,1207,Jōyō Kanji
畳,tatami/fold তাতামি/ভাঁজ করা,,12,1208,Jōyō Kanji
尊,respect/honor সম্মান করা/সম্মান,,12,1209,Jōyō Kanji
雷,thunder/lightning  বজ্রধ্বনি/বজ্রপাত,,13,1210,Jōyō Kanji
零,zero/empty শূন্য,,13,1211,Jōyō Kanji
魔,demon/evil দানব/অশুভ শক্তি,,21,1212,Jōyō Kanji
紫,purple বেগুনি,,12,1213,Jōyō Kanji
慮,consider/concern বিবেচনা করা/চিন্তা করা,,15,1214,Jōyō Kanji
叱,scold বকা দেওয়া,,5,1215,Jōyō Kanji
嬢,young woman/maiden তরুণী/কুমারী,,16,1216,Jōyō Kanji
巻,scroll/roll প্যাঁচ/গুটানো,,9,1217,Jōyō Kanji
廊,corridor/hallway করিডোর/বারান্দা,,12,1218,Jōyō Kanji
旦,dawn  ভোর,,5,1219,Jōyō Kanji
凄,terrible/awesome ভয়ংকর/অসাধারণ,,10,1220,Jōyō Kanji
噛,bite/chew কামড়ানো/চিবানো,,15,1221,Jinmeiyō Kanji
姪,niece ভাগ্নি/ভাতিজি,,9,1222,Jinmeiyō Kanji
鞄,bag/briefcase ব্যাগ/ব্রিফকেস,,14,1223,Jinmeiyō Kanji
詣,visit a shrine/temple মন্দিরে যাওয়া,,13,1224,Jōyō Kanji
騰,rise/soar বৃদ্ধি পাওয়া/দ্রুত বেড়ে ওঠা,,20,1225,Jōyō Kanji
掌,palm/handle  হাতের তালু/পরিচালনা করা,,12,1226,Jōyō Kanji
倍,double/times দ্বিগুণ/গুণ,,10,1227,Jōyō Kanji
宝,treasure  ধনরত্ন,,8,1228,Jōyō Kanji
冒,risk  ঝুঁকি নেওয়া,,9,1229,Jōyō Kanji
摩,rub/friction  ঘষা/ঘর্ষণ,,15,1230,Jōyō Kanji
稼,earn/income উপার্জন করা/আয়,,15,1231,Jōyō Kanji
揮,swing/direct  নাড়ানো/নির্দেশ দেওয়া,,12,1232,Jōyō Kanji
唱,sing  গান গাওয়া,,11,1233,Jōyō Kanji
副,assistant  সহকারী,,11,1234,Jōyō Kanji
憶,remember/memory  মনে রাখা/স্মৃতি,,16,1235,Jōyō Kanji
没,drown/disappear  ডুবে যাওয়া/অদৃশ্য হওয়া,,7,1236,Jōyō Kanji
咳,cough কাশি,,9,1237,Jinmeiyō Kanji
閣,cabinet/tower মন্ত্রিসভা/দালান,,14,1238,Jōyō Kanji
雇,employ নিয়োগ করা,,12,1239,Jōyō Kanji
滝,waterfall  জলপ্রপাত,,13,1240,Jōyō Kanji
永,eternal  চিরস্থায়ী,,5,1241,Jōyō Kanji
奮,exert/rouse  উদ্যম করা/উৎসাহিত করা,,16,1242,Jōyō Kanji
柿,persimmon পার্সিমন ফল,,9,1243,Jōyō Kanji
宛,addressed to/recipient বরাবর/প্রাপক,,8,1244,Jōyō Kanji
項,item বিষয়,,12,1245,Jōyō Kanji
刷,print/brush মুদ্রণ করা/ব্রাশ করা,,8,1246,Jōyō Kanji
概,roughly/outline মোটামুটি/সারাংশ,,14,1247,Jōyō Kanji
序,order/preface ক্রম/ভূমিকা,,7,1248,Jōyō Kanji
祉,welfare কল্যাণ,,8,1249,Jōyō Kanji
既,already ইতিমধ্যে,,10,1250,Jōyō Kanji
漁,fishery  মৎস্য শিকার,,14,1251,Jōyō Kanji
峠,mountain pass  পাহাড়ি গিরিপথ,,9,1252,Jōyō Kanji
透,pass through/transparent ভেদ করে যাওয়া/স্বচ্ছ,,10,1253,Jōyō Kanji
拠,basis/evidence  ভিত্তি/প্রমাণ,,8,1254,Jōyō Kanji
純,pure বিশুদ্ধ,,10,1255,Jōyō Kanji
承,accept/consent গ্রহণ করা/সম্মতি দেওয়া,,8,1256,Jōyō Kanji
燥,dry  শুকনো করা,,17,1257,Jōyō Kanji
刃,blade  ধারালো ফলক,,3,1258,Jōyō Kanji
療,treat/therapy চিকিৎসা করা/চিকিৎসা,,17,1259,Jōyō Kanji
襲,attack/raid আক্রমণ করা/হানা দেওয়া,,22,1260,Jōyō Kanji
促,urge/prompt তাগাদা দেওয়া,,9,1261,Jōyō Kanji
殊,especially/different  বিশেষভাবে/ভিন্ন,,10,1262,Jōyō Kanji
皇,emperor  সম্রাট,,9,1263,Jōyō Kanji
勧,recommend উৎসাহিত করা/সুপারিশ করা,,13,1264,Jōyō Kanji
飼,raise/feed পোষা/খাওয়ানো,,13,1265,Jōyō Kanji
核,nucleus/core কেন্দ্র/মূল,,10,1266,Jōyō Kanji
銃,gun/firearm  বন্দুক/আগ্নেয়াস্ত্র,,14,1267,Jōyō Kanji
抗,resist/oppose  প্রতিরোধ করা/বিরোধিতা করা,,7,1268,Jōyō Kanji
威,authority/power  কর্তৃত্ব/শক্তি,,9,1269,Jōyō Kanji
否,no/deny না/অস্বীকার করা,,7,1270,Jōyō Kanji
鑑,model/example/inspect আদর্শ/নমুনা/পরিদর্শন করা,,23,1271,Jōyō Kanji
鐘,bell  ঘণ্টা,,20,1272,Jōyō Kanji
亀,turtle  কচ্ছপ,,11,1273,Jōyō Kanji
脂,fat/grease  চর্বি/তেল,,10,1274,Jōyō Kanji
腸,intestine  অন্ত্র,,13,1275,Jōyō Kanji
芝,lawn/turf ঘাসের মাঠ/ঘাস,,6,1276,Jōyō Kanji
慌,panic/hurry  ঘাবড়ে যাওয়া/তাড়াহুড়ো করা,,12,1277,Jōyō Kanji
裂,split/tear  ছিঁড়ে যাওয়া/ফাটানো,,12,1278,Jōyō Kanji
瞬,moment/blink  মুহূর্ত/চোখের পলক,,18,1279,Jōyō Kanji
跳,jump লাফ দেওয়া,,13,1280,Jōyō Kanji
拝,worship/bow পূজা করা/নত হওয়া,,8,1281,Jōyō Kanji
抑,suppress/repress দমন করা,,7,1282,Jōyō Kanji
偶,accidental/couple আকস্মিক/জোড়া,,11,1283,Jōyō Kanji
偏,biased/one-sided পক্ষপাতদুষ্ট/একপেশে,,11,1284,Jōyō Kanji
遍,everywhere/all over সর্বত্র/সমগ্র,,12,1285,Jōyō Kanji
惜,regret/be frugal আফসোস করা/সাশ্রয়ী হওয়া,,11,1286,Jōyō Kanji
恨,resentment/hatred ক্ষোভ/ঘৃণা,,9,1287,Jōyō Kanji
絞,strangle/squeeze শ্বাসরোধ করা/চেপে ধরা,,12,1288,Jōyō Kanji
卑,low/vile নীচু/হীন,,9,1289,Jōyō Kanji
砕,crush  চূর্ণ করা,,9,1290,Jōyō Kanji
貝,shell  ঝিনুকের খোলস,,7,1291,Jōyō Kanji
丘,hill পাহাড়ি ঢিবি,,5,1292,Jōyō Kanji
霧,fog কুয়াশা,,19,1293,Jōyō Kanji
銭,money/coin  টাকা/মুদ্রা,,14,1294,Jōyō Kanji
童,child  শিশু,,12,1295,Jōyō Kanji
埋,bury/fill  পুঁতে ফেলা/ভরাট করা,,10,1296,Jōyō Kanji
祈,pray প্রার্থনা করা,,8,1297,Jōyō Kanji
甥,nephew ভাগ্নে/ভাতিজা,,13,1298,Jinmeiyō Kanji
網,net/judicial network জাল/নেটওয়ার্ক,,14,1299,Jōyō Kanji
涯,horizon    দিগন্ত,,11,1300,Jōyō Kanji
奏,play music/perform বাদ্যযন্ত্র বাজানো/পরিবেশন করা,,9,1301,Jōyō Kanji
郷,hometown/village জন্মভূমি/গ্রাম,,11,1302,Jōyō Kanji
掻,scratch/scrape আঁচড়ানো/চুলকানো,,11,1303,Jinmeiyō Kanji
憧,longing/admiration আকাঙ্ক্ষা/মুগ্ধতা,,15,1304,Jōyō Kanji
汲,draw water/fetch জল তোলা/আনা,,7,1305,Jinmeiyō Kanji
苛,severe/harsh কঠোর/নির্দয়,,8,1306,Jōyō Kanji
詫,apologize/excuse ক্ষমা চাওয়া/অজুহাত,,13,1307,Jinmeiyō Kanji
恵,blessing/favor  আশীর্বাদ/অনুগ্রহ,,10,1308,Jōyō Kanji
遂,accomplish  সম্পন্ন করা,,12,1309,Jōyō Kanji
滅,destroy/perish  ধ্বংস করা/বিলীন হওয়া,,13,1310,Jōyō Kanji
譲,transfer/yield হস্তান্তর করা/ছেড়ে দেওয়া,,20,1311,Jōyō Kanji
票,vote/ballot ভোট/ব্যালট,,11,1312,Jōyō Kanji
哲,wisdom/philosophy প্রজ্ঞা/দর্শন,,10,1313,Jōyō Kanji
潜,dive/conceal  ডুব দেওয়া/লুকানো,,15,1314,Jōyō Kanji
挟,squeeze/hold between চেপে ধরা/মাঝে আটকে রাখা,,9,1315,Jōyō Kanji
敏,quick/clever  দ্রুত/বুদ্ধিমান,,10,1316,Jōyō Kanji
縄,rope দড়ি,,15,1317,Jōyō Kanji
雰,atmosphere/mood পরিবেশ/আবহ,,12,1318,Jōyō Kanji
却,instead/repel বরং/প্রতিহত করা,,7,1319,Jōyō Kanji
墜,fall/drop পড়ে যাওয়া,,15,1320,Jōyō Kanji
覧,view/see দেখা,,17,1321,Jōyō Kanji
較,compare তুলনা করা,,13,1322,Jōyō Kanji
蛇,snake  সাপ,,11,1323,Jōyō Kanji
塀,fence/wall বেড়া/দেয়াল,,12,1324,Jōyō Kanji
超,exceed/super  অতিক্রম করা/অতিশয়,,12,1325,Jōyō Kanji
武,military/martial  সামরিক/যুদ্ধসংক্রান্ত,,8,1326,Jōyō Kanji
徹,thorough সম্পূর্ণ/নিখুঁত,,15,1327,Jōyō Kanji
鈍,dull/blunt ভোঁতা/মন্দ,,12,1328,Jōyō Kanji
吐,spit  থুতু ফেলা,,6,1329,Jōyō Kanji
忠,loyalty  আনুগত্য,,8,1330,Jōyō Kanji
旨,purpose/tasty  উদ্দেশ্য/সুস্বাদু,,6,1331,Jōyō Kanji
葬,bury/funeral  দাফন করা/শেষকৃত্য,,12,1332,Jōyō Kanji
笛,flute বাঁশি,,11,1333,Jōyō Kanji
閥,clique/faction গোষ্ঠী/দল,,14,1334,Jōyō Kanji
眺,gaze/view  তাকিয়ে দেখা,,11,1335,Jōyō Kanji
控,hold back/control সংযত রাখা/নিয়ন্ত্রণ করা,,11,1336,Jōyō Kanji
俳,actor/haiku actor অভিনেতা/হাইকু কবি,,10,1337,Jōyō Kanji
愉,pleasant  আনন্দদায়ক,,12,1338,Jōyō Kanji
励,encourage উৎসাহিত করা,,7,1339,Jōyō Kanji
潰,collapse/crush ধসে পড়া/চূর্ণ করা,,15,1340,Jōyō Kanji
塞,block/obstruct বন্ধ করা/বাধা দেওয়া,,13,1341,Jōyō Kanji
眉,eyebrow ভ্রু,,9,1342,Jōyō Kanji
膝,knee হাঁটু,,15,1343,Jōyō Kanji
渇,thirst  তৃষ্ণা,,11,1344,Jōyō Kanji
麗,beautiful/lovely সুন্দর/মনোরম,,19,1345,Jōyō Kanji
販,sell/marketing  বিক্রি করা/বাজারজাতকরণ,,11,1346,Jōyō Kanji
傍,beside/near পাশে/কাছাকাছি,,12,1347,Jōyō Kanji
令,order/command আদেশ,,5,1348,Jōyō Kanji
鯉,carp  কই মাছ,,18,1349,Jinmeiyō Kanji
涼,cool  শীতল,,11,1350,Jōyō Kanji
諸,various/various matters বিভিন্ন,,15,1351,Jōyō Kanji
往,go/way যাওয়া/পথ,,8,1352,Jōyō Kanji
迫,press/approach  চাপ দেওয়া/কাছে আসা,,8,1353,Jōyō Kanji
紹,introduce পরিচয় করিয়ে দেওয়া,,11,1354,Jōyō Kanji
介,mediate/help  মধ্যস্থতা করা/সহায়তা করা,,4,1355,Jōyō Kanji
卵,egg ডিম,,7,1356,Jōyō Kanji
粧,makeup প্রসাধন,,12,1357,Jōyō Kanji
舌,tongue  জিহ্বা,,6,1358,Jōyō Kanji
鶏,chicken/rooster মুরগি/মোরগ,,19,1359,Jōyō Kanji
寂,lonely/quiet  একাকী/নিরিবিলি,,11,1360,Jōyō Kanji
哀,sad/pity  দুঃখজনক/করুণা,,9,1361,Jōyō Kanji
随,follow/according to অনুসরণ করা/অনুযায়ী,,12,1362,Jōyō Kanji
署,office/authority দপ্তর/কর্তৃপক্ষ,,13,1363,Jōyō Kanji
尋,ask/search জিজ্ঞাসা করা/খোঁজা,,12,1364,Jōyō Kanji
是,right/this  সঠিক/এটি,,9,1365,Jōyō Kanji
蹴,kick লাথি মারা,,19,1366,Jōyō Kanji
昭,illuminate  আলোকিত করা,,9,1367,Jōyō Kanji
桃,peach  পীচ,,10,1368,Jōyō Kanji
遭,encounter/meet সম্মুখীন হওয়া,,14,1369,Jōyō Kanji
枕,pillow/billow বালিশ/মাথার নিচে রাখা,,8,1370,Jōyō Kanji
蚊,mosquito মশা,,10,1371,Jōyō Kanji
伴,companion/accompany সঙ্গী/সঙ্গ দেওয়া,,7,1372,Jōyō Kanji
褒,praise প্রশংসা করা,,15,1373,Jōyō Kanji
鹿,deer হরিণ,,11,1374,Jōyō Kanji
髭,mustache/beard গোঁফ/দাড়ি,,17,1375,Jinmeiyō Kanji
剃,shave কামানো,,9,1376,Jinmeiyō Kanji
叩,hit/knock আঘাত করা/কড়া নাড়া,,5,1377,Jinmeiyō Kanji
苺,strawberry স্ট্রবেরি,,9,1378,Jinmeiyō Kanji
茄,eggplant বেগুন,,8,1379,Jinmeiyō Kanji
逢,meet/encounter দেখা করা/সাক্ষাৎ হওয়া,,9,1380,Jinmeiyō Kanji
痩,thin/become thin রোগা হওয়া/পাতলা,,15,1381,Jōyō Kanji
糊,glue/paste আঠা/লেই,,15,1382,Jinmeiyō Kanji
醤,soy sauce/seasoning সয়া সস/মসলা,,17,1383,Jinmeiyō Kanji
鋏,scissors কাঁচি,,15,1384,Jinmeiyō Kanji
顎,jaw/chin চোয়াল/থুতনি,,18,1385,Jōyō Kanji
飴,candy/caramel মিষ্টি/ক্যারামেল,,13,1386,Jinmeiyō Kanji
鹸,soap/alkali সাবান/ক্ষার,,19,1387,Jinmeiyō Kanji
儲,save/profit সঞ্চয় করা/লাভ,,17,1388,Jinmeiyō Kanji
顧,look back/consider ফিরে তাকানো/বিবেচনা করা,,21,1389,Jōyō Kanji
泡,bubble/foam  বুদবুদ/ফেনা,,8,1390,Jōyō Kanji
聴,listen/hear  শোনা/মনোযোগ দিয়ে শোনা,,17,1391,Jōyō Kanji
鴨,duck হাঁস,,16,1392,Jinmeiyō Kanji
依,depend on নির্ভর করা,,8,1393,Jōyō Kanji
併,combine/merge একত্র করা,,8,1394,Jōyō Kanji
堅,hard/firm শক্ত/দৃঢ়,,12,1395,Jōyō Kanji
需,demand/need চাহিদা/প্রয়োজন,,14,1396,Jōyō Kanji
奪,rob/take away  ছিনিয়ে নেওয়া,,14,1397,Jōyō Kanji
索,search/cable অনুসন্ধান/দড়ি,,10,1398,Jōyō Kanji
洪,flood বন্যা,,9,1399,Jōyō Kanji
河,river  নদী,,8,1400,Jōyō Kanji
蒲,rush/reed নলখাগড়া/খাগড়া,,13,1401,Jinmeiyō Kanji
摘,pick/pluck  তোলা/ছেঁড়া,,14,1402,Jōyō Kanji
距,distance দূরত্ব,,12,1403,Jōyō Kanji
舟,boat নৌকা,,6,1404,Jōyō Kanji
奴,slave/fellow  দাস/লোক,,5,1405,Jōyō Kanji
挿,insert ঢোকানো,,10,1406,Jōyō Kanji
漠,vague/desert  অস্পষ্ট/মরুভূমি,,13,1407,Jōyō Kanji
希,hope/rare আশা/দুর্লভ,,7,1408,Jōyō Kanji
粋,chic/refined রুচিশীল/পরিশীলিত,,10,1409,Jōyō Kanji
慎,careful/prudent  সতর্ক/সাবধানী,,13,1410,Jōyō Kanji
肯,agreement/consent  সম্মতি,,8,1411,Jōyō Kanji
棄,abandon/discard  পরিত্যাগ করা/ফেলে দেওয়া,,13,1412,Jōyō Kanji
侵,invade/infringe আক্রমণ করা/লঙ্ঘন করা,,9,1413,Jōyō Kanji
為,do/for করার জন্য/করা,,9,1414,Jōyō Kanji
鉢,bowl/pot  বাটি/পাত্র,,13,1415,Jōyō Kanji
融,melt/dissolve গলানো/মিশে যাওয়া,,16,1416,Jōyō Kanji
隔,separate/隔ে দূরে রাখা,,13,1417,Jōyō Kanji
炭,charcoal/coal  কাঠকয়লা/কয়লা,,9,1418,Jōyō Kanji
監,oversee/supervise তদারকি করা,,15,1419,Jōyō Kanji
督,supervise  তত্ত্বাবধান করা,,13,1420,Jōyō Kanji
躍,jump/leap লাফানো,,21,1421,Jōyō Kanji
購,purchase কেনা,,17,1422,Jōyō Kanji
徐,slowly/gradually ধীরে ধীরে,,10,1423,Jōyō Kanji
軟,soft  নরম,,11,1424,Jōyō Kanji
舗,shop/store দোকান,,15,1425,Jōyō Kanji
拳,fist মুষ্টি,,10,1426,Jōyō Kanji
熊,bear ভালুক,,14,1427,Jōyō Kanji
脅,threaten হুমকি দেওয়া,,10,1428,Jōyō Kanji
巨,huge বিশাল,,5,1429,Jōyō Kanji
拒,refuse প্রত্যাখ্যান করা,,8,1430,Jōyō Kanji
絹,silk রেশম,,13,1431,Jōyō Kanji
維,maintain/preserve বজায় রাখা/সংরক্ষণ করা,,14,1432,Jōyō Kanji
紳,gentleman ভদ্রলোক,,11,1433,Jōyō Kanji
刀,sword  তলোয়ার,,2,1434,Jōyō Kanji
孤,alone/orphan একা/এতিম,,9,1435,Jōyō Kanji
謙,modest/humble বিনয়ী/নম্র,,17,1436,Jōyō Kanji
遜,humble/modest বিনয়ী/নম্র,,12,1437,Jōyō Kanji
兼,concurrently/combine একইসাথে করা/সমন্বয় করা,,10,1438,Jōyō Kanji
鋭,sharp  ধারালো,,15,1439,Jōyō Kanji
鎖,chain শিকল,,18,1440,Jōyō Kanji
澄,clear/clarify স্বচ্ছ হওয়া/পরিষ্কার করা,,15,1441,Jōyō Kanji
恩,favor/kindness  অনুগ্রহ/উপকার,,10,1442,Jōyō Kanji
尾,tail লেজ,,7,1443,Jōyō Kanji
唇,lip ঠোঁট,,10,1444,Jōyō Kanji
釈,explain/release ব্যাখ্যা করা/মুক্ত করা,,11,1445,Jōyō Kanji
覆,cover/reverse ঢেকে দেওয়া/উল্টে দেওয়া,,18,1446,Jōyō Kanji
郡,district/county জেলা/অঞ্চল,,10,1447,Jōyō Kanji
肪,fat  চর্বি,,8,1448,Jōyō Kanji
肝,liver/courage যকৃত/সাহস,,7,1449,Jōyō Kanji
脈,pulse/vein নাড়ি/শিরা,,10,1450,Jōyō Kanji
茎,stem/stalk  কাণ্ড,,8,1451,Jōyō Kanji
薦,recommend/introduce সুপারিশ করা/পরিচয় করিয়ে দেওয়া,,16,1452,Jōyō Kanji
犠,sacrifice  বলিদান,,17,1453,Jōyō Kanji
牲,sacrifice বলি/উৎসর্গ,,9,1454,Jōyō Kanji
鍛,forge/train গড়া/প্রশিক্ষণ দেওয়া,,17,1455,Jōyō Kanji
己,self  নিজ,,3,1456,Jōyō Kanji
飽,satisfied/full তৃপ্ত/পরিতৃপ্ত,,13,1457,Jōyō Kanji
餌,food/bait খাবার/টোপ,,14,1458,Jōyō Kanji
旧,olden times    প্রাচীনকাল,,5,1459,Jōyō Kanji
睡,sleep ঘুম,,13,1460,Jōyō Kanji
垂,dangle/hang ঝুলে থাকা/ঝোলানো,,8,1461,Jōyō Kanji
括,include/bind  অন্তর্ভুক্ত করা/বাঁধা,,9,1462,Jōyō Kanji
弧,arc/curve চাপ/বক্ররেখা,,9,1463,Jōyō Kanji
瞳,pupil/eye  চোখের মণি,,17,1464,Jōyō Kanji
輝,shine/radiance  জ্বলজ্বল করা/দীপ্তি,,15,1465,Jōyō Kanji
仰,look up/revere উপরে তাকানো/শ্রদ্ধা করা,,6,1466,Jōyō Kanji
隅,corner কোণ,,12,1467,Jōyō Kanji
城,castle  দুর্গ,,9,1468,Jōyō Kanji
栽,plant/cultivate  রোপণ করা/চাষ করা,,10,1469,Jōyō Kanji
培,cultivate  চাষ করা/লালন করা,,11,1470,Jōyō Kanji
津,harbor/ferry  বন্দর/খেয়াঘাট,,9,1471,Jōyō Kanji
戒,warn/prohibit  সতর্ক করা/নিষেধ করা,,7,1472,Jōyō Kanji
伺,ask/visit জিজ্ঞাসা করা/সাক্ষাৎ করতে যাওয়া,,7,1473,Jōyō Kanji
宗,religion/sect ধর্ম/সম্প্রদায়,,8,1474,Jōyō Kanji
審,examine/judge পরীক্ষা করা/বিচার করা,,15,1475,Jōyō Kanji
憲,constitution/constitution আইন/সংবিধান,,16,1476,Jōyō Kanji
衰,decline/weaken দুর্বল হওয়া/অবনতি,,10,1477,Jōyō Kanji
悟,realize/enlightenment  উপলব্ধি করা/জ্ঞানলাভ,,10,1478,Jōyō Kanji
歓,joy/delight  আনন্দ/আনন্দিত হওয়া,,15,1479,Jōyō Kanji
獲,catch/acquire  ধরা/অর্জন করা,,16,1480,Jōyō Kanji
穫,harvest ফসল,,18,1481,Jōyō Kanji
稲,rice plant ধানগাছ,,14,1482,Jōyō Kanji
稿,draft খসড়া,,15,1483,Jōyō Kanji
塊,lump/mass দলা/পিণ্ড,,13,1484,Jōyō Kanji
礎,foundation  ভিত্তি,,18,1485,Jōyō Kanji
頻,frequent  ঘনঘন,,17,1486,Jōyō Kanji
斉,complete/equal সম্পূর্ণ/সমান,,8,1487,Jōyō Kanji
剣,sword তলোয়ার,,10,1488,Jōyō Kanji
烈,violent/fierce  প্রচণ্ড/তীব্র,,10,1489,Jōyō Kanji
獣,beast/animal পশু/বন্যপ্রাণী,,16,1490,Jōyō Kanji
軸,axis/shaft অক্ষ/দণ্ড,,12,1491,Jōyō Kanji
晶,sparkle    ঝকঝকে,,12,1492,Jōyō Kanji
宴,banquet/feast  ভোজ,,10,1493,Jōyō Kanji
劣,inferior নিকৃষ্ট,,6,1494,Jōyō Kanji
霜,frost  তুষার/হিম,,17,1495,Jōyō Kanji
墨,ink  কালি,,14,1496,Jōyō Kanji
奨,encourage/recommend  উৎসাহিত করা/সুপারিশ করা,,13,1497,Jōyō Kanji
狂,crazy  পাগল,,7,1498,Jōyō Kanji
獄,prison  কারাগার,,14,1499,Jōyō Kanji
錠,lock/tablet  তালা/ট্যাবলেট,,16,1500,Jōyō Kanji
戚,relative/grief আত্মীয়/দুঃখ,,11,1501,Jōyō Kanji
捧,hold up/offer তুলে ধরা/অর্পণ করা,,11,1502,Jinmeiyō Kanji
襟,collar কলার,,18,1503,Jōyō Kanji
粗,rough/coarse রুক্ষ/মোটা,,11,1504,Jōyō Kanji
酢,vinegar ভিনেগার,,12,1505,Jōyō Kanji
縛,bind/tie বাঁধা,,16,1506,Jōyō Kanji
紺,dark blue গাঢ় নীল,,11,1507,Jōyō Kanji
巣,nest বাসা,,11,1508,Jōyō Kanji
碁,go board game গো খেলা,,13,1509,Jōyō Kanji
癖,habit/quirk অভ্যাস/স্বভাব,,18,1510,Jōyō Kanji
痢,diarrhea ডায়রিয়া,,12,1511,Jōyō Kanji
峡,gorge/valley গিরিখাত/উপত্যকা,,9,1512,Jōyō Kanji
娯,entertainment/amusement বিনোদন/আমোদ,,10,1513,Jōyō Kanji
汽,steam বাষ্প,,7,1514,Jōyō Kanji
賭,bet/gamble বাজি ধরা/জুয়া খেলা,,15,1515,Jōyō Kanji
蛍,firefly  জোনাকি,,11,1516,Jōyō Kanji
芋,potato/taro আলু/কচু,,6,1517,Jōyō Kanji
菊,chrysanthemum চন্দ্রমল্লিকা,,11,1518,Jōyō Kanji
蔑,despise/ignore তুচ্ছ করা/উপেক্ষা করা,,13,1519,Jōyō Kanji
揚,raise/hoist  উঁচু করা,,12,1520,Jōyō Kanji
諦,give up/accept হাল ছেড়ে দেওয়া/মেনে নেওয়া,,16,1521,Jōyō Kanji
窮,poor/in distress দরিদ্র/দুরবস্থায়,,15,1522,Jōyō Kanji
幣,money/offering টাকা/উৎসর্গ,,15,1523,Jōyō Kanji
珠,pearl  মুক্তা,,10,1524,Jōyō Kanji
乞,beg/ask  ভিক্ষা চাওয়া/অনুরোধ করা,,3,1525,Jōyō Kanji
羨,envy  ঈর্ষা করা,,13,1526,Jōyō Kanji
漕,row/transport by boat দাঁড় টানা/নৌকায় বহন করা,,14,1527,Jinmeiyō Kanji
稽,think/delay চিন্তা করা/বিলম্ব করা,,16,1528,Jōyō Kanji
伎,skill/performer দক্ষতা/শিল্পী,,6,1529,Jōyō Kanji
囁,whisper ফিসফিস করা,,21,1530,Jinmeiyō Kanji
溺,drown/indulge ডুবে যাওয়া/আসক্ত হওয়া,,13,1531,Jōyō Kanji
沙,sand বালি,,7,1532,Jōyō Kanji
汰,select/eliminate বাছাই করা/বাদ দেওয়া,,7,1533,Jōyō Kanji
曖,vague/ambiguous অস্পষ্ট/দ্ব্যর্থক,,17,1534,Jōyō Kanji
昧,dark/ignorant অন্ধকার/অজ্ঞ,,9,1535,Jōyō Kanji
晦,darkness/last day of month অন্ধকার/মাসের শেষ দিন,,10,1536,Jinmeiyō Kanji
臆,imagination/guess কল্পনা/অনুমান,,17,1537,Jōyō Kanji
錆,rust মরিচা,,16,1538,Jinmeiyō Kanji
爽,refreshing/pleasant সতেজ/প্রফুল্ল,,11,1539,Jōyō Kanji
雀,sparrow চড়ুই,,11,1540,Jinmeiyō Kanji
嗅,smell/smell out গন্ধ নেওয়া/গন্ধ শোঁকা,,13,1541,Jōyō Kanji
沢,swamp/marsh জলাভূমি,,7,1542,Jōyō Kanji
拓,open up/develop  উন্মুক্ত করা/উন্নয়ন করা,,8,1543,Jōyō Kanji
鈴,bell ঘণ্টা,,13,1544,Jōyō Kanji
尽,exhaust/use up শেষ করে ফেলা/নিঃশেষ করা,,6,1545,Jōyō Kanji
択,choose নির্বাচন করা,,7,1546,Jōyō Kanji
惨,miserable/cruel করুণ/নিষ্ঠুর,,11,1547,Jōyō Kanji
抽,pull out/抽取 টেনে বের করা,,8,1548,Jōyō Kanji
挑,challenge/pick  চ্যালেঞ্জ করা/বেছে নেওয়া,,9,1549,Jōyō Kanji
廃,abolish/ruin বাতিল করা/ধ্বংসাবশেষ,,12,1550,Jōyō Kanji
笹,bamboo grass বাঁশজাতীয় ঘাস,,11,1551,Jinmeiyō Kanji
翻,turn over/translate উল্টানো/অনুবাদ করা,,18,1552,Jōyō Kanji
訂,correct/revise  সংশোধন করা,,9,1553,Jōyō Kanji
秒,second সেকেন্ড,,9,1554,Jōyō Kanji
偽,false/falsehood মিথ্যা/জাল,,11,1555,Jōyō Kanji
肺,lung  ফুসফুস,,9,1556,Jōyō Kanji
析,analyze বিশ্লেষণ করা,,8,1557,Jōyō Kanji
菌,germ/fungus জীবাণু/ছত্রাক,,11,1558,Jōyō Kanji
銅,copper  তামা,,14,1559,Jōyō Kanji
妙,exquisite    সূক্ষ্ম,,7,1560,Jōyō Kanji
蔓,vine/creeper লতা,,14,1561,Jinmeiyō Kanji
斜,diagonal/slant তির্যক/কাত,,11,1562,Jōyō Kanji
妨,obstruct  বাধা দেওয়া,,7,1563,Jōyō Kanji
繁,prosperous/dense সমৃদ্ধ/ঘন,,16,1564,Jōyō Kanji
韓,Korea/Korean কোরিয়া/কোরীয়,,18,1565,Jōyō Kanji
耐,endure সহ্য করা,,9,1566,Jōyō Kanji
矢,arrow তীর,,5,1567,Jōyō Kanji
枠,frame  ফ্রেম/কাঠামো,,8,1568,Jōyō Kanji
隙,gap/opening ফাঁক/স্থান,,13,1569,Jōyō Kanji
谷,valley  উপত্যকা,,7,1570,Jōyō Kanji
裕,abundant/wealthy  প্রাচুর্যপূর্ণ/ধনী,,12,1571,Jōyō Kanji
湾,bay উপসাগর,,12,1572,Jōyō Kanji
淡,pale  ফ্যাকাশে,,11,1573,Jōyō Kanji
濁,unclear/muddy  ঘোলা/অস্পষ্ট,,16,1574,Jōyō Kanji
碗,bowl বাটি,,13,1575,Jinmeiyō Kanji
溝,gutter/ditch নালা/খাল,,13,1576,Jōyō Kanji
嘆,sigh/lament দীর্ঘশ্বাস ফেলা/শোক করা,,13,1577,Jōyō Kanji
徳,virtue/virtue নৈতিকতা/গুণ,,14,1578,Jōyō Kanji
丼,bowl of food/Donburi খাবারের বাটি/ডনবুরি,,5,1579,Jōyō Kanji
粒,grain/grain particle দানা,,11,1580,Jōyō Kanji
炎,flame  শিখা,,8,1581,Jōyō Kanji
膚,skin ত্বক,,15,1582,Jōyō Kanji
扉,door/door panel দরজা,,12,1583,Jōyō Kanji
羽,feather/wing  পালক/ডানা,,6,1584,Jōyō Kanji
殴,hit/beat প্রহার করা,,8,1585,Jōyō Kanji
胆,gallbladder  পিত্তথলি,,9,1586,Jōyō Kanji
幕,curtain/act  পর্দা/অঙ্ক,,13,1587,Jōyō Kanji
芽,bud/sprout কুঁড়ি/অঙ্কুর,,8,1588,Jōyō Kanji
竹,bamboo বাঁশ,,6,1589,Jōyō Kanji
簿,register/record book খাতা/নথি,,19,1590,Jōyō Kanji
凡,ordinary  সাধারণ,,3,1591,Jōyō Kanji
妊,pregnancy  গর্ভধারণ,,7,1592,Jōyō Kanji
娠,pregnancy গর্ভধারণ,,10,1593,Jōyō Kanji
婿,son-in-law  জামাই,,12,1594,Jōyō Kanji
措,set aside/handle আলাদা রাখা/ব্যবস্থা করা,,11,1595,Jōyō Kanji
遇,encounter/treat সাক্ষাৎ করা/আচরণ করা,,12,1596,Jōyō Kanji
倣,imitate অনুকরণ করা,,10,1597,Jōyō Kanji
寮,dormitory ছাত্রাবাস,,15,1598,Jōyō Kanji
宣,proclaim/announce  ঘোষণা করা,,9,1599,Jōyō Kanji
闘,fight/battle লড়াই করা/যুদ্ধ,,18,1600,Jōyō Kanji
漫,random/wandering  এলোমেলো/উদ্দেশ্যহীন,,14,1601,Jōyō Kanji
雌,female  স্ত্রী,,14,1602,Jōyō Kanji
称,call/name নাম দেওয়া/বলা,,10,1603,Jōyō Kanji
秩,order শৃঙ্খলা,,10,1604,Jōyō Kanji
魅,charm/fascinate আকর্ষণ/মুগ্ধ করা,,15,1605,Jōyō Kanji
醜,ugly/poor-looking কুৎসিত/বিশ্রী,,17,1606,Jōyō Kanji
矛,spear বর্শা,,5,1607,Jōyō Kanji
盾,shield ঢাল,,9,1608,Jōyō Kanji
倉,warehouse গুদাম,,10,1609,Jōyō Kanji
創,create/injury সৃষ্টি করা/আঘাত,,12,1610,Jōyō Kanji
蒸,steam/boil বাষ্প করা/সেদ্ধ করা,,13,1611,Jōyō Kanji
黙,silent  নীরব,,15,1612,Jōyō Kanji
露,dew/expose শিশির/প্রকাশ করা,,21,1613,Jōyō Kanji
里,village/ri  গ্রাম/প্রাচীন দূরত্বের একক,,7,1614,Jōyō Kanji
狙,aim/target লক্ষ্য করা/লক্ষ্য,,8,1615,Jōyō Kanji
彫,carve/sculpt খোদাই করা,,11,1616,Jōyō Kanji
央,center কেন্দ্র,,5,1617,Jōyō Kanji
双,pair  জোড়া,,4,1618,Jōyō Kanji
裸,naked/bare নগ্ন,,13,1619,Jōyō Kanji
酬,reward/repay পুরস্কার দেওয়া/প্রতিদান দেওয়া,,13,1620,Jōyō Kanji
班,group/squad দল/দলগত ইউনিট,,10,1621,Jōyō Kanji
召,summon  ডাকা,,5,1622,Jōyō Kanji
綱,rope/line দড়ি/রজ্জু,,14,1623,Jōyō Kanji
縫,sew সেলাই করা,,16,1624,Jōyō Kanji
虹,rainbow  রংধনু,,9,1625,Jōyō Kanji
栓,stopper/plug  ছিপি/প্লাগ,,10,1626,Jōyō Kanji
婆,old woman  বৃদ্ধা,,11,1627,Jōyō Kanji
華,splendor/flower জাঁকজমক/ফুল,,10,1628,Jōyō Kanji
塔,tower  মিনার/টাওয়ার,,12,1629,Jōyō Kanji
誓,vow/swear শপথ করা,,14,1630,Jōyō Kanji
慰,console/comfort সান্ত্বনা দেওয়া,,15,1631,Jōyō Kanji
朗,clear/cheerful পরিষ্কার/প্রফুল্ল,,10,1632,Jōyō Kanji
鳩,pigeon/dove কবুতর,,13,1633,Jinmeiyō Kanji
雛,chick/young bird ছানা/পাখির বাচ্চা,,18,1634,Jinmeiyō Kanji
唾,saliva/spit লালা/থুতু,,11,1635,Jōyō Kanji
吠,bark/howl ঘেউ ঘেউ করা/হুংকার দেওয়া,,7,1636,Jinmeiyō Kanji
吊,hang ঝুলানো,,6,1637,Jinmeiyō Kanji
撫,pat/caress আদর করে হাত বুলানো,,15,1638,Jinmeiyō Kanji
怯,cowardly/afraid ভীরু/ভীত,,8,1639,Jinmeiyō Kanji
遥,far/distant দূর/দূরবর্তী,,11,1640,Jinmeiyō Kanji
股,thigh/crotch উরু/কুঁচকি,,8,1641,Jōyō Kanji
薪,firewood জ্বালানি কাঠ,,16,1642,Jōyō Kanji
焚,burn/burn up পোড়ানো/জ্বালিয়ে দেওয়া,,12,1643,Jinmeiyō Kanji
瞭,clear/obvious স্পষ্ট/সুস্পষ্ট,,17,1644,Jōyō Kanji
蛋,egg ডিম,,11,1645,Jinmeiyō Kanji
蜂,bee/wasp মৌমাছি/বোলতা,,13,1646,Jōyō Kanji
戴,wear/receive respectfully পরিধান করা/শ্রদ্ধার সঙ্গে গ্রহণ করা,,18,1647,Jōyō Kanji
餅,rice cake মোচি/চালের পিঠা,,14,1648,Jōyō Kanji
箋,note/letter paper নোট/চিঠির কাগজ,,14,1649,Jōyō Kanji
吾,I  আমি,,7,1650,Jinmeiyō Kanji
朋,companion    সঙ্গী,,8,1651,Jinmeiyō Kanji
昌,prosperous  সমৃদ্ধ,,8,1652,Jinmeiyō Kanji
旭,morning sun  সকালের সূর্য,,6,1653,Jinmeiyō Kanji
亘,span across  জুড়ে বিস্তৃত হওয়া,,6,1654,Jinmeiyō Kanji
凹,concave  অবতল,,5,1655,Jōyō Kanji
凸,convex  উত্তল,,5,1656,Jōyō Kanji
升,measuring box    পরিমাপক বাক্স,,4,1657,Jōyō Kanji
寸,measurement    পরিমাপ,,3,1658,Jōyō Kanji
只,only  শুধু,,5,1659,Jinmeiyō Kanji
貞,upright  সৎ,,9,1660,Jōyō Kanji
頁,page  পৃষ্ঠা,,9,1661,Jinmeiyō Kanji
勺,unit  প্রাচীন পরিমাপের একক,,3,1662,Jinmeiyō Kanji
乙,fish guts    মাছের নাড়িভুঁড়ি,,1,1663,Jōyō Kanji
賄,bribe  ঘুষ দেওয়া,,13,1664,Jōyō Kanji
貢,contribute  অবদান রাখা,,10,1665,Jōyō Kanji
孔,hole  গর্ত,,4,1666,Jōyō Kanji
如,as  যেমন,,6,1667,Jōyō Kanji
貫,penetrate  ভেদ করা,,11,1668,Jōyō Kanji
克,overcome  জয় করা,,7,1669,Jōyō Kanji
汐,evening tide  সন্ধ্যার জোয়ার,,6,1670,Jinmeiyō Kanji
肖,resemblance  সাদৃশ্য,,7,1671,Jōyō Kanji
硝,nitrate  নাইট্রেট,,12,1672,Jōyō Kanji
沼,swamp  জলাভূমি,,8,1673,Jōyō Kanji
江,bay  উপসাগর,,6,1674,Jōyō Kanji
潮,tide  জোয়ার,,15,1675,Jōyō Kanji
埼,cape  প্রচার,,11,1676,Jōyō Kanji
垣,fence  বেড়া,,9,1677,Jōyō Kanji
圭,jade tablet  জেড পাথরের ফলক,,6,1678,Jinmeiyō Kanji
煩,annoy  বিরক্ত করা,,13,1679,Jōyō Kanji
厘,tiny unit  ক্ষুদ্র পরিমাপের একক,,9,1680,Jōyō Kanji
洞,cave  গুহা,,9,1681,Jōyō Kanji
胴,trunk/torso  ধড়,,10,1682,Jōyō Kanji
尚,still/furthermore  এখনও/তদুপরি,,8,1683,Jōyō Kanji
宵,evening/night  সন্ধ্যা/রাত,,10,1684,Jōyō Kanji
桂,catsia tree  দারুচিনি-জাতীয় গাছ,,10,1685,Jinmeiyō Kanji
柏,oak/cypress  ওক/চিরসবুজ গাছ,,9,1686,Jinmeiyō Kanji
梢,tree top  গাছের ডগা,,11,1687,Jinmeiyō Kanji
杏,apricot  এপ্রিকট,,7,1688,Jinmeiyō Kanji
桐,paulownia tree  পলোনিয়া গাছ,,10,1689,Jinmeiyō Kanji
朴,crude    অশোধিত,,6,1690,Jōyō Kanji
沫,foam/bubbles  ফেনা,,8,1691,Jinmeiyō Kanji
朱,vermilion/red  সিঁদুরে লাল,,6,1692,Jōyō Kanji
寛,tolerant/lenient  সহনশীল/উদার,,13,1693,Jōyō Kanji
膜,membrane  ঝিল্লি,,14,1694,Jōyō Kanji
苗,seedling  চারা,,8,1695,Jōyō Kanji
兆,sign/trillion  লক্ষণ/ট্রিলিয়ন,,6,1696,Jōyō Kanji
荻,reed  নলখাগড়া,,10,1697,Jinmeiyō Kanji
狩,hunt  শিকার করা,,9,1698,Jōyō Kanji
呈,present/display  উপস্থাপন করা/প্রদর্শন করা,,7,1699,Jōyō Kanji
銑,pig iron  কাঁচা লোহা,,14,1700,Jinmeiyō Kanji
銘,inscription/name  খোদাই লেখা/নাম,,14,1701,Jōyō Kanji
鎮,suppress/calm  দমন করা/শান্ত করা,,18,1702,Jōyō Kanji
辻,crossroads  চৌরাস্তা,,5,1703,Jinmeiyō Kanji
迅,swift/rapid  দ্রুত,,6,1704,Jōyō Kanji
軌,track/route  রেলপথ/পথ,,9,1705,Jōyō Kanji
冠,crown  মুকুট,,9,1706,Jōyō Kanji
坑,pit  গর্ত,,7,1707,Jōyō Kanji
享,receive/enjoy  গ্রহণ করা/উপভোগ করা,,8,1708,Jōyō Kanji
塾,cram school  কোচিং স্কুল,,14,1709,Jōyō Kanji
熟,mature/ripe  পরিপক্ব/পাকা,,15,1710,Jōyō Kanji
亭,pavilion  মণ্ডপ,,9,1711,Jōyō Kanji
鯨,whale  তিমি,,19,1712,Jōyō Kanji
吉,good/lucky  শুভ/সৌভাগ্যবান,,6,1713,Jōyō Kanji
壮,robust/grand  সবল/জাঁকজমকপূর্ণ,,6,1714,Jōyō Kanji
荘,villa/manor  প্রাসাদ/বড় বাড়ি,,9,1715,Jōyō Kanji
詔,imperial decree  সম্রাটের আদেশ,,12,1716,Jōyō Kanji
詠,recite/compose poetry  আবৃত্তি করা/কবিতা রচনা করা,,12,1717,Jōyō Kanji
諾,consent/agree  সম্মতি দেওয়া/একমত হওয়া,,15,1718,Jōyō Kanji
諭,teach/admonish  শিক্ষা দেওয়া/উপদেশ দেওয়া,,16,1719,Jōyō Kanji
弐,two  দুই,,6,1720,Jōyō Kanji
賊,thief/bandit  চোর/দস্যু,,13,1721,Jōyō Kanji
茂,grow thick  ঘনভাবে বেড়ে ওঠা,,8,1722,Jōyō Kanji
桟,scaffold/ledge  মাচা/ধার,,10,1723,Jōyō Kanji
賦,tribute/tax  কর/খাজনা,,15,1724,Jōyō Kanji
赴,go/proceed  যাওয়া/অগ্রসর হওয়া,,9,1725,Jōyō Kanji
堤,dike/embankment  বাঁধ,,12,1726,Jōyō Kanji
帆,sail  পাল,,6,1727,Jōyō Kanji
幌,canopy/signboard  ছাউনি/সাইনবোর্ড,,13,1728,Jinmeiyō Kanji
錦,brocade  জরি কাপড়,,16,1729,Jōyō Kanji
嬌,attractive/beautiful  আকর্ষণীয়/সুন্দর,,15,1730,Jinmeiyō Kanji
帝,emperor  সম্রাট,,9,1731,Jōyō Kanji
嫡,legitimate/heir  বৈধ/উত্তরাধিকারী,,14,1732,Jōyō Kanji
滴,drop  ফোঁটা,,14,1733,Jōyō Kanji
匕,spoon/dagger  চামচ/ছোরা,,2,1734,Jinmeiyō Kanji
昆,insect/descendants  পোকা/বংশধর,,8,1735,Jōyō Kanji
謁,audience/visit  সাক্ষাৎ/দর্শন,,15,1736,Jōyō Kanji
褐,brown  বাদামি,,13,1737,Jōyō Kanji
喝,scold/shout  ধমক দেওয়া/চিৎকার করা,,11,1738,Jōyō Kanji
壱,one  এক,,7,1739,Jōyō Kanji
茨,thorn  কাঁটা,,9,1740,Jōyō Kanji
諮,consult  পরামর্শ করা,,16,1741,Jōyō Kanji
賠,compensate  ক্ষতিপূরণ দেওয়া,,15,1742,Jōyō Kanji
剖,dissect/analyze  ব্যবচ্ছেদ করা/বিশ্লেষণ করা,,10,1743,Jōyō Kanji
韻,rhyme  ছন্দ/অন্ত্যমিল,,19,1744,Jōyō Kanji
盲,blind  অন্ধ,,8,1745,Jōyō Kanji
妄,delusion/reckless  ভ্রান্ত ধারণা/বেপরোয়া,,6,1746,Jōyō Kanji
芳,fragrant  সুগন্ধি,,7,1747,Jōyō Kanji
曽,formerly/once  পূর্বে/একবার,,11,1748,Jōyō Kanji
棟,building/roof ridge  ভবন/ছাদের চূড়া,,12,1749,Jōyō Kanji
廷,court  রাজদরবার/আদালত,,7,1750,Jōyō Kanji
賓,guest  অতিথি,,15,1751,Jōyō Kanji
栃,horse chestnut  হর্স চেস্টনাট গাছ,,9,1752,Jōyō Kanji
蚕,silkworm  রেশমকীট,,10,1753,Jōyō Kanji
妃,empress/consort  সম্রাজ্ঞী/রানী,,6,1754,Jōyō Kanji
胞,cell/womb  কোষ/গর্ভ,,9,1755,Jōyō Kanji
砲,cannon  কামান,,10,1756,Jōyō Kanji
竜,dragon  ড্রাগন,,10,1757,Jōyō Kanji
逐,pursue  তাড়া করা,,10,1758,Jōyō Kanji
豪,great/luxurious  মহৎ/জাঁকজমকপূর্ণ,,14,1759,Jōyō Kanji
羊,sheep  ভেড়া,,6,1760,Jōyō Kanji
唯,only  কেবল,,11,1761,Jōyō Kanji
礁,reef  প্রবালপ্রাচীর,,17,1762,Jōyō Kanji
准,quasi/approve  আধা/অনুমোদন করা,,10,1763,Jōyō Kanji
曰,say/said  বলা/বলেছিল,,4,1764,Jinmeiyō Kanji
姻,marriage  বিবাহ,,9,1765,Jōyō Kanji
壇,platform/altar  মঞ্চ/বেদি,,16,1766,Jōyō Kanji
麻,hemp/flax  শণ/তিসি,,11,1767,Jōyō Kanji
忍,endure/忍ぶ  সহ্য করা,,7,1768,Jōyō Kanji
忌,avoid/mourning  এড়ানো/শোক পালন,,7,1769,Jōyō Kanji
串,skewer  শিক,,7,1770,Jōyō Kanji
憂,worry/sorrow  দুশ্চিন্তা/দুঃখ,,15,1771,Jōyō Kanji
寡,few/widow  অল্প/বিধবা,,14,1772,Jōyō Kanji
悦,joy/delight  আনন্দ/আনন্দিত হওয়া,,10,1773,Jōyō Kanji
恒,constant/always  স্থায়ী/সবসময়,,9,1774,Jōyō Kanji
悼,mourn  শোক করা,,11,1775,Jōyō Kanji
惰,lazy/indolent  অলস,,12,1776,Jōyō Kanji
憾,regret  আক্ষেপ,,16,1777,Jōyō Kanji
慕,admire/yearn for  শ্রদ্ধা করা/আকাঙ্ক্ষা করা,,14,1778,Jōyō Kanji
泌,secrete  নিঃসরণ করা,,8,1779,Jōyō Kanji
抹,erase/rub out  মুছে ফেলা,,8,1780,Jōyō Kanji
搭,board/ride  ওঠা/আরোহন করা,,12,1781,Jōyō Kanji
抄,copy/extract  নকল করা/উদ্ধৃত করা,,7,1782,Jōyō Kanji
拘,arrest/restrain  গ্রেপ্তার করা/আটকে রাখা,,8,1783,Jōyō Kanji
拐,kidnap/deceive  অপহরণ করা/প্রতারণা করা,,8,1784,Jōyō Kanji
乃,from/namely  থেকে/অর্থাৎ,,2,1785,Jinmeiyō Kanji
吏,official  কর্মকর্তা,,6,1786,Jōyō Kanji
又,again/also  আবার/এছাড়াও,,2,1787,Jōyō Kanji
桑,mulberry tree  তুঁত গাছ,,10,1788,Jōyō Kanji
隻,counter for ships/animals  জাহাজ/প্রাণীর গণনাকারী,,10,1789,Jōyō Kanji
殻,shell/husk  খোলস,,11,1790,Jōyō Kanji
肢,limb  অঙ্গ/হাত-পা,,8,1791,Jōyō Kanji
淑,graceful/virtuous  মার্জিত/সচ্চরিত্র,,11,1792,Jōyō Kanji
妥,agreement/settlement  সমঝোতা/মীমাংসা,,7,1793,Jōyō Kanji
鉱,ore/mineral  আকরিক/খনিজ,,13,1794,Jōyō Kanji
胎,womb/fetus  গর্ভ/ভ্রূণ,,9,1795,Jōyō Kanji
撤,withdraw/remove  প্রত্যাহার করা/সরিয়ে নেওয়া,,15,1796,Jōyō Kanji
充,fill/supply  পূর্ণ করা/সরবরাহ করা,,6,1797,Jōyō Kanji
硫,sulfur  সালফার,,12,1798,Jōyō Kanji
允,permit/approve  অনুমতি দেওয়া/অনুমোদন করা,,4,1799,Jinmeiyō Kanji
唆,instigate/encourage  প্ররোচিত করা,,10,1800,Jōyō Kanji
拙,clumsy/unskillful  অদক্ষ/আনাড়ি,,8,1801,Jōyō Kanji
岐,branching/branch  বিভাজন/শাখা,,7,1802,Jōyō Kanji
蜜,honey  মধু,,12,1803,Jōyō Kanji
崎,cape/promontory  অন্তরীপ,,11,1804,Jōyō Kanji
頒,distribute  বিতরণ করা,,13,1805,Jōyō Kanji
松,pine tree  পাইন গাছ,,8,1806,Jōyō Kanji
翁,old man  বৃদ্ধ ব্যক্তি,,10,1807,Jōyō Kanji
訟,lawsuit/litigation  মামলা/বিচার,,11,1808,Jōyō Kanji
裳,skirt/clothing  স্কার্ট/পোশাক,,14,1809,Jinmeiyō Kanji
披,tear open/unfold  খুলে দেওয়া/মেলে ধরা,,8,1810,Jōyō Kanji
殉,martyrdom/die for  শহীদ হওয়া/কারও জন্য প্রাণ দেওয়া,,10,1811,Jōyō Kanji
殖,increase/cultivate  বৃদ্ধি করা/চাষ করা,,12,1812,Jōyō Kanji
聖,holy/saint  পবিত্র/সন্ত,,13,1813,Jōyō Kanji
還,return  ফিরে আসা/ফেরত দেওয়া,,16,1814,Jōyō Kanji
扶,help/support  সাহায্য করা/সমর্থন করা,,7,1815,Jōyō Kanji
渓,mountain stream  পাহাড়ি ঝরনা,,11,1816,Jōyō Kanji
迭,alternate/change  পর্যায়ক্রমে বদলানো,,8,1817,Jōyō Kanji
姫,princess রাজকন্যা,,10,1818,Jōyō Kanji
架,erect/cross স্থাপন করা/পারাপার করা,,9,1819,Jōyō Kanji
脇,side পাশ,,10,1820,Jōyō Kanji
征,conquer/conquest জয় করা/বিজয়,,8,1821,Jōyō Kanji
懲,punish শাস্তি দেওয়া,,18,1822,Jōyō Kanji
衡,balance ভারসাম্য,,16,1823,Jōyō Kanji
愁,sorrow দুঃখ,,13,1824,Jōyō Kanji
梨,pear নাশপাতি,,11,1825,Jōyō Kanji
穂,ear of grain শস্যের শীষ,,15,1826,Jōyō Kanji
穀,grain শস্য,,14,1827,Jōyō Kanji
粘,sticky আঠালো,,11,1828,Jōyō Kanji
糧,food/provisions খাদ্য/রসদ,,18,1829,Jōyō Kanji
楼,tower/building টাওয়ার/ভবন,,13,1830,Jōyō Kanji
漆,lacquer বার্নিশ/ল্যাকার,,14,1831,Jōyō Kanji
笠,bamboo hat বাঁশের টুপি,,11,1832,Jinmeiyō Kanji
佐,assist সাহায্য করা,,7,1833,Jōyō Kanji
但,but/however কিন্তু/তবে,,7,1834,Jōyō Kanji
悠,calm/leisurely শান্ত/ধীরস্থির,,11,1835,Jōyō Kanji
伏,prostrate/hide নত হওয়া/লুকানো,,6,1836,Jōyō Kanji
伯,count/uncle কাউন্ট/চাচা,,7,1837,Jōyō Kanji
俗,vulgar/custom প্রচলিত রীতি/সাধারণ,,9,1838,Jōyō Kanji
佳,excellent/good উৎকৃষ্ট/ভালো,,8,1839,Jōyō Kanji
侍,samurai/serve সামুরাই/সেবা করা,,8,1840,Jōyō Kanji
偵,spy/investigate গোয়েন্দা/তদন্ত করা,,11,1841,Jōyō Kanji
僧,monk সন্ন্যাসী,,13,1842,Jōyō Kanji
償,compensate ক্ষতিপূরণ করা,,17,1843,Jōyō Kanji
仙,hermit/immortal ঋষি/অমর ব্যক্তি,,5,1844,Jōyō Kanji
仁,humanity মানবতা,,4,1845,Jōyō Kanji
侮,despise অবজ্ঞা করা,,8,1846,Jōyō Kanji
伐,cut down কেটে ফেলা,,6,1847,Jōyō Kanji
傑,great person/hero মহান ব্যক্তি/বীর,,13,1848,Jōyō Kanji
俊,excellent/talented প্রতিভাবান/উৎকৃষ্ট,,9,1849,Jōyō Kanji
畝,ridge/field measure জমির মাপ/ক্ষেতের সারি,,10,1850,Jōyō Kanji
囚,prisoner বন্দী,,5,1851,Jōyō Kanji
丙,third/third rank তৃতীয়/তৃতীয় শ্রেণি,,5,1852,Jōyō Kanji
匁,monme (unit of weight) ওজনের একক,,4,1853,Jinmeiyō Kanji
瓦,tile টালি,,5,1854,Jōyō Kanji
宮,shrine/palace মন্দির/প্রাসাদ,,10,1855,Jōyō Kanji
塚,mound/tomb ঢিবি/সমাধি,,12,1856,Jōyō Kanji
弊,bad practice/harm ক্ষতিকর প্রথা/ক্ষতি,,15,1857,Jōyō Kanji
喚,call/shout ডাকা/চিৎকার করা,,12,1858,Jōyō Kanji
旋,rotate ঘোরানো,,11,1859,Jōyō Kanji
勿,must not/never করা যাবে না/কখনো নয়,,4,1860,Jinmeiyō Kanji
賜,grant/give প্রদান করা/দেওয়া,,15,1861,Jōyō Kanji
尿,urine প্রস্রাব,,7,1862,Jōyō Kanji
尼,nun সন্ন্যাসিনী,,5,1863,Jōyō Kanji
堀,moat পরিখা,,11,1864,Jōyō Kanji
据,set/place স্থাপন করা,,11,1865,Jōyō Kanji
尺,shaku (unit of length) দৈর্ঘ্যের একক,,4,1866,Jōyō Kanji
炉,hearth/furnace চুল্লি,,8,1867,Jōyō Kanji
啓,enlighten/inform অবহিত করা/জ্ঞানদান করা,,11,1868,Jōyō Kanji
祥,auspicious/lucky শুভ/সৌভাগ্যপূর্ণ,,10,1869,Jōyō Kanji
奈,what kind of/奈 (phonetic) কী ধরনের/ধ্বনিগত অক্ষর,,8,1870,Jōyō Kanji
尉,military officer সামরিক কর্মকর্তা,,11,1871,Jōyō Kanji
款,plan/agreement পরিকল্পনা/চুক্তি,,12,1872,Jōyō Kanji
崇,worship/revere পূজা করা/শ্রদ্ধা করা,,11,1873,Jōyō Kanji
甲,armor/shell প্রথম/বর্ম/খোলস,,5,1874,Jōyō Kanji
岬,cape/headland অন্তরীপ,,8,1875,Jōyō Kanji
斤,kin (unit of weight) ওজনের একক,,4,1876,Jōyō Kanji
逝,die/pass away মৃত্যুবরণ করা,,10,1877,Jōyō Kanji
暫,temporarily/for a while সাময়িকভাবে/কিছুক্ষণের জন্য,,15,1878,Jōyō Kanji
漸,gradually ধীরে ধীরে,,14,1879,Jōyō Kanji
斥,reject/reproach প্রত্যাখ্যান করা/তিরস্কার করা,,5,1880,Jōyō Kanji
詐,deceive/fraud প্রতারণা করা/প্রতারণা,,12,1881,Jōyō Kanji
浸,soak/immerse ভিজিয়ে দেওয়া/ডুবানো,,10,1882,Jōyō Kanji
浄,pure/clean বিশুদ্ধ/পরিষ্কার,,9,1883,Jōyō Kanji
唐,China/Chinese চীন/চীনা,,10,1884,Jōyō Kanji
伊,Italy/that person ইতালি/সেই ব্যক্তি,,6,1885,Jinmeiyō Kanji
儒,Confucian/Confucianism কনফুসীয়/কনফুসীয় মতবাদ,,16,1886,Jōyō Kanji
曹,fellow/group সহকর্মী/দল,,11,1887,Jōyō Kanji
槽,tank/trough ট্যাংক/চৌবাচ্চা,,15,1888,Jōyō Kanji
斗,measure/dipper মাপ/বালতি,,4,1889,Jōyō Kanji
庸,ordinary/mediocre সাধারণ/মধ্যম,,11,1890,Jōyō Kanji
錯,mistake/confusion ভুল/বিভ্রান্তি,,16,1891,Jōyō Kanji
廿,twenty বিশ,,4,1892,Jinmeiyō Kanji
庶,common/various সাধারণ/বিভিন্ন,,11,1893,Jōyō Kanji
遮,intercept/block বাধা দেওয়া/আটকানো,,14,1894,Jōyō Kanji
奔,run/dash দৌড়ানো/ছুটে যাওয়া,,8,1895,Jōyō Kanji
墳,tomb/mound সমাধি/ঢিবি,,15,1896,Jōyō Kanji
憤,anger/resentment ক্রোধ/ক্ষোভ,,15,1897,Jōyō Kanji
暁,dawn/dawn upon ভোর/উপলব্ধি হওয়া,,12,1898,Jōyō Kanji
畔,bank/shore তীর/পাড়,,10,1899,Jōyō Kanji
圏,sphere/zone ক্ষেত্র/অঞ্চল,,12,1900,Jōyō Kanji
藤,wisteria উইস্টেরিয়া ফুল,,18,1901,Jōyō Kanji
謄,copy/transcribe নকল করা/অনুলিপি করা,,17,1902,Jōyō Kanji
之,of/this এর/এটি,,3,1903,Jinmeiyō Kanji
矯,correct/rectify সংশোধন করা,,17,1904,Jōyō Kanji
智,wisdom প্রজ্ঞা,,12,1905,Jinmeiyō Kanji
弓,bow ধনুক,,3,1906,Jōyō Kanji
弔,mourn/condolence শোক করা/সমবেদনা,,4,1907,Jōyō Kanji
弘,wide/broad বিস্তৃত,,5,1908,Jinmeiyō Kanji
巧,skillful/clever দক্ষ/চতুর,,5,1909,Jōyō Kanji
朽,decay/rot পচে যাওয়া,,6,1910,Jōyō Kanji
誇,boast/proud গর্ব করা,,13,1911,Jōyō Kanji
孝,filial piety পিতামাতার প্রতি কর্তব্য,,7,1912,Jōyō Kanji
拷,torture নির্যাতন করা,,9,1913,Jōyō Kanji
猪,boar/pig বন্য শূকর/শূকর,,11,1914,Jinmeiyō Kanji
渚,shore/beach তীর/সমুদ্রসৈকত,,11,1915,Jinmeiyō Kanji
帥,commander/leader সেনাপতি/নেতা,,9,1916,Jōyō Kanji
棺,coffin কফিন,,12,1917,Jōyō Kanji
践,practice/step অনুশীলন করা/পদক্ষেপ নেওয়া,,13,1918,Jōyō Kanji
髄,marrow মজ্জা,,19,1919,Jōyō Kanji
禍,disaster/misfortune দুর্যোগ/দুর্ভাগ্য,,13,1920,Jōyō Kanji
渦,whirlpool ঘূর্ণাবর্ত,,12,1921,Jōyō Kanji
阿,flatter/region তোষামোদ করা/অঞ্চল,,8,1922,Jinmeiyō Kanji
陪,accompany সঙ্গ দেওয়া,,11,1923,Jōyō Kanji
陳,exhibit/state প্রদর্শন করা/বর্ণনা করা,,11,1924,Jōyō Kanji
附,attach/append সংযুক্ত করা,,8,1925,Jōyō Kanji
陣,camp/formation শিবির/বিন্যাস,,10,1926,Jōyō Kanji
陛,highness/steps to throne মহামান্য/সিংহাসনের সিঁড়ি,,10,1927,Jōyō Kanji
堕,fall/degenerate পতিত হওয়া/অবনতি হওয়া,,12,1928,Jōyō Kanji
陥,fall into/collapse পতিত হওয়া/ধসে পড়া,,10,1929,Jōyō Kanji
窒,suffocate/block দমবন্ধ করা/বন্ধ করা,,11,1930,Jōyō Kanji
窃,steal/secretly চুরি করা/গোপনে,,9,1931,Jōyō Kanji
窪,depression/hollow নিচু গর্ত/খাঁজ,,14,1932,Jinmeiyō Kanji
搾,squeeze চাপ দিয়ে বের করা,,13,1933,Jōyō Kanji
窯,kiln চুল্লি,,15,1934,Jōyō Kanji
岳,mountain পর্বত,,8,1935,Jōyō Kanji
繕,repair/mend মেরামত করা,,18,1936,Jōyō Kanji
羅,light fabric/net পাতলা কাপড়/জাল,,19,1937,Jōyō Kanji
紡,spin yarn সুতা কাটা,,10,1938,Jōyō Kanji
紛,be confused/mix up বিভ্রান্ত হওয়া/মিশিয়ে ফেলা,,10,1939,Jōyō Kanji
累,accumulate/accumulation জমা করা/সঞ্চয়,,11,1940,Jōyō Kanji
縁,connection/edge সম্পর্ক/প্রান্ত,,15,1941,Jōyō Kanji
幽,dark/quiet অন্ধকার/নির্জন,,9,1942,Jōyō Kanji
畜,livestock গৃহপালিত পশু,,10,1943,Jōyō Kanji
蓄,store/accumulate সঞ্চয় করা,,13,1944,Jōyō Kanji
弦,string/bowstring তার/ধনুকের তার,,8,1945,Jōyō Kanji
擁,embrace/support আলিঙ্গন করা/সমর্থন করা,,16,1946,Jōyō Kanji
滋,nourish/increase পুষ্ট করা/বৃদ্ধি করা,,12,1947,Jōyō Kanji
慈,mercy/compassion দয়া/সহানুভূতি,,13,1948,Jōyō Kanji
磁,magnetism/magnet চুম্বকত্ব/চুম্বক,,14,1949,Jōyō Kanji
脚,leg/foot পা,,11,1950,Jōyō Kanji
卸,unload/wholesale মাল নামানো/পাইকারি,,9,1951,Jōyō Kanji
擬,imitate/simulate অনুকরণ করা/অনুকরণমূলক,,17,1952,Jōyō Kanji
厄,misfortune দুর্ভাগ্য,,4,1953,Jōyō Kanji
苑,garden/park উদ্যান/বাগান,,8,1954,Jinmeiyō Kanji
怨,resentment/curse ক্ষোভ/অভিশাপ,,9,1955,Jōyō Kanji
柳,willow উইলো গাছ,,9,1956,Jōyō Kanji
酉,wine-bottle radical/rooster মদের পাত্রের প্রতীক/মোরগ,,7,1957,Jinmeiyō Kanji
酌,serve wine/measure alcohol মদ পরিবেশন করা/মদ মাপা,,10,1958,Jōyō Kanji
酵,fermentation গাঁজন,,14,1959,Jōyō Kanji
酷,cruel/harsh নিষ্ঠুর/কঠোর,,14,1960,Jōyō Kanji
酪,dairy product/cheese দুগ্ধজাত পণ্য/পনির,,13,1961,Jōyō Kanji
猶,still/further এখনও/আরও,,12,1962,Jōyō Kanji
鼓,drum/encourage ঢোল/উৎসাহিত করা,,13,1963,Jōyō Kanji
樹,tree/establish গাছ/প্রতিষ্ঠা করা,,16,1964,Jōyō Kanji
盟,alliance/oath জোট/শপথ,,13,1965,Jōyō Kanji
濫,excessive/overflow অতিরিক্ত/উপচে পড়া,,18,1966,Jōyō Kanji
猛,fierce/violent হিংস্র/প্রচণ্ড,,11,1967,Jōyō Kanji
即,immediate/that is অবিলম্বে/অর্থাৎ,,7,1968,Jōyō Kanji
爵,peerage/title উপাধি/অভিজাত পদ,,17,1969,Jōyō Kanji
浪,wave/wandering ঢেউ/ভবঘুরে,,10,1970,Jōyō Kanji
飢,hungry/starve ক্ষুধার্ত/অনাহারে থাকা,,10,1971,Jōyō Kanji
餓,starve/hunger অনাহারে থাকা/ক্ষুধা,,15,1972,Jōyō Kanji
慨,regret/resentment আফসোস/ক্ষোভ,,13,1973,Jōyō Kanji
坪,tsubo (area unit) জমির ক্ষেত্রফলের একক,,8,1974,Jōyō Kanji
刈,mow/harvest ঘাস কাটা/ফসল কাটা,,4,1975,Jōyō Kanji
凶,evil/bad luck অশুভ/দুর্ভাগ্য,,4,1976,Jōyō Kanji
梓,catalpa tree ক্যাটালপা গাছ,,11,1977,Jinmeiyō Kanji
宰,govern/slaughter শাসন করা/জবাই করা,,10,1978,Jōyō Kanji
執,hold/execute ধরে রাখা/সম্পাদন করা,,11,1979,Jōyō Kanji
糾,investigate/tangle তদন্ত করা/জট পাকানো,,9,1980,Jōyō Kanji
碑,monument/stone tablet স্মৃতিস্তম্ভ/শিলালিপি,,14,1981,Jōyō Kanji
睦,friendship/harmony বন্ধুত্ব/সম্প্রীতি,,13,1982,Jōyō Kanji
菱,water chestnut শিঙাড়া,,11,1983,Jinmeiyō Kanji
陵,mausoleum/hill সমাধি/টিলা,,11,1984,Jōyō Kanji
亥,boar/12th zodiac sign বন্য শূকর/রাশিচক্রের দ্বাদশ চিহ্ন,,6,1985,Jinmeiyō Kanji
該,corresponding/this উক্ত/সংশ্লিষ্ট,,13,1986,Jōyō Kanji
劾,impeach/indict অভিশংসন করা/অভিযোগ আনা,,8,1987,Jōyō Kanji
醸,brew/ferment গাঁজন করা/মদ তৈরি করা,,20,1988,Jōyō Kanji
壌,soil/ground মাটি/ভূমি,,16,1989,Jōyō Kanji
債,debt ঋণ,,13,1990,Jōyō Kanji
俵,straw bag খড়ের বস্তা,,10,1991,Jōyō Kanji
轄,control/jurisdiction নিয়ন্ত্রণ/এখতিয়ার,,17,1992,Jōyō Kanji
隆,prosperity/rise সমৃদ্ধি/উত্থান,,11,1993,Jōyō Kanji
峰,peak/summit শৃঙ্গ/চূড়া,,10,1994,Jōyō Kanji
鋳,cast/mold ঢালাই করা/ছাঁচে তৈরি করা,,15,1995,Jōyō Kanji
椿,camellia ক্যামেলিয়া ফুল,,13,1996,Jinmeiyō Kanji
泰,peaceful/peaceful শান্তিপূর্ণ/নিরাপদ,,10,1997,Jōyō Kanji
奉,offer/serve নিবেদন করা/সেবা করা,,8,1998,Jōyō Kanji
俸,salary বেতন,,10,1999,Jōyō Kanji
謹,careful/reverent সতর্ক/শ্রদ্ধাশীল,,17,2000,Jōyō Kanji
錘,weight/spindle ভার/চরকা,,16,2001,Jinmeiyō Kanji
剰,excess/surplus অতিরিক্ত/উদ্বৃত্ত,,11,2002,Jōyō Kanji
吟,recite/chant আবৃত্তি করা,,7,2003,Jōyō Kanji
琴,koto/traditional harp কোতো/ঐতিহ্যবাহী তারযন্ত্র,,12,2004,Jōyō Kanji
鎌,sickle কাস্তে,,18,2005,Jōyō Kanji
廉,cheap/honest সস্তা/সৎ,,13,2006,Jōyō Kanji
漂,drift/float ভেসে বেড়ানো/ভাসা,,14,2007,Jōyō Kanji
栗,chestnut চেস্টনাট,,10,2008,Jinmeiyō Kanji
遷,transfer/move স্থানান্তর করা,,15,2009,Jōyō Kanji
楠,camphor tree কর্পূর গাছ,,13,2010,Jinmeiyō Kanji
献,offer/dedicate নিবেদন করা/উৎসর্গ করা,,13,2011,Jōyō Kanji
閲,review/inspect পর্যালোচনা করা/পরীক্ষা করা,,15,2012,Jōyō Kanji
閑,leisure/quiet অবসর/নিরিবিলি,,12,2013,Jōyō Kanji
潤,moisture/profit আর্দ্রতা/লাভ,,15,2014,Jōyō Kanji
排,reject/exclude প্রত্যাখ্যান করা/বাদ দেওয়া,,11,2015,Jōyō Kanji
侯,feudal lord/Marquis সামন্ত প্রভু/মারকুইস,,9,2016,Jōyō Kanji
緯,latitude অক্ষাংশ,,16,2017,Jōyō Kanji
軒,house/eaves বাড়ি/কার্নিশ,,10,2018,Jōyō Kanji
叙,narrate/describe বর্ণনা করা,,9,2019,Jōyō Kanji
瀬,shallows/rapids অগভীর জল/স্রোত,,19,2020,Jōyō Kanji
勅,imperial order সম্রাটের আদেশ,,9,2021,Jōyō Kanji
疎,neglect/distant অবহেলা করা/দূরবর্তী,,12,2022,Jōyō Kanji
倹,frugal/economical মিতব্যয়ী/সাশ্রয়ী,,10,2023,Jōyō Kanji
勲,merit/medal কৃতিত্ব/পদক,,15,2024,Jōyō Kanji
薫,fragrance/aroma সুগন্ধ/সুবাস,,16,2025,Jōyō Kanji
痴,foolishness/foolish বোকামি/বোকা,,13,2026,Jōyō Kanji
痘,smallpox/pox গুটিবসন্ত,,12,2027,Jōyō Kanji
疾,illness/rapid disease রোগ/দ্রুত,,10,2028,Jōyō Kanji
疫,epidemic/plague মহামারি,,9,2029,Jōyō Kanji
匿,hide/conceal লুকানো/গোপন করা,,10,2030,Jōyō Kanji
匠,craftsman/artisan কারিগর/শিল্পী,,6,2031,Jōyō Kanji
匹,counter for animals/animal পশুর গণনাসূচক শব্দ/পশু,,4,2032,Jōyō Kanji
枢,pivot/hinge কেন্দ্রবিন্দু/কবজা,,8,2033,Jōyō Kanji
杉,cedar সিডার গাছ,,7,2034,Jōyō Kanji
彩,color/coloring রং/রঙ করা,,11,2035,Jōyō Kanji
彰,clarify/distinguish স্পষ্ট করা/চিহ্নিত করা,,14,2036,Jōyō Kanji
彦,young man/person পুরুষ/যুবক,,9,2037,Jinmeiyō Kanji
須,necessarily/need অবশ্যই/প্রয়োজন,,12,2038,Jōyō Kanji
紋,crest/emblem প্রতীক/চিহ্ন,,10,2039,Jōyō Kanji
斎,purification/abstinence শুদ্ধিকরণ/সংযম,,11,2040,Jōyō Kanji
粛,solemn/quiet গম্ভীর/নীরব,,11,2041,Jōyō Kanji
塁,base/fortress ঘাঁটি/দুর্গ,,12,2042,Jōyō Kanji
摂,take in/administer গ্রহণ করা/পরিচালনা করা,,13,2043,Jōyō Kanji
赦,pardon/forgive ক্ষমা করা/ক্ষমা,,11,2044,Jōyō Kanji
蛮,barbarian বর্বর,,12,2045,Jōyō Kanji
把,grip/hold আঁকড়ে ধরা/ধরা,,7,2046,Jōyō Kanji
艶,gloss/charm উজ্জ্বলতা/আকর্ষণ,,19,2047,Jōyō Kanji
肥,fat/fertilize মোটা/সার দেওয়া,,8,2048,Jōyō Kanji
某,certain/some নির্দিষ্ট/কোনো এক,,9,2049,Jōyō Kanji
謀,plot/plan ষড়যন্ত্র করা/পরিকল্পনা করা,,16,2050,Jōyō Kanji
媒,medium/mediate মাধ্যম/মধ্যস্থতা করা,,12,2051,Jōyō Kanji
欺,deceive/cheat প্রতারণা করা,,12,2052,Jōyō Kanji
棋,chess piece/board game দাবার ঘুঁটি/বোর্ড খেলা,,12,2053,Jōyō Kanji
甚,very/extreme অত্যন্ত/চরম,,9,2054,Jōyō Kanji
堪,endure/tolerate সহ্য করা,,12,2055,Jōyō Kanji
遺,leave behind/inherit রেখে যাওয়া/উত্তরাধিকার,,15,2056,Jōyō Kanji
租,rent/tax ভাড়া/কর,,10,2057,Jōyō Kanji
阻,obstruct/prevent বাধা দেওয়া/প্রতিরোধ করা,,8,2058,Jōyō Kanji
宜,suitable/appropriate উপযুক্ত,,8,2059,Jōyō Kanji
譜,music score/record সঙ্গীতের স্বরলিপি/নথি,,19,2060,Jōyō Kanji
顕,appear/visible প্রকাশ পাওয়া/দৃশ্যমান,,18,2061,Jōyō Kanji
繊,fine/fiber সূক্ষ্ম/তন্তু,,17,2062,Jōyō Kanji
霊,spirit/soul আত্মা,,15,2063,Jōyō Kanji
翼,wing ডানা,,17,2064,Jōyō Kanji
恭,respectful/reverent শ্রদ্ধাশীল,,10,2065,Jōyō Kanji
殿,palace/lord প্রাসাদ/প্রভু,,13,2066,Jōyō Kanji
耕,cultivate/plow চাষ করা/লাঙল চালানো,,10,2067,Jōyō Kanji
亜,Asia/sub- এশিয়া/উপ-,,7,2068,Jōyō Kanji
倫,ethics/order নীতি/শৃঙ্খলা,,10,2069,Jōyō Kanji
浦,bay/shore উপসাগর/তীর,,10,2070,Jōyō Kanji
邸,residence/mansion বাসভবন/প্রাসাদ,,8,2071,Jōyō Kanji
郭,enclosure/outer wall ঘের/বাহিরের প্রাচীর,,11,2072,Jōyō Kanji
邦,country/nation দেশ/জাতি,,7,2073,Jōyō Kanji
郎,son/young man পুত্র/যুবক,,9,2074,Jōyō Kanji
循,follow/circulate অনুসরণ করা/পরিভ্রমণ করা,,12,2075,Jōyō Kanji
逓,relay/deliver পর্যায়ক্রমে পাঠানো/সরবরাহ করা,,10,2076,Jōyō Kanji
后,empress/queen সম্রাজ্ঞী/রানি,,6,2077,Jōyō Kanji
幻,illusion/fantasy মায়া/কল্পনা,,4,2078,Jōyō Kanji
嗣,heir/successor উত্তরাধিকারী/উত্তরসূরি,,13,2079,Jōyō Kanji
舶,ship/vessel জাহাজ/জলযান,,11,2080,Jōyō Kanji
盤,tray/board ট্রে/ফলক,,15,2081,Jōyō Kanji
搬,carry/transport বহন করা/পরিবহন করা,,13,2082,Jōyō Kanji
艦,warship/naval vessel যুদ্ধজাহাজ/নৌযান,,21,2083,Jōyō Kanji
艇,boat/craft নৌকা/জলযান,,13,2084,Jōyō Kanji
瓜,melon/ gourd তরমুজজাতীয় ফল/লাউজাতীয় ফল,,6,2085,Jinmeiyō Kanji
繭,cocoon গুটিপোকা,,18,2086,Jōyō Kanji
衷,inner feelings/heart অন্তরের অনুভূতি/মনের কথা,,9,2087,Jōyō Kanji
覇,domination/hegemony আধিপত্য/প্রভুত্ব,,19,2088,Jōyō Kanji
呉,give/receive দেওয়া/গ্রহণ করা,,7,2089,Jōyō Kanji
函,box/case বাক্স/পাত্র,,8,2090,Jinmeiyō Kanji
牙,tusk/fang দাঁত/দাঁড়া,,4,2091,Jōyō Kanji
雅,elegant/graceful মার্জিত/রুচিশীল,,13,2092,Jōyō Kanji
藩,domain/fief সামন্ত অঞ্চল/জমিদারি,,18,2093,Jōyō Kanji
耗,consume/decline ক্ষয় করা/হ্রাস পাওয়া,,10,2094,Jōyō Kanji
託,entrust/delegate ন্যস্ত করা/দায়িত্ব দেওয়া,,10,2095,Jōyō Kanji
脹,swell ফুলে ওঠা,,12,2096,Jinmeiyō Kanji
喪,mourning/loss শোক/ক্ষতি,,12,2097,Jōyō Kanji
禅,Zen meditation জেন ধ্যান,,13,2098,Jōyō Kanji
誉,honor/praise সম্মান/প্রশংসা,,13,2099,Jōyō Kanji
猟,hunting শিকার,,11,2100,Jōyō Kanji
鶴,crane সারস,,21,2101,Jōyō Kanji
烏,crow দাঁড়কাক,,10,2102,Jinmeiyō Kanji
蔦,ivy লতানো উদ্ভিদ,,14,2103,Jinmeiyō Kanji
媛,princess/lady রাজকন্যা/নারী,,12,2104,Jōyō Kanji
嘱,entrust/request ন্যস্ত করা/অনুরোধ করা,,15,2105,Jōyō Kanji
愚,foolish/stupid বোকা/নির্বোধ,,13,2106,Jōyō Kanji
塑,model/sculpture গঠন করা/ভাস্কর্য,,13,2107,Jōyō Kanji
岡,hill পাহাড়/টিলা,,8,2108,Jōyō Kanji
鋼,steel ইস্পাত,,16,2109,Jōyō Kanji
剛,strong/tough শক্ত/দৃঢ়,,10,2110,Jōyō Kanji
陶,pottery/ceramics মৃৎশিল্প/মাটির পাত্র,,11,2111,Jōyō Kanji
謡,folk song/chant লোকগান/গীত,,16,2112,Jōyō Kanji
懇,earnest/kind আন্তরিক/সদয়,,17,2113,Jōyō Kanji
墾,cultivate/reclaim চাষের জন্য জমি পরিষ্কার করা,,16,2114,Jōyō Kanji
逸,escape/deviate পালিয়ে যাওয়া/বিচ্যুত হওয়া,,11,2115,Jōyō Kanji
駒,horse/pony ঘোড়া/টাট্টু ঘোড়া,,15,2116,Jōyō Kanji
騎,ride/horseman অশ্বারোহণ করা/অশ্বারোহী,,18,2117,Jōyō Kanji
篤,serious/kind গভীর/আন্তরিক,,16,2118,Jōyō Kanji
虎,tiger বাঘ,,8,2119,Jōyō Kanji
虜,captive/prisoner বন্দি/বন্দী ব্যক্তি,,13,2120,Jōyō Kanji
虚,empty/false শূন্য/মিথ্যা,,11,2121,Jōyō Kanji
戯,play/jest খেলা করা/পরিহাস করা,,15,2122,Jōyō Kanji
虞,fear/concern আশঙ্কা/ভয়,,13,2123,Jōyō Kanji
虐,cruelty/torment নিষ্ঠুরতা/নির্যাতন,,9,2124,Jōyō Kanji
慶,celebrate/congratulate উদযাপন করা/অভিনন্দন করা,,15,2125,Jōyō Kanji
寅,tiger/third zodiac sign বাঘ/রাশিচক্রের তৃতীয় চিহ্ন,,11,2126,Jinmeiyō Kanji
辰,morning/fifth zodiac sign সকাল/রাশিচক্রের পঞ্চম চিহ্ন,,7,2127,Jinmeiyō Kanji
辱,shame/humiliate অপমান/অপমান করা,,10,2128,Jōyō Kanji
鬼,demon/ogre দানব/ভূত,,10,2129,Jōyō Kanji
魂,soul/spirit আত্মা/প্রাণ,,14,2130,Jōyō Kanji
嚇,threaten/intimidate ভয় দেখানো/হুমকি দেওয়া,,17,2131,Jōyō Kanji
朕,I/we (imperial) আমি/আমরা (সম্রাটের ভাষা),,10,2132,Jōyō Kanji
箇,counter for items/individual item বস্তুর গণনাসূচক শব্দ/একটি বস্তু,,14,2133,Jōyō Kanji
錬,temper/refine শোধন করা/পরিশুদ্ধ করা,,16,2134,Jōyō Kanji
遵,obey/follow মেনে চলা/অনুসরণ করা,,15,2135,Jōyō Kanji
罷,quit/dismiss পদত্যাগ করা/বরখাস্ত করা,,15,2136,Jōyō Kanji
屯,station/encamp অবস্থান করা/শিবির স্থাপন করা,,4,2137,Jōyō Kanji
且,moreover/also তদুপরি/এছাড়াও,,5,2138,Jōyō Kanji
藻,algae/seaweed শৈবাল/সামুদ্রিক শৈবাল,,19,2139,Jōyō Kanji
隷,slave/servant দাস/ভৃত্য,,16,2140,Jōyō Kanji
癒,heal/cure সুস্থ করা/আরোগ্য করা,,18,2141,Jōyō Kanji
丹,red/red pigment লাল/লাল রঞ্জক,,4,2142,Jōyō Kanji
潟,lagoon/lake উপহ্রদ/হ্রদ,,15,2143,Jōyō Kanji
璃,glass/glassy substance কাচ/কাচজাত পদার্থ,,14,2144,Jōyō Kanji
臼,mortar হামানদিস্তা,,6,2145,Jōyō Kanji
毀,destroy/damage ধ্বংস করা/ক্ষতি করা,,13,2146,Jōyō Kanji
脊,spine/backbone মেরুদণ্ড,,10,2147,Jōyō Kanji
璽,seal/imperial seal সিলমোহর/রাজমোহর,,19,2148,Jōyō Kanji
妖,bewitching/mysterious রহস্যময়/মোহনীয়,,7,2149,Jōyō Kanji
沃,fertile/enrich উর্বর/সমৃদ্ধ করা,,7,2150,Jōyō Kanji
采,pick/gather বাছাই করা/সংগ্রহ করা,,8,2151,Jōyō Kanji
斬,cut/slash কেটে ফেলা/কুপিয়ে কাটা,,11,2152,Jōyō Kanji
巾,cloth/width কাপড়/প্রস্থ,,3,2153,Jōyō Kanji
僅,only/barely মাত্র/কষ্টেসৃষ্টে,,12,2154,Jōyō Kanji
侶,companion/partner সঙ্গী/সহচর,,9,2155,Jōyō Kanji
冶,smelt/forge ধাতু গলানো/গড়া,,7,2156,Jōyō Kanji
刹,moment/instant মুহূর্ত/ক্ষণ,,8,2157,Jōyō Kanji
剥,peel/strip খোসা ছাড়ানো/ছাড়িয়ে নেওয়া,,10,2158,Jōyō Kanji
勾,intersect/hook ছেদ করা/হুক,,4,2159,Jōyō Kanji
嘲,mock/deride উপহাস করা/বিদ্রূপ করা,,15,2160,Jōyō Kanji
咽,throat/gullet গলা,,9,2161,Jōyō Kanji
呪,curse/curse spell অভিশাপ/মন্ত্র,,8,2162,Jōyō Kanji
唄,folk song লোকগান,,10,2163,Jōyō Kanji
堆,pile/heap স্তূপ/গাদা,,11,2164,Jōyō Kanji
妬,jealousy/envy ঈর্ষা/হিংসা,,8,2165,Jōyō Kanji
嫉,jealous/envy ঈর্ষা করা/হিংসা করা,,13,2166,Jōyō Kanji
尻,buttocks/rear নিতম্ব/পেছনের অংশ,,5,2167,Jōyō Kanji
弥,increasingly/all the more ক্রমশ/আরও বেশি,,8,2168,Jōyō Kanji
捻,twist/twirl পাকানো/মোচড়ানো,,11,2169,Jōyō Kanji
捉,catch/grasp ধরা/আয়ত্ত করা,,10,2170,Jōyō Kanji
捗,progress অগ্রগতি,,10,2171,Jōyō Kanji
湧,surge/spring up উথলে ওঠা/উৎসারিত হওয়া,,12,2172,Jōyō Kanji
淫,lewdness/indulgence অশ্লীলতা/ভোগবিলাস,,11,2173,Jōyō Kanji
氾,flood/overflow বন্যা/উপচে পড়া,,5,2174,Jōyō Kanji
汎,all/general সর্বজনীন/সাধারণ,,6,2175,Jōyō Kanji
釜,cauldron/cooking pot কড়াই/বড় হাঁড়ি,,10,2176,Jōyō Kanji
萎,wither/shrivel শুকিয়ে যাওয়া/কুঁকড়ে যাওয়া,,11,2177,Jōyō Kanji
蔽,cover/obscure ঢেকে রাখা/আড়াল করা,,16,2178,Jōyō Kanji
芯,core/stem কেন্দ্র/কাণ্ড,,8,2179,Jōyō Kanji
藍,indigo নীল রং/ইন্ডিগো,,18,2180,Jōyō Kanji
蓋,cover/lid ঢাকনা/আবরণ,,14,2181,Jōyō Kanji
葛,kudzu/vine কুডজু লতা/লতা,,12,2182,Jōyō Kanji
旺,flourishing/vigorous সমৃদ্ধ/প্রাণবন্ত,,8,2183,Jōyō Kanji
腎,kidney বৃক্ক/কিডনি,,13,2184,Jōyō Kanji
肘,elbow কনুই,,9,2185,Jōyō Kanji
腺,gland গ্রন্থি,,13,2186,Jōyō Kanji
腫,swell/swelling ফুলে ওঠা/ফোলা,,13,2187,Jōyō Kanji
膳,meal/food খাবার/আহার,,16,2188,Jōyō Kanji
桁,beam/joist কড়ি/বিম,,10,2189,Jōyō Kanji
梗,stem/obstruction কাণ্ড/বাধা,,11,2190,Jōyō Kanji
椎,stone/vertebra/cedar শিরদাঁড়া/কশেরুকা,,12,2191,Jōyō Kanji
柵,fence/barrier বেড়া/প্রতিবন্ধক,,9,2192,Jōyō Kanji
煎,roast/boil ভাজা/সিদ্ধ করা,,13,2193,Jōyō Kanji
瑠,lapis lazuli/precious stone ল্যাপিস লাজুলি/মূল্যবান পাথর,,14,2194,Jōyō Kanji
斑,spots/pattern দাগ/ছোপ,,12,2195,Jōyō Kanji
弄,play with/manipulate নিয়ে খেলা করা/কারসাজি করা,,7,2196,Jōyō Kanji
玩,play/toy খেলা করা/খেলনা,,8,2197,Jōyō Kanji
畏,fear/awe ভয়/শ্রদ্ধাভয়,,9,2198,Jōyō Kanji
痕,mark/scar দাগ/ক্ষতচিহ্ন,,11,2199,Jōyō Kanji
窟,cave/cavern গুহা,,13,2200,Jōyō Kanji
裾,hem/lower edge পোশাকের নিচের অংশ/ঝুল,,14,2201,Jōyō Kanji
綻,unravel/split খুলে যাওয়া/ফেটে যাওয়া,,14,2202,Jōyō Kanji
舷,side of a ship জাহাজের পাশ,,11,2203,Jōyō Kanji
罵,insult/abuse গালি দেওয়া/অপমান করা,,16,2204,Jōyō Kanji
詮,clarify/examine ব্যাখ্যা করা/পরীক্ষা করা,,13,2205,Jōyō Kanji
貌,appearance/looks চেহারা/আকৃতি,,14,2206,Jōyō Kanji
賂,bribe ঘুষ,,13,2207,Jōyō Kanji
酎,distilled liquor পাতিত মদ,,10,2208,Jōyō Kanji
醒,wake up/clear-headed জেগে ওঠা/সচেতন,,16,2209,Jōyō Kanji
麺,noodles নুডলস,,16,2210,Jōyō Kanji
闇,darkness/obscurity অন্ধকার/অস্পষ্টতা,,17,2211,Jōyō Kanji
頓,suddenly/pause হঠাৎ/বিরতি,,13,2212,Jōyō Kanji
麓,foot of a mountain পাহাড়ের পাদদেশ,,19,2213,Jōyō Kanji
冥,darkness/underworld অন্ধকার/পরলোক,,10,2214,Jōyō Kanji
挫,frustrate/defeat হতাশ করা/পরাজিত করা,,11,2215,Jōyō Kanji
遡,go upstream/go back উজানে যাওয়া/পেছনে ফিরে যাওয়া,,14,2216,Jōyō Kanji
勃,rise/sudden surge হঠাৎ বৃদ্ধি/উত্থান,,9,2217,Jōyō Kanji
骸,skeleton/remains কঙ্কাল/অবশেষ,,16,2218,Jōyō Kanji
畿,capital region রাজধানী অঞ্চল,,15,2219,Jōyō Kanji
阜,hill/mound টিলা/ঢিবি,,8,2220,Jōyō Kanji
那,what/that/那 কী/সেটি,,6,2221,Jōyō Kanji
彙,category/collection শ্রেণি/সংকলন,,13,2222,Jōyō Kanji
拉,pull/drag টানা/হিড়হিড় করে নেওয়া,,8,2223,Jōyō Kanji
鬱,depression/gloom বিষণ্ণতা/অবসাদ,,29,2224,Jōyō Kanji
璧,jade disk/precious jewel জেড পাথরের চাকতি/মূল্যবান রত্ন,,18,2225,Jōyō Kanji
瘍,ulcer/skin sore ঘা/আলসার,,14,2226,Jōyō Kanji
踪,trace/footprint চিহ্ন/পদচিহ্ন,,15,2227,Jōyō Kanji
慄,shiver/tremble কাঁপা/শিহরিত হওয়া,,13,2228,Jōyō Kanji
傲,arrogant/proud অহংকারী/গর্বিত,,13,2229,Jōyō Kanji
喩,metaphor/illustrate রূপক/উদাহরণ দিয়ে বোঝানো,,12,2230,Jōyō Kanji
羞,shame লজ্জা,,11,2231,Jōyō Kanji
惧,fear ভয়,,11,2232,Jōyō Kanji
貪,greed/long for লোভ/আকাঙ্ক্ষা করা,,11,2233,Jōyō Kanji
塡,fill/insert পূরণ করা/ভরাট করা,,13,2234,Jōyō Kanji
緻,fine/detailed সূক্ষ্ম/নিখুঁত,,16,2235,Jōyō Kanji
辣,spicy/hot ঝাল/তীব্র,,14,2236,Jōyō Kanji
摯,sincere/earnest আন্তরিক/একনিষ্ঠ,,15,2237,Jōyō Kanji
諧,harmony/fit সামঞ্জস্য/সুরেলা,,16,2238,Jōyō Kanji
哺,nurse/feed স্তন্যপান করানো/খাওয়ানো,,10,2239,Jōyō Kanji
恣,self-indulgent/arbitrary স্বেচ্ছাচারী/খেয়ালী,,10,2240,Jōyō Kanji
憬,long for/aspire আকাঙ্ক্ষা করা/আশা করা,,15,2241,Jōyō Kanji
訃,obituary/death notice মৃত্যুসংবাদ,,9,2242,Jōyō Kanji
錮,lock/seal বন্ধ করা/আটকে রাখা,,16,2243,Jōyō Kanji
籠,basket/cage/contain ঝুড়ি/খাঁচা/আবদ্ধ করা,,22,2244,Jōyō Kanji
楷,model/standard আদর্শ/মানদণ্ড,,13,2245,Jōyō Kanji
頰,cheek গাল,,16,2246,Jōyō Kanji